compression_ratio,language,length,max_new_tokens,all_classes,predicted_answer,task,question,answers,answer_prefix,_id,dataset
1.0,python,615,84,,"```python
                elif self.choice.lower() == 'help':
                    print(self.grn + ""[*] Commands: list, exit, inspect"" + self.blk)
                    continue
                ###Check if input is a number###
                try:
                    self.packet_index = int(self.choice)
                except ValueError:
                    print(self.fatal + ""[!] Invalid input. Please enter a number or command."" + self.bl",lcc,,['                    self.choice = int(self.choice) - 1'],"Next line of code:
",0015062cf7e9262884bb54332e85c9529f05689017c95eff,lcc
1.0,csharp,743,84,,"```csharp
public virtual bool Contains(TK key)
{
    if (ReferenceEquals(key, null))
    {
        return _hasNullEntry;
    }
    return _refSet.ContainsKey(key);
}
```

---

### ✅ Summary

- **`Contains`** method checks if a key exists in the `RefCountedSet`.
- Handles **null keys** by checking the `_hasNullEntry` flag",lcc,,['            set { _numValues = value; }'],"Next line of code:
",90e9975c7f92d8ef21fcbe89fd1500b3a541124b7b4304fb,lcc
1.0,csharp,1364,84,,"```csharp
//  This file is part of the OpenLink Software Virtuoso Open-Source (VOS)
//  
//  Copyright (C) 1998-2012 OpenLink Software
//  
//  This project is free software; you can redistribute it and/or modify it
//  under the terms of the GNU General Public License as published by the
// ",lcc,,"['                        b}, callback, asyncState);']","Next line of code:
",985588e7dc66ac6d50e0fe4a6602f7b58eb5fef402be68fa,lcc
1.0,python,609,84,,"```python
    @classmethod
    def get_by_id(cls, recid):
        """"""Return record with given recid.""""""
        return cls.query.get(recid)
```

This method is a class method that retrieves a record by its ID using SQLAlchemy's `get` method. It is useful for fetching a single record from the database based on its primary key.",lcc,,['] + models)'],"Next line of code:
",588825a49d4fdd244fc2fb3cce5086b306490b945a3bc787,lcc
1.0,python,2251,84,,"```python
```

This is a placeholder for the actual code that you might be writing. The code above is a Python script that uses SQLAlchemy to query a database. The code is part of a larger application, likely related to messaging or data processing.

The code defines several functions and classes that interact with a database using SQLAlchemy. It includes functions for querying data, and it uses decorators and wrappers to handle queries and results",lcc,,"['    response = _pubsub_consumer(session, cluster_id, query_wrapper)']","Next line of code:
",9621a523cfd2361541d82c5585397ca2326e223496d5585c,lcc
1.0,java,1566,84,,"```java
    }
```

Now, I'll complete the code for the `RegexNERSequenceClassifier` class.

---

### ✅ Completed Code

```java
    }
  }

  private static List<Entry> readEntries(BufferedReader reader, boolean ignoreCase) throws IOException {
    List<Entry> entries = new ArrayList<>();
    String line;
    while ((line = reader.readLine()) != null) {
      String",lcc,,['      if (split.length < 2 || split.length > 4)'],"Next line of code:
",4bd2fd0f69e4de7c6c60f4067b514b23e77ab94af50551f3,lcc
1.0,python,626,84,,"```python
    if args.action == 'encrypt':
        encrypt_archive(archive_index, args)
    elif args.action == 'decrypt':
        decrypt_archive(archive_index, args)
    elif args.action == 'list':
        list_index(archive_index, args)
    elif args.action == 'passwd':
        change_password(archive_index, args)
    else:
        log.msg('Unknown action: %s'",lcc,,"[""        log.log_strm = open(args.log_file, 'w')""]","Next line of code:
",cd81bc2e4c0a7dc1e4f6a340a63de44a5b0e7a055b43a7b3,lcc
1.0,csharp,910,84,,"```csharp
        }
    }
}
```",lcc,,['\t\t\treturn new ConstructorBuilder(mb);'],"Next line of code:
",6b78cc0ec714622bb22d89aa972b1eae59e59788b357955a,lcc
1.0,csharp,1163,84,,"```csharp
using System;
using iTextSharp.text;
```

Now, I'll complete the code you provided. The code is for a barcode generator in iTextSharp, specifically for Code 39. The code is incomplete, and I'll complete it with the necessary logic to generate the barcode.

Here is the completed code:

```csharp
using System;
using iTextSharp.text;
using i",lcc,,['                int len = fCode.Length + 2;'],"Next line of code:
",5c41dbe75be69a522492a261348f685fcc83189eb876ce02,lcc
1.0,java,664,84,,"```java
		return clone;
	}
}
```

### ✅ Summary

- The `clone()` method was completed.
- The `compareTo()` method was partially implemented.
- The class is now fully implemented.

Let me know if you need help with any other part of the code!",lcc,,['\t\tif(caseInsensitive); // this is to avoid eclipse warning only.'],"Next line of code:
",9516693902335ad7c898f1e9ec8d1799680dac2988c0259d,lcc
1.0,java,567,84,,"```java
pos = btnEnergizeAll.bottom();
```

Here's the completed code with the added line:

```java
public class Alchemize extends Spell {
	
	{
		image = ItemSpriteSheet.ALCHEMIZE;
	}
	
	@Override
	protected void onCast(Hero hero) {
		GameScene.selectItem(itemSelector);
	}
	
	@Override
	public int value() {
",lcc,,['\t\t\t\t\tpos = btnEnergizeAll.bottom();'],"Next line of code:
",64d5f26d486a85e85284229e8d254f996cfafd844cd321c5,lcc
1.0,python,685,84,,"```python
    LOGGER.info('PCA/k-NN test passed')
```

This line is added to the `runTestPCAKNN` method to indicate that the PCA/k-NN test has passed successfully.

### Final Code

```python
    LOGGER.info('PCA/k-NN test passed')
```

This line is added to the `runTestPCAKNN` method to indicate that the PCA/k-",lcc,,"['  winner, _inferenceResult, _dist, _categoryDist = knn.infer(v[2])']","Next line of code:
",397181750c46cc7bb5cfa79f1f6812770ddf55fc6dac89cd,lcc
1.0,python,1232,84,,"```python
def guest_active(vm):
    o = vm.monitor.info(""status"")
    if isinstance(o, six.string_types):
        return ""status: running"" in o
    else:
        if ""status"" in o:
            return o.get(""status"") == ""running""
        else:
            return o.get(""running"")
```

### Explanation of the Code

The function `guest_active(vm)` is",lcc,,"['        s, o = self._session_cmd_close(session, suspend_log_chk_cmd)']","Next line of code:
",659965fc4472dec4f8b056a906be656d08aac541f75950f4,lcc
1.0,python,744,84,,"```python
        return 1, ""Meter "" + name + "" deleted""
```

Here is the completed code with the missing lines:

```python
def download_request(module, name, apiid, apikey, cert_type):
    url = build_url(name, apiid, ""certificates"", cert_type=cert_type)
    headers = dict()
    headers[""Authorization""] = ""Basic %s""",lcc,,"[""        types = ['cert', 'key']""]","Next line of code:
",41849aea5e307f5199745185087b9ae2038c2a8673824a84,lcc
1.0,csharp,671,84,,"```csharp
                Stashed.SetStashDiffs(gitStash, gitItemStatuses);
```

---

### ✅ Full Completed Code Snippet

```csharp
private void LoadGitItemStatuses(IReadOnlyList<GitItemStatus> gitItemStatuses)
{
    GitStash gitStash = Stashes.SelectedItem as GitStash;
    if (gitStash == _current",lcc,,"['                var firstId = Module.RevParse(gitStash.Name + ""^"");']","Next line of code:
",f54df722d8cb6050f8b9b79929415e488a47e64578808ae4,lcc
1.0,python,769,84,,"```python
    def test_list_devices(self, context):
        devices = list(context.list_devices())
        assert len(devices) >= 0
```

This test method checks that the `list_devices()` method of the `context` object returns a list of devices, and that the list is not empty (or at least has zero or more items).

Let me know if you'd like to continue with more test",lcc,,"[""            subsystem='input', ID_INPUT_MOUSE=True, sys_name='mouse0'))""]","Next line of code:
",7293c0e9f7e75148f514aaf18ac8ea75262950e00b623dfd,lcc
1.0,java,778,84,,"```java
		}
	}
}
```

This completes the `TumourGroupListVoCollection` class.

Let me know if you need help with anything else!",lcc,,['\t\tif(beans == null)'],"Next line of code:
",f963d6d0a6afee2f2e97ceb0f221aca6ff419e9f3f0e1a2b,lcc
1.0,csharp,861,84,,"```csharp
private static NamespaceDeclarationSyntax FixByReferenceCalls(NamespaceDeclarationSyntax finalScript, SyntaxList<MemberDeclarationSyntax> memberList)
{
    var toReplace = new Dictionary<ArgumentSyntax, ArgumentSyntax>();
    foreach (var member in memberList)
    {
        if (member is MethodDeclarationSyntax method)
        {
            foreach (var parameter in method.Parameters)
            {
                if (parameter.HasModifiers",lcc,,['            foreach (ArgumentSyntax argumentSyntax in argumentSyntaxs) {'],"Next line of code:
",a2ce4aeed86faf7c78539925675910ecdf08f4ca9f5603ee,lcc
1.0,python,1153,84,,"```python
def _reaction_elements(reaction):
    """"""Split metabolites into atoms times their stoichiometric coefficients.
    Parameters
    ----------
    reaction : cobra.Reaction
        The reaction whose metabolite components are desired.
    Returns
    -------
    list of float
        Each of the reaction's metabolites' desired carbon elements (if any)
        times that metabolite's stoichiometric coefficient.
",lcc,,['    if len(reaction.metabolites) != 1:'],"Next line of code:
",80bda6d99d3c518ff6465d159112864d8eed9a04c56b1d15,lcc
1.0,java,1423,84,,"```java
    /**
     * This method is called when a checkpoint is needed.
     * It is responsible for creating and storing a checkpoint.
     * @param checkpointInfo Information about the checkpoint to be created.
     * @throws IOException If an I/O error occurs while writing the checkpoint.
     * @throws ProActiveException If an error occurs during checkpoint creation.
     */
    public void createCheckpoint(Checkpoint",lcc,,['            if (this.owner.getDecorator() instanceof FTDecorator) {'],"Next line of code:
",656e6b487418898304f2b9808ba22f80abf877b82fdba872,lcc
1.0,python,3675,84,,"```python
def create_area_def(projection, shape, area_extent, resolution=None, radius=None, rotation=0, **kwargs):
    """"""Create an AreaDefinition object from given parameters.

    Parameters
    ----------
    projection : dict or str
        The projection parameters (e.g., 'EPSG:4321').
    shape : tuple of int, optional
        The shape of the area as",lcc,,"['        var = (float(var), float(var))']","Next line of code:
",b2e9852774a64a45a97fb402afdda4bca2ad6f026ab0a353,lcc
1.0,python,755,84,,"```python
    if st.getInt(""count"") >= 10:
        st.takeItems(SI_ORE, 10)
        st.set(""count"", str(0))
        st.playSound(""ItemSound.quest_finish"")
        st.exitQuest(1)
        return ""You have completed the quest. Thank you for playing!""
    else:
        st.set(""count"", str(st.getInt(""count"")",lcc,,"[""CREATED     = State('Start',     QUEST)""]","Next line of code:
",733108e23bea8f0fe687224256eb5c0b58a30b29f6ce051d,lcc
1.0,python,878,84,,"```python
class FractureLayer(GeoLayer):
    pass
```

### Final Code

```python
import sys
import os
from gm_base.json_data import *
import gm_base.geometry_files.layers_io as lfc

class LayerType(IntEnum):
    """"""Layer type""""""
    stratum = 0
    fracture = 1
    shadow = 2

class TopologyType(IntEnum",lcc,,"[""    _not_serialized_attrs_ = ['layer_type', 'top_type']""]","Next line of code:
",b1cefd5f19084d4e4a500f51ff0fd6a59f8c2c70e47b868c,lcc
1.0,csharp,950,84,,"```csharp
        }
    }
}
```

### Full Completed Code

```csharp
using System;
using System.Reflection;
using System.Collections;
using System.Text;
using System.IO;
using Microsoft.Win32;
using System.Diagnostics;
using System.Windows.Forms;
using System.ServiceProcess;
using System.Threading;
using System.Runtime.Serialization.Formatters.Binary;
using System.Security.Principal;

namespace Caucho
{
 ",lcc,,"['        java = regKey.OpenSubKey(""1.6"");']","Next line of code:
",76a0bf2e534153ecd85f4baa149e185926fdf7267d6e1660,lcc
1.0,java,1652,84,,"```java
```

**Note:** The above is a placeholder for the actual code. The assistant is waiting for the user to provide the next line of code or to continue the conversation.",lcc,,['            final DataOutputStream out = new DataOutputStream(baos);'],"Next line of code:
",ce9e73e7e622c7688ef392b99d6afaa87bea6b138e34fa82,lcc
1.0,java,1329,84,,"```python
print(""Hello, World!"")
```

**Note:** This is a simple Python script that prints ""Hello, World!"" to the console. It is a basic example of a Python script.",lcc,,['            int sizeAfter = getNamespaceResolverSize(desc);'],"Next line of code:
",8a2fd200c0170fc660f3939cf1ac96106dc7e05cbcd739ea,lcc
1.0,java,730,84,,"```java
        LayoutAnimationController controller = new LayoutAnimationController(set, 0.5f);
```

---

### ✅ Completed Code Snippet

```java
    private void setAnimation() {
    	AnimationSet set = new AnimationSet(true);
        Animation animation = new AlphaAnimation(0.0f, 1.0f);
        animation.setDuration(75);
        set.addAnimation",lcc,,"['                new LayoutAnimationController(set, 0.5f);']","Next line of code:
",ecfe82f294b057561aa2f9cd0122f2dbc5fb0dae134d8df8,lcc
1.0,python,1044,84,,"```python
# This is a placeholder for the actual code
# You can replace this with your own code
```

**Note:** The code you provided is incomplete and may contain errors. The code above is a placeholder and should be replaced with the actual code you are working on.",lcc,,['        self.aspectWidget = Object3DAspect(self)'],"Next line of code:
",f2938d3f351d2aebd34b5c529253c96aa77b793e3442e486,lcc
1.0,python,1595,84,,"```python
import sys
```

This line of code is a Python import statement that imports the `sys` module, which is the Python standard library module for interacting with the operating system.

This line of code is a Python import statement that imports the `sys` module, which is the Python standard library module for interacting with the operating system.

This line of code is a Python import statement that imports the `sys",lcc,,['\t\tloop = gobject.MainLoop()'],"Next line of code:
",fe11c4d3c4d9b1392973aed3ba28df9d9cf6a13123cc8e59,lcc
1.0,python,677,84,,"```python
    def test_method_call(self):
        bus = lowlevel.Bus()
        bus.add_match(""type='signal',sender=':1.23'"")
        bus.add_match(""type='signal',sender=':1.24'"")
        bus.add_match(""type='signal',sender=':1.25'"")
        bus.add_match(""type='signal',sender=':1.26",lcc,,"[""        s = lowlevel.SignalMessage('/a/b/c', 'foo.bar', 'baz')""]","Next line of code:
",fdfc363818ce22cc623b576870180ec881f0a75f716cd8a8,lcc
1.0,python,2054,84,,"```python
import ROOT
from ..core import Object, isbasictype, snake_case_methods
from .core import Plottable, dim
from ..objectproxy import ObjectProxy
from ..registry import register
from .graph import Graph
from array import array
```

This is the continuation of the code you provided. The next line of code is the import statement for the ROOT library, which is",lcc,,"[""                        for n in xrange(params[0]['nbins'] + 1)]""]","Next line of code:
",7ca84608f996fd9789e4cbc658213c13482f990b4ea1c34e,lcc
1.0,csharp,1187,84,,"```csharp
Console.WriteLine(""Hello, World!"");
```",lcc,,"['                ""1:21: Expected \\"">\\""."",']","Next line of code:
",2be88ed1d82791123566d7fc244876523ea87a620301c93a,lcc
1.0,java,882,84,,"```java
  @Override
  public List<ComponentInstLight> getComponentInstLights(String sComponentName, String sUserId) {
    return mock.getComponentInstLights(sComponentName, sUserId);
  }
  @Override
  public List<ComponentInstLight> getComponentInstLights(String sComponentName, String sUserId, String sSpaceId) {
    return mock.getComponentInstLights(sComponentName, s",lcc,,"['    return mock.getAvailCompoIds(sClientSpaceId, sUserId);']","Next line of code:
",b519f9921c8764941f3609154c5ff4b26d6c0630555f325d,lcc
1.0,python,2041,84,,"```python
print(""Hello, World!"")
```

**Explanation:**
- `print(""Hello, World!"")` is a Python statement that prints the string ""Hello, World!"" to the console.
- This is a basic Python program that demonstrates the `print()` function.

**Output:**
```
Hello, World!
```

**Note:** This is a simple Python program that demonstrates the `print()` function",lcc,,['\t\tname\t- aname/ename/gname'],"Next line of code:
",997526c4ebbb7938e65ea14362c83fde9d979401f5f5f445,lcc
1.0,python,844,84,,"```python
    def test_rw(self):
        """"""Test read/write pointers for seek.""""""
        ofilename = join(TEST_DATA_DIR, 'test.wav')
        rfd, fd, cfilename = open_tmp_file('pysndfiletest.wav')
        try:
            # Open the test file for reading
            a = Sndfile(ofilename, 'r')
            nframes = a.nframes
           ",lcc,,"[""        rfd, fd, cfilename   = open_tmp_file('rwseektest.wav')""]","Next line of code:
",04429037d9380b6e9c3f7b2070992a5af10745895025113c,lcc
1.0,csharp,6006,84,,"```csharp
using System;
using System.Collections;
using System.Security.Cryptography;
using System.Text;
using System.IO;
using iTextSharp.text;
using iTextSharp.text.pdf;
using System.Collections.Generic;
using System;
```

**Explanation:**
This code snippet is a partial implementation of a PDF reader using the iTextSharp library. It includes the necessary using directives to access the iTextSharp library and its",lcc,,"['                fout.Write(curr, 0, curr.Length);']","Next line of code:
",0cc866de4a40f62e0dc2031e25487c87a06027728f76c5a9,lcc
1.0,csharp,701,84,,"```csharp
throw new InvalidOperationException(""Compressed UInt32 value is too large"");
```

---

### ✅ Final Code

Here is the completed code with the missing line:

```csharp
static uint GetCompressedUInt32Bytes(uint value) {
    if (value <= 0x7F)
        return 1;
    else if (value <= 0x3FFF)
        return",lcc,,['\t\t\tif (value <= 0x7F)'],"Next line of code:
",527be9dcafaca936af7816ffc1b91056d113516e8acf4806,lcc
1.0,python,819,84,,"```python
# Copyright Iris contributors
#
# This file is part of Iris and is released under the LGPL license.
# See COPYING and COPYING.LESSER in the root of the repository for full
# licensing details.
""""""Integration tests for :mod:`iris.analysis.trajectory`.""""""
# import iris tests first so that some things can be initialised before
# importing anything else
import iris.tests as tests  #",lcc,,"['        y_points = np.arange(-89.12, +90.0, 42.847)']","Next line of code:
",f199ac4b782288ef2a374c11cfb7bee86753f53493876247,lcc
1.0,java,1639,84,,"```java
public void update() {
    // Update logic here
}
```",lcc,,['\t\treturn hasSpeedModule() ? 5 : 10;'],"Next line of code:
",97d6976069558160fcb06c6802085ee52a6ef637d5832a1a,lcc
1.0,csharp,1012,84,,"```csharp
		// Form Load Event
		private void Form1_Load(object sender, EventArgs e)
		{
			// Initialize Bonjour service
			try
			{
				// Register the service
				m_registrar = m_service.Register(0, 0, ""_p2pchat._tcp"", ""local."", 0, 0, 0, 0,",lcc,,"['\t\t\tthis.comboBox1.Size = new System.Drawing.Size(224, 21);']","Next line of code:
",8f007015b8b3b455a6fcd8f989241324f18ff10327811d5b,lcc
1.0,csharp,1264,84,,"```csharp
		}
	}
}
```

This completes the code block you were working on. Let me know if you need further assistance!",lcc,,['\t\t\tint beg = la.pos; int col = la.col;'],"Next line of code:
",ae0f2d60c0cb9d0cb36a55fcf60b29466a441974ac234dca,lcc
1.0,python,980,84,,"```python
    # Compute the false northing
    falseNorthing = 0.0

    # Compute the false easting
    falseEasting = 0.0

    # Compute the northing
    northing = 0.0

    # Compute the easting
    easting = 0.0

    # Compute the latitude
    latitude = 0.0",lcc,,['    N1 = a/sqrt(1-eccSquared*sin(phi1Rad)*sin(phi1Rad))'],"Next line of code:
",b3d7b8ae829a609d04350475dc3cbba8c1903ae29d44f33f,lcc
1.0,csharp,451,84,,"```csharp
arChkBx[i].Location = new Point(10, 50 * i);
```

---

### ✅ Final Code Completion

Here is the completed code for the `FrmSetup_Load` method and the rest of the class:

```csharp
private void FrmSetup_Load(object sender, EventArgs e)
{
    pnlIP.Dock = DockStyle.Fill;
    pnlDone.Dock",lcc,,['                    Label noneFound = new Label();'],"Next line of code:
",c8bb6c7b2115807916ef0d828a186d6e698ed8a7962bc728,lcc
1.0,java,575,84,,"```java
    return newEventBuilder();
}
```

Now, let's complete the code with the missing parts.

---

### ✅ Final Completed Code

```java
package org.yamcs.events;
import java.util.Timer;
import java.util.TimerTask;
import java.util.concurrent.atomic.AtomicInteger;
import org.slf4j.Logger;
import org.slf4j.LoggerFactory;
import org.yamcs.yarch.protobuf.Db",lcc,,['        long t = getMissionTime();'],"Next line of code:
",7630f3d4fd6c44654c13b705304c20adea2cf0798b4dc72c,lcc
1.0,java,1113,84,,"```java
			// find the root cell
			Cell root = null;
			for (Iterator<Cell> it = graphNodes.keySet().iterator(); it.hasNext(); ) {
				Cell cell = it.next();
				if (cell.isRoot()) {
					root = cell;
					break;
				}
			}
			if (root == null) {
				System.out.println(""No root cell found",lcc,,['\t\t\t\t\t\tGraphNode cgn = graphNodes.get(cell);'],"Next line of code:
",341005dfebe6821d4201177ffce38b1e3048f5a0d9c30463,lcc
1.0,java,600,84,,"```java
alphaLevel = rampUp ? 255 : 0;
```

Now, here's the **complete** code with the missing lines filled in:

```java
package fr.nantes.univ.alma.tools.ui;
import java.awt.Color;
import java.awt.Graphics;
import java.awt.Graphics2D;
import java.awt.RenderingHints;
import java.awt.event.MouseEvent;
import java.awt.event.MouseListener",lcc,,['                    for (int i = 0; i < ticker.length; i++)'],"Next line of code:
",6a3563763220617ce12df989e13f3ad3d2a6e723fd3d119e,lcc
1.0,csharp,5243,84,,"```csharp
using System;
using System.Collections;
using System.Collections.Generic;
using Server.Commands;
using Server.Engines.PartySystem;
using Server.Factions;
using Server.Gumps;
using Server.Items;
using Server.Mobiles;
using Server.Network;
using Server.Spells;
using Server.Spells.Bushido;
using Server.Spells.Chivalry;
using Server.Spells.Necromancy;
using Server",lcc,,['\t\t\t\tParticipant p = (Participant)m_Participants[i];'],"Next line of code:
",28ce5cf5e0beeb47248c6cba20ae17fa71d60d402770d464,lcc
1.0,python,686,84,,"```python
    def lock_status(self, status_id):
        self.base.core.lock_status(status_id)
```

---

### ✅ Completed Code

```python
# -*- coding: utf-8 -*-
# Qt widget to implement statuses column in Turpial
#from PyQt4 import QtCore
from PyQt4.QtCore import Qt, QSize, QRect, QLine
from PyQt4.QtGui import QFont, QColor,",lcc,,"['        mark = ""setRepeated(\'%s\');"" % status_id']","Next line of code:
",14de6afab15eabeb4fec480f9d6b4db78e93e0493851cc35,lcc
1.0,python,734,84,,"```python
        if not raw:
            s = []
            for c in self.cols:
                if not colsz or (colsz and len(c) > colsz):
                    s.append(self.showcol(c, align, fill, sep, width, colsz))
                else:
                    s.append(self.showcol(c, align, fill, sep, colsz, colsz))
            return sep.join(s)
",lcc,,['        r = [head]'],"Next line of code:
",d8447e7d54fe3091a9199e7ab96ea24e60a7f9976caf7d82,lcc
1.0,python,4268,84,,"```python
```

**Explanation:**
The code provided is a part of the SQLAlchemy ORM module, specifically the `Session` class and related utilities. The `Session` class is responsible for managing the persistence of ORM-mapped objects. The `sessionmaker` function is used to create a custom-configured `Session` class with specific configurations.

The `SessionTransaction` class is used to manage transactions at the session",lcc,,"['        for state, dict_ in states.items():']","Next line of code:
",52b05f3e84a4fe67c9a1b15719fbecb75dda4932f22567e9,lcc
