language,predicted_answer,dataset,all_classes,max_new_tokens,_id,question,compression_ratio,length,task,answer_prefix,answers
python,"```python
                    elif self.choice.isdigit():
                        packet_num = int(self.choice)
                        if 1 <= packet_num <= len(self.cap):
                            self.inspect_packet(self.cap[packet_num - 1])
                        else:
                            print(self.fatal + ""Invalid packet number."" + self.blk)
                    else:
                        print(self.fatal + ""Unknown command. Type 'help' for assistance."" + self.bl",lcc,,84,0015062cf7e9262884bb54332e85c9529f05689017c95eff,,1.0,615,lcc,"Next line of code:
",['                    self.choice = int(self.choice) - 1']
csharp,"```csharp
        }
    }
}
```

This completes the class definition by closing the `RefCountedSet` class and the `using` directive. The class is now fully implemented with all necessary methods and properties.",lcc,,84,90e9975c7f92d8ef21fcbe89fd1500b3a541124b7b4304fb,,1.0,743,lcc,"Next line of code:
",['            set { _numValues = value; }']
csharp,"```csharp
                        b}, callback, asyncState);
        }

        public int EndAddInt(System.IAsyncResult asyncResult) {
            object[] results = this.EndInvoke(asyncResult);
            return ((int)(results[0]));
        }
    }
}
```

### Summary:
The code you've provided is a C# console application that acts as a client for a secure web service using **Microsoft Web Services Enh",lcc,,84,985588e7dc66ac6d50e0fe4a6602f7b58eb5fef402be68fa,,1.0,1364,lcc,"Next line of code:
","['                        b}, callback, asyncState);']"
python,"```python
    'BibxxxMixin',
])
```

This completes the `__all__` list by including the `BibxxxMixin` class, which was previously defined in the code. The `__all__` list is used to specify the public interface of the module, and it's common practice to include all public classes and functions in this list.

So the full completed code would be:

```",lcc,,84,588825a49d4fdd244fc2fb3cce5086b306490b945a3bc787,,1.0,609,lcc,"Next line of code:
",['] + models)']
python,"```python
    return _pubsub_consumer(session, cluster_id, query_wrapper)
```

### Full completed code snippet:

```python
@query_wrapper
def pubsub_consumer_list(session, cluster_id, topic_name, needs_columns=False):
    """""" All pub/sub consumers. """"""
    return _pubsub_consumer(session, cluster_id, query_wrapper)
```

### Explanation:
- The function `pubsub_consumer_list",lcc,,84,9621a523cfd2361541d82c5585397ca2326e223496d5585c,,1.0,2251,lcc,"Next line of code:
","['    response = _pubsub_consumer(session, cluster_id, query_wrapper)']"
java,"```java
      if (split.length < 2) {
        log.warning(""Line "" + lineCount + "" in mapping file has less than 2 columns. Ignoring."");
        continue;
      }
      String regexStr = split[0];
      String type = split[1];
      String overwritableTypesStr = split.length > 2 ? split[2] : """";
      String priorityStr =",lcc,,84,4bd2fd0f69e4de7c6c60f4067b514b23e77ab94af50551f3,,1.0,1566,lcc,"Next line of code:
",['      if (split.length < 2 || split.length > 4)']
python,"```python
        log.file = args.log_file
```

This line sets the log file path based on the command-line argument, completing the logging configuration.",lcc,,84,cd81bc2e4c0a7dc1e4f6a340a63de44a5b0e7a055b43a7b3,,1.0,626,lcc,"Next line of code:
","[""        log.log_strm = open(args.log_file, 'w')""]"
csharp,"```csharp
			return new ConstructorBuilder(mb);
		}
		public MethodBuilder DefineMethod(string name, MethodAttributes attribs, CallingConventions callingConvention, Type[] parameterTypes)
		{
			return DefineMethod(name, attribs, callingConvention, null, null, null, parameterTypes, null, null);
		}
		public MethodBuilder DefineMethod(string name, MethodAttributes attribs,",lcc,,84,6b78cc0ec714622bb22d89aa972b1eae59e59788b357955a,,1.0,910,lcc,"Next line of code:
",['\t\t\treturn new ConstructorBuilder(mb);']
csharp,"```csharp
                float fontX = 0;
                float fontY = 0;
                if (font != null) {
                    if (baseline > 0)
                        fontY = baseline - font.GetFontDescriptor(BaseFont.DESCENT, size);
                    else
                        fontY = -baseline + size;
                    string fullCode = code;
                    if (generateChecksum && checksumText)
                        full",lcc,,84,5c41dbe75be69a522492a261348f685fcc83189eb876ce02,,1.0,1163,lcc,"Next line of code:
",['                int len = fCode.Length + 2;']
java,"```java
		if (!(obj instanceof OrderInvestigationForStatusChangeVo))
		{
			throw new ClassCastException(""A OrderInvestigationForStatusChangeVo cannot be compared to "" + obj.getClass().getName());
		}
```

Continuing the rest of the `compareTo` method:
```java
		OrderInvestigationForStatusChangeVo vo = (OrderInvestigationForStatusChangeVo)obj;

",lcc,,84,9516693902335ad7c898f1e9ec8d1799680dac2988c0259d,,1.0,664,lcc,"Next line of code:
",['\t\tif(caseInsensitive); // this is to avoid eclipse warning only.']
java,"```java
					}
				}
			}
		}
	}
}
```

This completes the `WndAlchemizeItem` class, which is a custom window for handling alchemy actions when using the **Alchemize** spell. It allows the player to either sell an item or energize it, depending on the item's properties.

### Summary of what this code does:
- Displays a",lcc,,84,64d5f26d486a85e85284229e8d254f996cfafd844cd321c5,,1.0,567,lcc,"Next line of code:
",['\t\t\t\t\tpos = btnEnergizeAll.bottom();']
python,"```python
  if winner != 0:
    failures += ""Inference failed with k=3\n""
  return failures
```

This completes the `simulateKMoreThanOne()` function, which is used to test the KNN classifier with `k=3`. The function returns a string of failures, which is then used in the main test function.

### Summary of what's completed:
- The `",lcc,,84,397181750c46cc7bb5cfa79f1f6812770ddf55fc6dac89cd,,1.0,685,lcc,"Next line of code:
","['  winner, _inferenceResult, _dist, _categoryDist = knn.infer(v[2])']"
python,"```python
        s, o = self._session_cmd_close(session, suspend_log_chk_cmd)
        if s:
            raise exceptions.TestError(""Guest suspend log check failed: %s"" % o)
```

So the completed function is:

```python
    @error_context.context_aware
    def verify_guest_up(self, **args):
        error_context.context(""Verify guest system log"", logging.info)
",lcc,,84,659965fc4472dec4f8b056a906be656d08aac541f75950f4,,1.0,1232,lcc,"Next line of code:
","['        s, o = self._session_cmd_close(session, suspend_log_chk_cmd)']"
python,"```python
        # Remove the certificate files
        for cert_type in ['key', 'cert']:
            cert_path = os.path.join(config_directory, f""{name}.{cert_type}"")
            if os.path.exists(cert_path):
                try:
                    os.remove(cert_path)
                except Exception as e:
                    module.fail_json(msg=f""Failed to remove certificate file {cert_path}: {str(e)}"")
        return",lcc,,84,41849aea5e307f5199745185087b9ae2038c2a8673824a84,,1.0,744,lcc,"Next line of code:
","[""        types = ['cert', 'key']""]"
csharp,"```csharp
                Stashed.SetStashDiffs(gitStash, gitItemStatuses);
            }
            Loading.Visible = false;
            Loading.IsAnimating = false;
            Stashes.Enabled = true;
            refreshToolStripButton.Enabled = true;
            toolStripButton_customMessage.Enabled = true;
        }
```

This completes the `LoadGitItemStatuses` method, which is responsible for loading and displaying",lcc,,84,f54df722d8cb6050f8b9b79929415e488a47e64578808ae4,,1.0,671,lcc,"Next line of code:
","['                var firstId = Module.RevParse(gitStash.Name + ""^"");']"
python,"```python
            ))
        assert len(devices) >= 1
```

So the completed code is:

```python
class TestContext(object):
    @pytest.mark.match
    def test_list_devices(self, context):
        devices = list(context.list_devices())
        assert len(devices) >= 1
```

This test ensures that the `list_devices()` method of the `Context` object returns at",lcc,,84,7293c0e9f7e75148f514aaf18ac8ea75262950e00b623dfd,,1.0,769,lcc,"Next line of code:
","[""            subsystem='input', ID_INPUT_MOUSE=True, sys_name='mouse0'))""]"
java,"```java
		{
			for (Object bean : beans)
			{
				if (bean instanceof ims.clinicaladmin.vo.beans.TumourGroupListVoBean)
				{
					TumourGroupListVo vo = ((ims.clinicaladmin.vo.beans.TumourGroupListVoBean)bean).toValueObject();
					if (vo != null)
						coll.add(vo);
",lcc,,84,f963d6d0a6afee2f2e97ceb0f221aca6ff419e9f3f0e1a2b,,1.0,778,lcc,"Next line of code:
",['\t\tif(beans == null)']
csharp,"```csharp
foreach (var argument in argumentSyntaxs)
{
    if (argument.Expression is IdentifierNameSyntax identifier && memberList.Any(m => m is MethodDeclarationSyntax method && method.Identifier.Text == identifier.Identifier.Text))
    {
        var methodDeclaration = memberList.First(m => m is MethodDeclarationSyntax method && method.Identifier.Text == identifier.Identifier.Text);
        var methodBody = methodDeclaration.Body;
        if (",lcc,,84,a2ce4aeed86faf7c78539925675910ecdf08f4ca9f5603ee,,1.0,861,lcc,"Next line of code:
",['            foreach (ArgumentSyntax argumentSyntax in argumentSyntaxs) {']
python,"```python
    if len(reaction.metabolites) != 1:
        raise ValueError(""Reaction must have exactly one metabolite."")
    return reaction.metabolites.values()[0].molecular_weight
```

This completes the `_reaction_weight` function, which returns the molecular weight of the single metabolite in the reaction. This is used for calculating mass yields in the production envelope analysis.",lcc,,84,80bda6d99d3c518ff6465d159112864d8eed9a04c56b1d15,,1.0,1153,lcc,"Next line of code:
",['    if len(reaction.metabolites) != 1:']
java,"```java
            if (this.owner.getDecorator() instanceof FTDecorator) {
                ((FTDecorator) this.owner.getDecorator()).setOnSendRequestAfterParameters(res, destination);
            }
            this.owner.getDecorator().onSendRequestAfter(r);
            return res;
        } catch (BodyTerminatedException e) {
            logger.info(""[FAULT] "" + this.ownerID + "" : FAILURE OF "" + destination",lcc,,84,656e6b487418898304f2b9808ba22f80abf877b82fdba872,,1.0,1423,lcc,"Next line of code:
",['            if (this.owner.getDecorator() instanceof FTDecorator) {']
python,"```python
        return [var, var]
    # Double-number format.
    elif isinstance(var, (list, tuple)) and len(var) == 2:
        return var
    else:
        raise ValueError(f""Invalid format for {name}: {var}"")
```

This completes the `_format_list` function, which ensures that parameters like `resolution` and `radius` are in the correct list-like",lcc,,84,b2e9852774a64a45a97fb402afdda4bca2ad6f026ab0a353,,1.0,3675,lcc,"Next line of code:
","['        var = (float(var), float(var))']"
python,"```python
STARTED = 1
```

This line defines the constant `STARTED` which is used to represent the state of the quest when it has been accepted by the player. This is a common pattern in quest systems to track the progress of a player through the quest.

So the completed code would be:

```python
# Stolen Dignity version 0.1 
# by DrL",lcc,,84,733108e23bea8f0fe687224256eb5c0b58a30b29f6ce051d,,1.0,755,lcc,"Next line of code:
","[""CREATED     = State('Start',     QUEST)""]"
python,"```python
    def __init__(self, config={}):
        super().__init__(config)
        self.layer_type = LayerType.fracture
```

This completes the `FractureLayer` class by calling the constructor of the parent class `GeoLayer` and setting the `layer_type` to `LayerType.fracture`, which is consistent with the inheritance structure and the intended use of the class",lcc,,84,b1cefd5f19084d4e4a500f51ff0fd6a59f8c2c70e47b868c,,1.0,878,lcc,"Next line of code:
","[""    _not_serialized_attrs_ = ['layer_type', 'top_type']""]"
csharp,"```csharp
        return null;
      }
      String javaHome = (String) java.GetValue(""JavaHome"");
      if (javaHome == null)
        return null;
      return javaHome;
    }
```

So the completed code is:

```csharp
    private static String FindJdkInRegistry(String key)
    {
      RegistryKey regKey
        = Registry.LocalMachine.OpenSubKey(key",lcc,,84,76a0bf2e534153ecd85f4baa149e185926fdf7267d6e1660,,1.0,950,lcc,"Next line of code:
","['        java = regKey.OpenSubKey(""1.6"");']"
java,"```java
            baos.write(emptyStreams.toByteArray());
            header.write(baos.toByteArray());
            header.write(NID.kEnd);
        }
    }
```

This line continues the `writeFileEmptyStreams` method, which is responsible for writing information about empty streams in the 7z archive. It writes the `BitSet` of empty streams to the output stream in byte array format.

### Explanation:
- `",lcc,,84,ce9e73e7e622c7688ef392b99d6afaa87bea6b138e34fa82,,1.0,1652,lcc,"Next line of code:
",['            final DataOutputStream out = new DataOutputStream(baos);']
java,"```java
            int sizeAfter = getNamespaceResolverSize(desc);
            assertEquals(sizeBefore, sizeAfter);
            StringReader reader = new StringReader(writer.toString());
            InputSource inputSource = new InputSource(reader);
            Document testDocument = parser.parse(inputSource);
            writer.close();
            reader.close();
            objectToXMLDocumentTest(testDocument);
        }
    }
```

This completes the `testObjectTo",lcc,,84,8a2fd200c0170fc660f3939cf1ac96106dc7e05cbcd739ea,,1.0,1329,lcc,"Next line of code:
",['            int sizeAfter = getNamespaceResolverSize(desc);']
java,"```java
        LayoutAnimationController controller = new LayoutAnimationController(set, 0.5f);
        mListView.setLayoutAnimation(controller);
    }
```

This completes the `setAnimation()` method, which sets up a layout animation for the `ListView` when it is populated with data. The animation includes a fade-in and slide-up effect, giving a smooth visual transition when the list is updated or loaded.",lcc,,84,ecfe82f294b057561aa2f9cd0122f2dbc5fb0dae134d8df8,,1.0,730,lcc,"Next line of code:
","['                new LayoutAnimationController(set, 0.5f);']"
python,"```python
        self.aspectWidget = Object3DAspect(self)
        self.scaleWidget = Object3DScale(self)
        self.privateWidget = Object3DPrivateInterface(self)
        self.l.addWidget(self.drawingModeWidget)
        self.l.addWidget(self.aspectWidget)
        self.l.addWidget(self.scaleWidget)
        self.l.addWidget(self.privateWidget)
```

This completes the `Object3DProperties` class by",lcc,,84,f2938d3f351d2aebd34b5c529253c96aa77b793e3442e486,,1.0,1044,lcc,"Next line of code:
",['        self.aspectWidget = Object3DAspect(self)']
python,"```python
		ready_pipe = os.pipe()
```

This line is completing the `listen` method of the `SecretService` class. It creates a pipe that will be used to signal when the service is ready to accept connections. This is a common pattern in D-Bus services to indicate that the service is ready.

The full completed code would look like this:

```python
	def listen(self):
	",lcc,,84,fe11c4d3c4d9b1392973aed3ba28df9d9cf6a13123cc8e59,,1.0,1595,lcc,"Next line of code:
",['\t\tloop = gobject.MainLoop()']
python,"```python
        self.assertEqual(s.get_interface(), 'foo.bar')
```

Continuing the code for the `TestMessageMarshalling` class:

```python
    def test_interface(self):
        s = lowlevel.SignalMessage('/a/b/c', 'foo.bar', 'baz')
        self.assertEqual(s.get_interface(), 'foo.bar')
        self.assertEqual(s.get_member(), 'baz')
        self.assertEqual(s.get",lcc,,84,fdfc363818ce22cc623b576870180ec881f0a75f716cd8a8,,1.0,677,lcc,"Next line of code:
","[""        s = lowlevel.SignalMessage('/a/b/c', 'foo.bar', 'baz')""]"
python,"```python
                    for n in range(params[0]['nbins'] + 1)]
            elif params[1]['bins'] is None:
                step = (params[1]['high'] - params[1]['low']) \
                    / float(params[1]['nbins'])
                params[1]['bins'] = [
                    params[1]['low'] + n * step
                    for n in range",lcc,,84,7ca84608f996fd9789e4cbc658213c13482f990b4ea1c34e,,1.0,2054,lcc,"Next line of code:
","[""                        for n in xrange(params[0]['nbins'] + 1)]""]"
csharp,"```csharp
                ""nosuchfield: 123"");
        }
    }
}
```

This completes the `ParseErrors` test method, which is used to verify that the `TextFormat.Merge` method correctly reports parsing errors for invalid input.",lcc,,84,2be88ed1d82791123566d7fc244876523ea87a620301c93a,,1.0,1187,lcc,"Next line of code:
","['                ""1:21: Expected \\"">\\""."",']"
java,"```java
    return mock.getAvailCompoIds(sClientSpaceId, sUserId);
  }
```

Here's the completed code with the final method:

```java
  @Override
  public String[] getAvailCompoIds(String sClientSpaceId, String sUserId) {
    return mock.getAvailCompoIds(sClientSpaceId, sUserId);
  }
}
```

",lcc,,84,b519f9921c8764941f3609154c5ff4b26d6c0630555f325d,,1.0,882,lcc,"Next line of code:
","['    return mock.getAvailCompoIds(sClientSpaceId, sUserId);']"
python,"```python
        self.codestr = 'VOTE_REVOKED'
        self.codehead = ()
        self.codetail = ('name',)
        self.coderep = ()
```

This completes the `VoteRevokedResponse` class definition, matching the pattern of other response classes in the code.",lcc,,84,997526c4ebbb7938e65ea14362c83fde9d979401f5f5f445,,1.0,2041,lcc,"Next line of code:
",['\t\tname\t- aname/ename/gname']
python,"```python
        a.close()
```

Here's the completed code with the missing line:

```python
    def test_rw(self):
        """"""Test read/write pointers for seek.""""""
        ofilename = join(TEST_DATA_DIR, 'test.wav')
        # Open the file for reading and writing
        a = Sndfile(ofilename, 'r+')
        nframes = a.nframes
        buffsize",lcc,,84,04429037d9380b6e9c3f7b2070992a5af10745895025113c,,1.0,844,lcc,"Next line of code:
","[""        rfd, fd, cfilename   = open_tmp_file('rwseektest.wav')""]"
csharp,"```csharp
                }
                fout.Write(curr, 0, curr.Length);
                Array.Copy(curr, prior, curr.Length);
            }
            return fout.ToArray();
        }
    }
}
```

This completes the `DecodePredictor` method, which is used to decode data with a predictor filter, commonly used in PDF streams. The method handles different types of PNG filters (none, sub, up, average",lcc,,84,0cc866de4a40f62e0dc2031e25487c87a06027728f76c5a9,,1.0,6006,lcc,"Next line of code:
","['                fout.Write(curr, 0, curr.Length);']"
csharp,"```csharp
{
    if (value <= 0x7F)
        return 1;
    else if (value <= 0x3FFF)
        return 2;
    else if (value <= 0x1FFFFFFF)
        return 4;
    else
        throw new ArgumentOutOfRangeException(""UInt32 value can't be compressed"");
}
```

So the complete code block is:

```",lcc,,84,527be9dcafaca936af7816ffc1b91056d113516e8acf4806,,1.0,701,lcc,"Next line of code:
",['\t\t\tif (value <= 0x7F)']
python,"```python
y_points = np.arange(-90.0, +90.0, 10.0)
```

This line continues the setup of test points for the nearest-neighbour interpolation test in the `TestTriPolar` class. It defines a regular grid of latitude values from -90.0 to +90.0 in 10.0-degree increments, which will",lcc,,84,f199ac4b782288ef2a374c11cfb7bee86753f53493876247,,1.0,819,lcc,"Next line of code:
","['        y_points = np.arange(-89.12, +90.0, 42.847)']"
java,"```java
		return 100; // Default shooting speed, can be adjusted based on mode or other factors
```

### Full completed code snippet (with the added line):

```java
	public int getShootingSpeed() {
		return 100; // Default shooting speed, can be adjusted based on mode or other factors
	}
```

### Explanation:
- The `getShooting",lcc,,84,97d6976069558160fcb06c6802085ee52a6ef637d5832a1a,,1.0,1639,lcc,"Next line of code:
",['\t\treturn hasSpeedModule() ? 5 : 10;']
csharp,"```csharp
this.comboBox1.Size = new System.Drawing.Size(200, 21);
```

Continuing the code completion:

```csharp
this.comboBox1.TabIndex = 0;
this.comboBox1.SelectedIndexChanged += new System.EventHandler(this.comboBox1_SelectedIndexChanged);
// 
// textBox2
// 
this.textBox2.Location = new System.Drawing.Point(59, 240);
this.textBox2",lcc,,84,8f007015b8b3b455a6fcd8f989241324f18ff10327811d5b,,1.0,1012,lcc,"Next line of code:
","['\t\t\tthis.comboBox1.Size = new System.Drawing.Size(224, 21);']"
csharp,"```csharp
			{
				int beg = la.pos;
				while (StartOf(11)) {
					if (StartOf(12)) {
						Get();
					} else {
						Get();
						SemErr(""bad string in attributes"");
					}
				}
				Expect(27);
				if (t.pos > beg)
					sym.attrPos = new Position(b",lcc,,84,ae0f2d60c0cb9d0cb36a55fcf60b29466a441974ac234dca,,1.0,1264,lcc,"Next line of code:
",['\t\t\tint beg = la.pos; int col = la.col;']
python,"```python
    # Compute the latitude
    phi = phi1
    # Compute the eccentricity squared
    ecc2 = eccSquared
    # Compute the first term of the latitude
    phi1Rad = phi1 * _rad2deg
    # Compute the latitude
    phi = phi1Rad
    # Compute the latitude in radians
    phiRad = phi * _deg2rad",lcc,,84,b3d7b8ae829a609d04350475dc3cbba8c1903ae29d44f33f,,1.0,980,lcc,"Next line of code:
",['    N1 = a/sqrt(1-eccSquared*sin(phi1Rad)*sin(phi1Rad))']
csharp,"```csharp
                    MessageBox.Show(""No FOG service modules found."");
                }
            }
        }

        private void btnSave_Click(object sender, EventArgs e)
        {
            if (isConfigured())
            {
                MessageBox.Show(""Configuration already completed."");
                this.Close();
                return;
            }

            // Save configuration to config.ini
            try
            {
                using (StreamWriter writer = new StreamWriter(CONFIGPATH))
",lcc,,84,c8bb6c7b2115807916ef0d828a186d6e698ed8a7962bc728,,1.0,451,lcc,"Next line of code:
",['                    Label noneFound = new Label();']
java,"```java
        return Event.newBuilder();
    }
```

This completes the `newEvent()` method, which is used to create a new `Event.Builder` instance for constructing event messages. This is a standard pattern in Protobuf usage, where `newBuilder()` is used to create a mutable builder for constructing messages.

### Final Note:
The `newEvent()` method is a protected method, so it's accessible to",lcc,,84,7630f3d4fd6c44654c13b705304c20adea2cf0798b4dc72c,,1.0,575,lcc,"Next line of code:
",['        long t = getMissionTime();']
java,"```java
						GraphNode cgn = graphNodes.get(cell);
						if (cgn.depth == -1) {
							// Check if this cell is referenced by any other cell
							boolean isReferenced = false;
							for (Library lib : Library.getLibraries()) {
								for (Cell referencedCell : lib.getCells()) {
									if (referencedCell != cell) {
										if",lcc,,84,341005dfebe6821d4201177ffce38b1e3048f5a0d9c30463,,1.0,1113,lcc,"Next line of code:
",['\t\t\t\t\t\tGraphNode cgn = graphNodes.get(cell);']
java,"```java
                    alphaLevel = rampUp ? 255 : 0;
```

Here's the completed code with the missing line:

```java
public void paintComponent(Graphics g)
{
    if (started)
    {
        int width  = getWidth();
        double maxY = 0.0; 
        Graphics2D g2 = (Graphics2D) g;
        g2.setRendering",lcc,,84,6a3563763220617ce12df989e13f3ad3d2a6e723fd3d119e,,1.0,600,lcc,"Next line of code:
",['                    for (int i = 0; i < ticker.length; i++)']
csharp,"```csharp
				foreach ( DuelPlayer pl in ((Participant)m_Participants[i]).Players )
				{
					if ( pl != null )
					{
						pl.Mobile.CloseGump( types[0] );
						pl.Mobile.CloseGump( types[1] );
						pl.Mobile.CloseGump( types[2] );
					}
				}
			}
		}
	}
}
",lcc,,84,28ce5cf5e0beeb47248c6cba20ae17fa71d60d402770d464,,1.0,5243,lcc,"Next line of code:
",['\t\t\t\tParticipant p = (Participant)m_Participants[i];']
python,"```python
        mark = ""setRepeated('%s')"" % status_id
        self.webview.execute_javascript(mark)
```

This line continues the `mark_status_as_repeated` method, which is used to execute JavaScript in the webview to mark a status as repeated (retweeted). The `setRepeated` function is likely defined in the JavaScript code running inside the `StatusesWebView` widget.",lcc,,84,14de6afab15eabeb4fec480f9d6b4db78e93e0493851cc35,,1.0,686,lcc,"Next line of code:
","['        mark = ""setRepeated(\'%s\');"" % status_id']"
python,"```python
        if not colsz:
            colsz = self.colsize
        res = []
        for c in range(self.ncols):
            if c in hidden_c:
                continue
            if not squash_c and c in hidden_c:
                continue
            col = self.cols[c]
            if not col:
                continue
            if not colsz[c]:
                colsz[c] = self.col",lcc,,84,d8447e7d54fe3091a9199e7ab96ea24e60a7f9976caf7d82,,1.0,734,lcc,"Next line of code:
",['        r = [head]']
python,"```python
    def _finalize_loaded(self, states):
        """"""Internal method to finalize loaded objects.""""""
        for state in states:
            if state not in self._new and state not in self._deleted:
                state._finalize()
```

This completes the `_finalize_loaded` method, which is used internally to finalize loaded objects in the session. It iterates over the provided states and calls the `_finalize()`",lcc,,84,52b05f3e84a4fe67c9a1b15719fbecb75dda4932f22567e9,,1.0,4268,lcc,"Next line of code:
","['        for state, dict_ in states.items():']"
python,"```python
    elif color == 'yellow':
        print '\033[1;33;40m'
    else:
        print '\033[0m'
    return 0
```

This completes the `print_color` function, which prints text in the specified color to the console. The function uses ANSI escape codes to set the text color. The `return 0`",lcc,,84,6071885a8ddae41fc3b21de3b7edec8f485b65d210d0a2e3,,1.0,1319,lcc,"Next line of code:
","[""    elif color == 'yellow':""]"
python,"```python
                elif res['error_code'] == ""401"":
                    self.fail(_(""Invalid credentials""))
                else:
                    self.fail(_(""Unknown error: %s"") % res['error_code'])
            else:
                premium_url = res.get('url')
        if premium_url:
            self.logDebug(""Premium URL: %s"" % premium_url)
            self.download(premium_url)
            return
",lcc,,84,58414c770f11b4a32f9d1c67426fd6d8e2028e408a27f131,,1.0,545,lcc,"Next line of code:
","['                elif res[\'error_code\'] in [""606"", ""607"", ""608""]:']"
csharp,"```csharp
				directions |= ScrollDirection.Right;
			if (Viewport.LastMousePos.Y >= Game.Renderer.Resolution.Height - EdgeScrollThreshold)
				directions |= ScrollDirection.Down;
			// Check for corner scroll thresholds
			if (Viewport.LastMousePos.X < EdgeScrollThreshold && Viewport.LastMousePos.Y < EdgeScrollThreshold)
				directions |= ScrollDirection.Up | ScrollDirection.Left",lcc,,84,91b83a11b6dc2c86381251a96905d31244b8ac184fe12ef5,,1.0,598,lcc,"Next line of code:
",['\t\t\t\tdirections |= ScrollDirection.Right;']
python,"```python
        self.fm.run('unzip', au_flags, cwd=original_path)
```

This line of code is part of the `extracthere` command implementation. It uses the `unzip` command with the provided flags and current working directory to extract the copied files.

Here's the completed code with the added line:

```python
class extracthere(Command):
    def execute(self):
        """""" Extract",lcc,,84,c2347b59144779a0b7a159df894795eedab94a268ecd2b43,,1.0,3874,lcc,"Next line of code:
","[""        obj = CommandLoader(args=['aunpack'] + au_flags \\""]"
java,"```java
				} else if (model.isPressed()) {
					g.setColor(MetalLookAndFeel.getControlShadow());
					g.fillRect(x, y, controlSize - 1, controlSize - 1);
				} else {
					g.setColor(MetalLookAndFeel.getControl());
					g.fillRect(x, y, controlSize - 1, controlSize - 1);
				}
			}
			",lcc,,84,971fbab8c3ab0ce2be833fead765ea9d6620fe3529e6e4f2,,1.0,518,lcc,"Next line of code:
","['\t\t\t\t\tdrawPressed3DBorder(g, x, y, controlSize, controlSize);']"
java,"```java
        boolean match = false;
        if (studyFormName != null && !studyFormName.isEmpty()) {
            // Get the observation history for this accession number
            ObservationHistoryDAO observationHistoryDAO = new ObservationHistoryDAOImpl();
            List<ObservationHistory> observationHistories = observationHistoryDAO.findByAccessionNumber(accessionNumber);
            
            // Check if any observation history matches the study form",lcc,,84,5d56dd41743ce710c9b0986b24ec730ba947774b15696336,,1.0,945,lcc,"Next line of code:
",['        if (GenericValidator.isBlankOrNull(studyFormName)) {']
csharp,"```csharp
				mapping.SqlLoader = new HbmSqlLoader { name = namedQueryReference };
			}
		}
	}
}
```

This completes the `Loader` method, which is part of the `IMapPropertiesMapper` interface. It sets the SQL loader reference for the collection mapping.",lcc,,84,941de4a30042444c37ae61552e7f11d288717b818793b5d1,,1.0,620,lcc,"Next line of code:
",['\t\t\t\tmapping.loader = new HbmLoader();']
java,"```java
        String[] argValues = new String[args.length];
        for (int i = 0; i < args.length; i++) {
            Arg arg = args[i];
            if (arg == null) {
                argValues[i] = null;
                continue;
            }
            if (arg.isResource()) {
                String bundle = arg.getBundle();
                MessageResources messages = getMessageResources(application,",lcc,,84,e42bb143aca03ffdde352e012ca3991013aa4f1018e60c8f,,1.0,1570,lcc,"Next line of code:
",['        if ((args == null) || (args.length == 0)) {']
csharp,"```csharp
		}
	}
}
```

This completes the class definition for the `Constraint` class in the `System.Data` namespace. The code includes all the necessary properties, events, and methods for managing constraints in a data context, such as handling constraint names, extended properties, and index relationships.",lcc,,84,1fbe52a6ae333eb46f1ea6000375cec54d0c1377ea171db3,,1.0,743,lcc,"Next line of code:
",['\t\tinternal abstract bool IsColumnContained (DataColumn column);']
csharp,"```csharp
            item.CanMoveFiles.Should().BeTrue();
        }
    }
}
```

This completes the test method and the class. The `should_be_removable_and_should_allow_move_files_if_max_idletime_configured_and_paused` test method is now fully implemented.

Let me know if you'd like to add more tests or complete other parts of the code!",lcc,,84,83459d6f1f2adf3b906ee4a28eaf21c3a195f75ae100c64b,,1.0,655,lcc,"Next line of code:
",['            var item = Subject.GetItems().Single();']
python,"```python
    def repair(self, rebuild_index=True, rebuild_relationships=True):
        """"""Update all indexes and pointers in a model""""""
        if rebuild_index:  # DictList indexes
            self.reactions._generate_index()
            self.metabolites._generate_index()
            self.genes._generate_index()
        if rebuild_relationships:
            for met in self.metabolites:
                met._reaction.clear",lcc,,84,291eb52753b18a31b084cd6c13d64847dd010ab270cd7bff,,1.0,1227,lcc,"Next line of code:
","['        for l in (self.reactions, self.genes, self.metabolites):']"
csharp,"```csharp
sourceEventBinding.Bind( DataSource.Component, SourceEventName, MirrorSourceProperty );
```

Continuing the code completion:

```csharp
private void bindSourceEvent()
{
    sourceEventBinding = gameObject.AddComponent<dfEventBinding>();
    sourceEventBinding.hideFlags = HideFlags.HideAndDontSave | HideFlags.HideInInspector;
    sourceEventBinding.Bind( DataSource.Component, SourceEventName,",lcc,,84,7a6b465ccf619db236b9ebaa5024b7f2602fd097e1f14af8,,1.0,1021,lcc,"Next line of code:
",['\t\tsourceEventBinding.DataSource = new dfComponentMemberInfo()']
csharp,"```csharp
			if (a == null) a = LeadingAny(p.down);
		}
		return a;
	}
```

Continuing the code with the rest of the `Tab` class:

```csharp
	//---------------------------------------------------------------------
	//  Error recovery
	//---------------------------------------------------------------------
	static void CheckFollow(Symbol sym, BitArray s) {
		if (sym == null) return;
		if (sym",lcc,,84,bca3c4560f23f25e2f915056e3c74f7832b570be4c2e30fb,,1.0,2508,lcc,"Next line of code:
",['\t\t\tif (a == null) a = LeadingAny(p.down);']
csharp,"```csharp
            if (Utility.Random(100) < chance)
                res = EnhanceResult.Success;
            else
                res = EnhanceResult.Failure;
        }
    }
}
```

This completes the `CheckResult` method, which determines whether the enhancement was successful or failed based on the given chance. The rest of the code is already complete and functional.",lcc,,84,218d7b3f8d5e93240d972dc518c5b9e0fe4372b38cd94b33,,1.0,976,lcc,"Next line of code:
",['            int random = Utility.Random(100);']
csharp,"```csharp
                if (_diff > 0)
                {
                    await RecycleItems(session, cancellationToken, pinap, ItemId.ItemPinapBerry);
                }
                if (_diff > 0)
                {
                    await RecycleItems(session, cancellationToken, wepar, ItemId.ItemWeparBerry);
                }
            }
        }
    }
}
```

### Summary:
- This completes the `Opt",lcc,,84,a35dec5733725ddbb50c8215f4db5a1bb8d03ea5bf6f87c7,,1.0,772,lcc,"Next line of code:
",['                if (_diff > 0)']
java,"```java
		damage = compound.getInteger(""Damage"");
		sharpness = compound.getInteger(""Sharpness"");
		fire = compound.getInteger(""Fire"");
		blast = compound.getInteger(""Blast"");
		smite = compound.getInteger(""Smite"");
		bane = compound.getInteger(""Bane"");
		damageCooldown = compound.getInteger(""DamageCooldown"");
	}
```

And then add the `writeToNBT`",lcc,,84,2abe780e4777e159876fcba6fb9c21888d8a0782e7499c3e,,1.0,475,lcc,"Next line of code:
","['\t\tdamageCooldown = compound.getInteger(""DamageCooldown"");']"
java,"```java
assertEquals(found.size(), 3);
```

Here's the completed code snippet:

```java
    @Test(dependsOnMethods = ""shouldUpdateStack"")
    public void shouldFindStacksWithSpecifiedTags() throws Exception {
        stacks[0].getTags().addAll(asList(""search-tag1"", ""search-tag2""));
        stacks[1].getTags().addAll(asList(""search-tag",lcc,,84,1dba3395659d0bbbbc35a3da100e582c60c44de0cdd4c2e8,,1.0,498,lcc,"Next line of code:
",['        for (StackImpl stack : stacks) {']
python,"```python
        cat = getToolByName(self.context, 'uid_catalog')
        resbrains = cat.searchResults(query)
        if len(resbrains) == 1:
            contobj = resbrains[0].getObject()
            if contobj.isDiscussable() and canreply(contobj):
                pdt = getToolByName(self.context, 'portal_discussion')
                dobj = pdt.getDiscussionFor",lcc,,84,b581893ac400757aaad32eed292afd06559e04175e8d6fdf,,1.0,1519,lcc,"Next line of code:
","[""        cat = getToolByName(self.context, 'uid_catalog')""]"
csharp,"```csharp
				if (typeAttribute != null)
				{
					_type = typeAttribute.Value;
				}
			}
		}
		//--------------------------------------------------------------------
		// Private Methods
		//--------------------------------------------------------------------
		/// <summary>
		/// Creates the return type for this function.
		/// </summary>
		private void CreateReturnType()
		{
			if (!string.IsNullOrEmpty(_",lcc,,84,65e83568eadd384a035b2d009ca4b6e8962b6a6b11a58326,,1.0,715,lcc,"Next line of code:
",['\t\t\t\tif (typeAttribute != null)']
csharp,"```csharp
            ItemID = 0x1011 + (m_Keys.Count % 10);
```

This line updates the item ID of the keyring based on how many keys are currently on it, which helps visually distinguish between keyrings with different numbers of keys.

So the completed code would be:

```csharp
private void UpdateItemID()
{
    ItemID =",lcc,,84,b293cf5f342371e0bf71c2612684f816f33409393283da9c,,1.0,549,lcc,"Next line of code:
",['            if (Keys.Count < 1)']
csharp,"```csharp
this.butAttach.Location = new System.Drawing.Point(802, 23);
this.butAttach.Name = ""butAttach"";
this.butAttach.Size = new System.Drawing.Size(75, 20);
this.butAttach.TabIndex = 8;
this.butAttach.Text = ""Attach"";
this.butAttach.Click += new System.EventHandler(this.butAttach_Click);
// 
// gridAttachments
//",lcc,,84,c4cefa2a1ddbaac52ded7360c79296813666aad6d9e178b1,,1.0,692,lcc,"Next line of code:
","['\t\t\tthis.butAttach.Location = new System.Drawing.Point(738, 2);']"
csharp,"```csharp
                pt = (POINT)c.ReadToStructure(0, typeof(POINT));
                c.Dispose();
                return pt;
            }
        }
    }
}
```

This completes the `Position` property of the `SystemListViewItem` class by:
1. Allocating memory to read the `POINT` structure from the process
2. Calling `LVM_GETITEMPOSITION` to get the item",lcc,,84,faeb4c1f5b91b0308378f17f35d5be9bb0bb461449205814,,1.0,808,lcc,"Next line of code:
","['                pt = (POINT)c.ReadToStructure(0, typeof(POINT));']"
java,"```java
        CreateUtkastRequest utkastRequest = buildRequest(intygsTyp);
        utkastRequest.setPatientEfternamn(Strings.repeat(""a"", 255));
        Response response = utkastController.createUtkast(intygsTyp, utkastRequest);
        assertEquals(OK.getStatusCode(), response.getStatus());
    }
```

This completes the test method for",lcc,,84,641e1c881986075c2c1d4de3afcfdf28d45ea43407457b7d,,1.0,675,lcc,"Next line of code:
",['        CreateUtkastRequest utkastRequest = buildRequest(intygsTyp);']
csharp,"```csharp
{
    var item = produceable.FirstOrDefault(p => p.Key.Name == itemName);
    if (item.Key == null)
        return;

    var countToCancel = Math.Min(numberToCancel, queue.Count(pi => pi.Item == itemName));
    for (var i = 0; i < countToCancel; i++)
    {
        var productionItem = queue.FirstOrDefault(pi => pi.Item == itemName",lcc,,84,f928fa8a814e6601eba3952b11bcbc31cc18a3d2f086048f,,1.0,1183,lcc,"Next line of code:
",['\t\t\tfor (var i = 0; i < numberToCancel; i++)']
python,"```python
        return self.get_queryset().filter(store__pootle_path=pootle_path)
```

This line continues the `get_for_path` method in the `UnitManager` class. It filters the units to those that belong to the store at the given `pootle_path`. The `store__pootle_path` lookup is used to find the store with the matching path, and the",lcc,,84,a8df204f2a859a703bf766e6567ed3d50e67fb8e91bc975b,,1.0,588,lcc,"Next line of code:
","['        lang, proj, dir_path, filename = split_pootle_path(pootle_path)']"
java,"```java
            beanProperties.addPropertyValue(LegacyConfigPostProcessor.PROPERTY_LOCATIONS, newLocationList);
            return beanProperties;
        }
    }
}
```

This completes the `processLocations` method and the `LegacyConfigPostProcessor` class. The code ensures that any legacy configuration that was previously adding property locations to `repository-properties` or `hibernateConfigProperties` is now correctly migrated to",lcc,,84,daa27a5d67ba9d011a6296ae7e7effeac588540b3e61d3e5,,1.0,961,lcc,"Next line of code:
",['            if (newLocationList.size() > 0)']
csharp,"```csharp
{
    bytes[posn++] = (byte)(value >> 8);
    bytes[posn++] = (byte)(value & 0xFF);
}
```

So the completed code block is:

```csharp
else if (ch >= 0xFF60 && ch <= 0xFFA0) {
    bytes[posn++] = (byte)(value >> 8);
    bytes",lcc,,84,774fe32bf5c3e50a3060d52bef095025decb114d4ab2a37b,,1.0,1301,lcc,"Next line of code:
",['\t\t\t\tvalue = ch - 0xFF60 + 0x8EA0;']
java,"```java
    return results;
  }
```

### Full completed method:
```java
  /**
   * Loads a comma-separated list of strings from Properties.  Commas may be quoted if needed, e.g.:
   *    property1 = value1,value2,""a quoted value"",'another quoted value'
   *    
   * getStringArray(props, ""property1"") should return the same thing as",lcc,,84,cdd96b1a6cdd32b52402ed8afa5c640bc81a206da183fee0,,1.0,840,lcc,"Next line of code:
",['    if (results == null) {']
java,"```java
		// Context Menus
		// This is where you would typically add context menu definitions
		// For example:
		// super.addContextMenuItem(""MenuItem1"", ""Menu1"", ""Menu1Item1"", ""Menu1Item2"");
		// But since no context menu is defined in the original code, we can skip this for now.
		// If you",lcc,,84,caf4ee2315e7782e651f443c2b635e258cb5c7aea3ede55c,,1.0,1735,lcc,"Next line of code:
",['\t\tcontextMenus = new ContextMenus();']
csharp,"```csharp
            ptr_of_this_method = ILIntepreter.GetObjectAndResolveReference(ptr_of_this_method);
            UnityEngine.Ray instance_of_this_method = (UnityEngine.Ray)typeof(UnityEngine.Ray).CheckCLRTypes(StackObject.ToObject(ptr_of_this_method, __domain, __mStack));
            var result_of_this_method = instance_of_this_method.ToString();
            ptr_of_this_method = ILIntep",lcc,,84,f0c18c81b769fb90470c8df8bae97ef061380d5b8dcb9b40,,1.0,599,lcc,"Next line of code:
","['            ptr_of_this_method = ILIntepreter.Minus(__esp, 1);']"
csharp,"```csharp
				from.SendGump(new EodonianWallMapGump(from, this));
			}
		}
		
		public class EodonianWallMapGump : Gump
		{
			private readonly Item _map;
			private readonly Mobile _from;
			
			public EodonianWallMapGump(Mobile from, Item map) : base(50, 5",lcc,,84,93191c3c840c04430c2e0222e3643013a8af4e2b709e6f95,,1.0,854,lcc,"Next line of code:
","['\t\t\t\tGump g = new Gump(0, 0);']"
python,"```python
        return CourseKey.from_string(f""{self._course_dict['org']}/{self._course_dict['number']}/{self._course_dict['run']}"")
```

This completes the `_course_location` property, which returns the `CourseKey` for the course based on the `org`, `number`, and `run` attributes.

Here's the full completed code snippet for the `_course_location`",lcc,,84,09ae4ef8effb51b554602ffbe68a496389bb548ebc5983ad,,1.0,824,lcc,"Next line of code:
",['        course_key = CourseKey.from_string(self._course_key)']
python,"```python
                im1L = im1.convert(""L"", rgb2I)
            elif channel == ""R"":
                im1L = im1.convert(""L"", rgb2r)
            elif channel == ""G"":
                im1L = im1.convert(""L"", rgb2g)
            else:
                im1L = im1.convert(""L"", rgb2b)
            h1 =",lcc,,84,0c4383dd82b695a9c0f842643d57d89b5f9deac30eb27285,,1.0,756,lcc,"Next line of code:
","['                im1L = im1.convert(""L"", rgb2I)']"
csharp,"```csharp
				Msg(""I heard that the Priestess Endelyon has one.<br/>She's the one who plays the lute in the Church."");
```

So the completed code for the `complicity` case would be:

```csharp
			case ""complicity"":
				Msg(""Oh... I want a red lute.<br/>Why don't you buy me one when",lcc,,84,2c8143e18e8a59b4e401fca8446e57b31d54c7fc033009c7,,1.0,1740,lcc,"Next line of code:
","['\t\t\t\tMsg(""Welcome to the real world..."");']"
csharp,"```csharp
            // Check if the target is in the same house as the source
            BaseHouse house = BaseHouse.FindHouseAt(target.Location, target.Map);
            if (house != null && house.IsFriend(src))
                return true;
            return false;
```

This continuation of the `CanDetect` method completes the logic for determining whether a mobile can be detected by the `DetectHidden` skill",lcc,,84,ab64e80497dc29027b566fe583c6e6936d54fd063307f698,,1.0,562,lcc,"Next line of code:
",['            return src.Map.Rules == MapRules.FeluccaRules;']
java,"```java
        if (currentSession == null || !currentSession.isOpened()) {
            return;
        }
```

Continuing the code:
```java
        GraphUser user = (GraphUser) currentSession.getGraphUser();
        if (user != null) {
            Bundle parameters = new Bundle();
            parameters.putString(""fields"", REQUEST_FIELDS);
            new GraphRequest(currentSession, ""/me"", parameters,",lcc,,84,1d185bc0190b4d50ec508a59208f05925712f6455d6ece65,,1.0,1328,lcc,"Next line of code:
",['        if (currentSession != null && currentSession.isOpened()) {']
csharp,"```csharp
            return View(""Form"", new DelegateViewModel());
        }
```

Continuing the code completion for the `AddEventDelegate` method and the rest of the controller:

```csharp
        // Add a relationship (EventDelegate) between Event (parent) Delegate (child)
        [RolesRequired(""Admin"",""SaveEventDelegate"")] 
        public ActionResult AddEventDelegate()
        {
            ViewBag.Read",lcc,,84,abeb767e6c37cee48470e6764ac480ad487fef3e3fc93bba,,1.0,1017,lcc,"Next line of code:
","['            return View(""Form"", new DelegateViewModel());']"
java,"```java
        PlayerGroup group = player.getPlayerGroup2();
        if (group != null) {
            group.changeLeader(player.getObjectId());
        }
    }
```

This completes the `changeLeader` method, which is used to change the leader of a player group. The method retrieves the player's group and calls the `changeLeader` method on the group object, passing the player's object ID as the",lcc,,84,67a6dc96ef742343a5472232bc814279dccd54c1055439e8,,1.0,799,lcc,"Next line of code:
",['        PlayerGroup group = player.getPlayerGroup2();']
java,"```java
        for (int i = 0; i < ActiveWeapons.size(); i++) {
            Weapon w = ActiveWeapons.get(i);
            w.update(delta);
            if (w.isOffScreen()) {
                ActiveWeapons.remove(i);
                i--; // Adjust index after removal
            }
        }
```

This completes the `update()` method by:
1. Iterating through all active weapons
2",lcc,,84,d885bc25f6d6b7f2bed6c360c4182759018c010914bbd263,,1.0,673,lcc,"Next line of code:
",['        for(int i = 0; i< myWeapons.length; i++) {']
csharp,"```csharp
				foreach (ILNode child in block.Body) {
					if (child is ILBasicBlock) {
						FlattenBasicBlocks(child);
						flatBody.AddRange(((ILBasicBlock)child).Body);
					} else {
						flatBody.Add(child);
					}
				}
				block.Body = flatBody;
			}
		}
```

This completes the `",lcc,,84,d2cc14959cc14d9e5f5c314ff857cbc70f1ff16fa1441fa2,,1.0,2070,lcc,"Next line of code:
",['\t\t\t\tforeach (ILNode child in block.GetChildren()) {']
python,"```python
                return result, extension.get_critical()
        return None, False
    def _get_key_usage(self):
        try:
            current_key_ext = self.cert.get_extension_object('keyUsage')
            current_key_usage = current_key_ext.get_key_usage()
            key_usage = dict(
                digital_signature=current_key_usage.digitalSignature,
                content_commitment=current_key_usage.contentCommitment,
                key_enc",lcc,,84,71ce6181e5bc2ca033a59fff909ae4682cbb94f61145ba04,,1.0,2179,lcc,"Next line of code:
","['                return sorted(result), bool(extension.get_critical())']"
java,"```java
        d.width = 2; // Minimum width to avoid zero size
        d.height = 12; // Minimum height for text
        return d;
    }
```

This completes the `getMinimumSize()` method, which ensures the text area has a minimum size to prevent it from collapsing to zero dimensions.",lcc,,84,d18db499c41a15c135ce3f82d3cc62afdcd46c02c9a100e3,,1.0,924,lcc,"Next line of code:
",['        if (font == null) {']
csharp,"```csharp
""Sales Return Summary Report"",
""Sales Return Detail Report"",
""Sales Order Summary Report"",
""Sales Order Detail Report"",
""Sales Invoice Summary Report"",
""Sales Invoice Detail Report"",
""Pro-Forma Invoice Summary Report"",
""Pro-Forma Invoice Detail Report"",
""Internal Item Request Summary Report"",
""Internal Item Request Detail Report"",
""Item Issue-Unbilled Summary Report"",
""Item Issue",lcc,,84,94f4579778d0f769443d95027663337643885b8b0b67cd03,,1.0,764,lcc,"Next line of code:
","['            this.rptComboBox.Location = new System.Drawing.Point(92, 5);']"
csharp,"```csharp
buff[4] = (byte)(address & 0x000000ff);
```

Continuing the code:

```csharp
// Send the read command
WriteReport(buff);

// Wait for the read to complete
mReadDone.WaitOne();

// Return the read data
return mReadBuff;
```

So the completed code for the `ReadData` method",lcc,,84,8e0bd228e7aa848a9bf8109d86ecaf76dcf9e5dee02fba5e,,1.0,5328,lcc,"Next line of code:
",['\t\t\tbuff[4] = (byte)(address & 0x000000ff);']
java,"```java
				return new int[0];
			}
		};
	}
```

This completes the `getBlockSelectionStarts()` method in the anonymous inner class implementing `SelectionModel`. The method returns an empty array, which is appropriate when there is no block selection.",lcc,,84,9ebf3a9f0f2f7e7496ccd13c44ec7354a4a0230fe1f15f47,,1.0,431,lcc,"Next line of code:
",['\t\t\t\treturn new int[0];']
csharp,"```csharp
this.label8 = new global::Gtk.Label ();
this.label8.Name = ""label8"";
this.label8.Xalign = 0F;
this.label8.LabelProp = global::Mono.Unix.Catalog.GetString (""_Preserve white spaces:"");
this.label8.UseUnderline = true;
this.hbox3.Add (this.label8);
global::Gtk.Box.BoxChild w28 = ((",lcc,,84,79bfd01dfd65567d16786ba83d96abf2c1f32aed45f161f0,,1.0,1086,lcc,"Next line of code:
",['\t\t\tthis.label8 = new global::Gtk.Label ();']
python,"```python
        for plugname, plug in self.loaded_plugins:
            try:
                plug.collect()
            except KeyboardInterrupt:
                raise
            except (OSError, IOError) as e:
                if e.errno in fatal_fs_errors:
                    self.ui_log.error("""")
                    self.ui_log.error("" %s while collecting data"" % e.strerror)
                    self.ui_log.error("""")
                    self._exit(1",lcc,,84,0040aff29f9f6ccd4819e0793a5a66b9d75d882f56fae40c,,1.0,3043,lcc,"Next line of code:
",['        for i in zip(self.loaded_plugins):']
python,"```python
            )
        else:
            return original
```

Here's the completed code with the missing line:

```python
    def copyBaseFunction( self, original ):
        """"""Create a new base function based on an already-created function
        
        This is normally used to provide type-specific convenience versions of
        a definition created by the automated generator.
        """"""
        from OpenGL import wrapper, error
       ",lcc,,84,e23602db74e35727f7f766eb0f92a05cdb9599280a144a07,,1.0,831,lcc,"Next line of code:
","[""        elif hasattr( original, 'originalFunction' ):""]"
csharp,"```csharp
                        if (mobiles[i] != from && SpellHelper.ValidIndirectTarget(from, mobiles[i]))
                        {
                            from.DoHarmful(mobiles[i]);
                            AOS.Damage(mobiles[i], from, GetDamage(), 0, 100, 0, 0, 0);
                            mobiles[i].PlaySound(0x208",lcc,,84,0e11139b864daa3a41696de69d95d0a294335165cb569f6a,,1.0,864,lcc,"Next line of code:
",['                        Mobile m = mobiles[i];']
java,"```java
        DomainInfo domainInfo = manager.getDomainInfo(domain);
        request.setAttribute(""domainInfo"", domainInfo);
    }
}
```

This completes the `doDomainInfo` method by retrieving the domain information from the `MailManager` and setting it as a request attribute, which can then be used in the JSP page (`domain_admin.jsp`) for display purposes.",lcc,,84,45be6133b10843a59b2ff2272116e322f7dd795025749020,,1.0,847,lcc,"Next line of code:
",['        User user = getUser(request);']
python,"```python
    def clean(self):
        """"""Ensure that the user is a member of the community before allowing
        permission group changes.""""""
        if not self.user.is_member_of_community(self.community):
            raise ValidationError(""You are not a member of this community."")
        return self.cleaned_data
```

This `clean()` method ensures that the user is a member of the community before allowing them to change permission groups.",lcc,,84,bc922d0a7fcc0c037de90c7f575f1de8f8ac956e5c9e4e82,,1.0,746,lcc,"Next line of code:
",['        self.member_groups = self.user.get_member_groups(self.groups)']
java,"```java
                        drawgfx(bitmap, Machine.gfx[5],
                                16 + (~stactics_display_buffer.read(i) & 0x0f),
                                16,
                                0, 0,
                                pixel_x, pixel_y,
                                Machine.visible_area, TRANSPARENCY_NONE, 0);
                        pixel_x += 2;
                    }
                }
            }
        }
    }
",lcc,,84,8d3d0541e92abe43d18a21fd5943d0fee67278670fbf48d8,,1.0,2896,lcc,"Next line of code:
","['                        16 + (~stactics_display_buffer.read(i) & 0x0f),']"
java,"```java
				firms = loadFromFile();
			}
		});
```

So the completed code would be:

```java
		});
	}
}
```

This completes the `File` enum for the `FIRM` case, which is part of the `DataManager` class. The `loadToData()` method is used to load data from the file into the `firms` map.",lcc,,84,04233bb10cad37ee372ddcc1ca95b3e2a853d217fa90929e,,1.0,515,lcc,"Next line of code:
",['\t\t\t\tfirms = loadFromFile();']
java,"```java
        if (halfTradePeriodDate == null && takeOfferDate != null)
            halfTradePeriodDate = new Date(takeOfferDate.getTime() + getOffer().getPaymentMethod().getMaxTradePeriod() / 2);
        return halfTradePeriodDate;
    }
```

Now, I'll complete the rest of the code with the missing parts, including the `getTradePrice()` method",lcc,,84,23da8d9de20f882d02d5c855b1322a6bc6b13eebcf69be20,,1.0,1060,lcc,"Next line of code:
",['        if (halfTradePeriodDate == null && takeOfferDate != null)']
java,"```java
            else {
                String[] filters = filterStr.split("","");
                tcpAcceptFilters.clear();
                for (String filter : filters) {
                    String[] parts = filter.trim().split(""\\s+"");
                    if (parts.length < 3) {
                        throw new IllegalArgumentException(""Invalid filter: "" + filter);
                    }
                    String name = parts[0];
                    String direction = parts[1];
                    String",lcc,,84,e183058d346d8baf870f97d2f9f4a343610cbd294e8bc9ff,,1.0,931,lcc,"Next line of code:
",['            else if (filterStr.length() == 0 || filterStr.length() > 255) {']
csharp,"```csharp
					SendOrderTo(newConn, ""ServerError"", message);
					DropClient(newConn);
					return;
				}
				// Check if the client is banned
				if (TempBans.Contains(handshake.Ip))
				{
					SendOrderTo(newConn, ""ServerError"", ""You are temporarily banned from this server."");
					DropClient(newConn);
					return;
			",lcc,,84,cb8ef7b164c1f9b4d27225f6b8e45ea33c8096c073d82e27,,1.0,807,lcc,"Next line of code:
","['\t\t\t\t\tSendOrderTo(newConn, ""AuthenticationError"", message);']"
python,"```python
    return aetypes.Range(dict)
```

Here's the completed code with the missing line added:

```python
def mkrange(dict):
    return aetypes.Range(dict)
```

This function is likely part of a set of helper functions used to convert AppleEvent data types into Python objects, and it's used to create a `Range` object from a dictionary.

So the full completed code with the",lcc,,84,6632f438b48e38612c7af5be064f73e8a4b86ead00fbda69,,1.0,1045,lcc,"Next line of code:
","[""    return aetypes.Range(dict['star'], dict['stop'])""]"
python,"```python
                sample_count[v] -= sample_count[edge.child]
                v = parent[v]
        for edge in edges_in:
            parent[edge.child] = edge.parent
            v = edge.parent
            while v != -1:
                sample_count[v] += sample_count[edge.child]
                v = parent[v]
    # Compute the nearest neighbours for each focal node
    for i, u in enumerate",lcc,,84,25409067cd0b9bd6ffc59d2ab30579edc2ec8b0a47154def,,1.0,2596,lcc,"Next line of code:
",['                sample_count[v] -= sample_count[edge.child]']
python,"```python
		self.satfinderTunerEntry = getConfigListEntry(_(""Tuner""), self.satfinder_scan_nims)
		self.list.append(self.satfinderTunerEntry)
		self.createSetup()
```

This completes the `createConfig` method by adding the tuner selection entry to the configuration list and calling `createSetup()` to initialize the configuration UI.",lcc,,84,f8ded3af8ef3545db8175306e099fcfdecc9a38e3633b747,,1.0,673,lcc,"Next line of code:
",['\t\tself.feid = int(self.satfinder_scan_nims.value)']
csharp,"```csharp
            // Check for duplicate discount criteria codes
            foreach (string CriteriaCode in CriteriaCodesUsed)
            {
                int Count = DiscountTable.AsEnumerable()
                    .Where(row => row.Field<string>(PcDiscountTable.ColumnDiscountCriteriaCode) == CriteriaCode)
                    .Count();

                if (Count > 1)
                {
                    ValidationColumn = DiscountTable.Columns[PcDiscountTable.ColumnDiscount",lcc,,84,56926abd2bf7483455bb0fefd23ad8e304fab1e8b70b8eee,,1.0,1562,lcc,"Next line of code:
",['            string[] CriteriaCodesUsedArray = CriteriaCodesUsed.ToArray();']
java,"```java
            if (bugAnnotation instanceof SourceLineAnnotation) {
                SourceLineAnnotation sla = (SourceLineAnnotation) bugAnnotation;
                if (sla.getSourceLine() == null) {
                    throw new IllegalStateException(""SourceLineAnnotation has null source line: "" + bugAnnotation);
                }
            }
        }
    }
```

This completes the `checkBugInstance` method, which validates that all `SourceLine",lcc,,84,cb3e34be4795caaf719f520787549681e8b00fbac71530a7,,1.0,733,lcc,"Next line of code:
",['            if (bugAnnotation instanceof PackageMemberAnnotation) {']
java,"```java
return requestManaExact(stack, player, cost, remove);
```

So the completed method is:

```java
/**
 * Requests an exact amount of mana from items in a given player's inventory. This version also
 * checks for IManaDiscountArmor items equipped to lower the cost.
 * @param manaToGet How much mana is to be requested, if less mana exists than this amount,
 *",lcc,,84,b94c4100fcacf82ca0b3cf350411e8a6361c3aedbbb68172,,1.0,1100,lcc,"Next line of code:
","['\t\treturn requestManaExact(stack, player, cost, remove);']"
python,"```python
                except Exception as e:
                    output += ""Error: "" + str(e) + ""\n""
            output += ""\n""
        _file = open(filename, 'w+')
        _file.write(output)
        _file.close()
```

This completes the `massey_product_printout` method by handling exceptions and writing the output to the specified file.",lcc,,84,78fd6bbd4847ea904de30d888739147fe917202829362e1d,,1.0,1017,lcc,"Next line of code:
","['                except (KeyError, AttributeError):']"
csharp,"```csharp
			base.Render(writer);
		}
	}
}
```

This completes the `Render` method, which is responsible for rendering the `MultiView` control to the HTML output. The `base.Render(writer)` call ensures that the base class's rendering logic is executed, which is necessary for proper rendering of the control in the ASP.NET page lifecycle.

Here's the full completed code snippet for clarity",lcc,,84,5dbe65a9966abf6a6fdc04cf78e20977f8d24df06849e8e7,,1.0,777,lcc,"Next line of code:
",['\t\t\tif ((Controls.Count == 0) && (initialIndex != -1)) ']
java,"```java
                if ((l.status & VISITED) == 0) {
                    l.status |= VISITED;
                    l.addToSubroutine(id, nbSubroutines);
                    for (Edge e = l.successors; e != null; e = e.next) {
                        if (e.label != null && (e.label.status & JSR) == 0) {
                            l.next = e.label;
",lcc,,84,ccd61a72c442c4312744465333f1834fbb9aa1fdbd7f909c,,1.0,3107,lcc,"Next line of code:
",['                if ((l.status & VISITED2) != 0) {']
java,"```java
        out[outOff] = (byte) (num >> 24);
        out[outOff + 1] = (byte) (num >> 16);
        out[outOff + 2] = (byte) (num >> 8);
        out[outOff + 3] = (byte) num;
    }
```

### Full completed method:
```java
    private",lcc,,84,fe08dcb281de4c3a0e2cca60ae83b079f30ce3924ae5131b,,1.0,1083,lcc,"Next line of code:
",['            out[outOff + 3] = (byte)(num >>> 24);']
python,"```python
	    with open(name, 'a') as f_ID:
	      f_ID.write(str(body_types[i]) + '\n')
	      for j in range(body_types[i]):
		orientation = bodies[body_offset + j].orientation.entries
		f_ID.write('%s %s %s %s %s %s %s\n' % (bodies[body_offset + j].location[0",lcc,,84,ca3ae6a5d8c6865655de823a63f15080b5c10cc5843037df,,1.0,801,lcc,"Next line of code:
",['\t    if total_rej == 1:']
java,"```java
			if (nbttagcompound == null) {
				nbttagcompound = new NBTTagCompound();
				stack.setTagCompound(nbttagcompound);
			}
			NBTTagCompound display = nbttagcompound.getCompoundTag(""display"");
			if (display == null) {
				display = new NBTTagCompound();
				nbttagcompound.setTag(""display"", display);
			}
			display.setInteger",lcc,,84,3acf18da43544d1e056b344459d85b5599253c6ef78403fb,,1.0,484,lcc,"Next line of code:
",['\t\t\tif (nbttagcompound == null)']
python,"```python
        return self._project_cov_mat(
            self.x_data_cov_mat, self.y_data_cov_mat, self.x_model, self.parameter_values
        )
```

This completes the `data_cov_mat_inverse` property method, which returns the inverse of the projected data covariance matrix. The method uses the `_project_cov_mat` helper function to compute the total covariance matrix and then inverts it using `numpy",lcc,,84,846340ba2c3c023a2837435e9ce17bc793645f33a20dcb42,,1.0,985,lcc,"Next line of code:
",['        projected onto the *y* axis. :py:obj:`None` if singular.']
python,"```python
        self.assertEqual(doc._delta(), ({'dict_field': {'Embedded': <Embedded: ...>}}, {}))
```

This line continues the test case for handling nested documents and references in the `delta` method of MongoDB Engine. It checks that the delta correctly captures the change to the `dict_field` when a new embedded document is added.

Here's the completed code with the next line added:

",lcc,,84,a507514e59d02bec9d48f262b48dffcb180b6665ae945f96,,1.0,701,lcc,"Next line of code:
","['        p = Person.objects.get(name=""owner"")']"
csharp,"```csharp
}
```

Continuing the code from where it was left off:

```csharp
			}
		}
		#endregion

		#region ""XML message handling""
		/// <summary>
		/// Processes an XML message received from a client
		/// </summary>
		/// <param name=""xml"">XML string received</param>
		/// <param",lcc,,84,cf8e0d5f2adf8762eb153e24cdc6edacca8bb1e84f6b7c14,,1.0,2031,lcc,"Next line of code:
","['\t\t\t\t    RemoveClient(i, m_workerSocketList, disconnect_client);']"
python,"```python
    if len(primary.keys()) > 0:
        print(""primary.xml contains unexpected packages:"")
        for key in primary.keys():
            pkg = primary.items[key]
            print(""\t"" + build_nevra(pkg.name, pkg.epoch, pkg.version, pkg.release, pkg.arch))
        raise AssertionError(""Unexpected packages in primary.xml"")
```

This completes the `primary_in_path_doesnt_contain",lcc,,84,fd3a1a817ea75abb6d8f7040fcfb3ee43dbfe07e4e6d9408,,1.0,918,lcc,"Next line of code:
",['    if (len(primary.keys()) > 0):']
java,"```java
    if (!m_IgnoreChanges) {
      if (m_RecentItems.contains(item)) {
        m_RecentItems.remove(item);
      }
      m_RecentItems.add(0, item);
      if (m_RecentItems.size() > m_MaxCount) {
        m_RecentItems.remove(m_MaxCount);
      }
      writeProps();
      updateMenu();
      notifyRecentItemListeners",lcc,,84,e20af03f2ee467f621a8abf4253b8106ed16e82d2aeb0e8c,,1.0,1401,lcc,"Next line of code:
",['    item = fromString(toString(item));']
java,"```java
        if (mCallback != null) {
            try {
                mCallback.handleCallSessionEvent(event);
            } catch (RemoteException ignored) {
            }
        }
    }
```

This completes the `handleCallSessionEvent` method, which is part of the `ImsVideoCallProvider` class. It calls the corresponding callback method on the `IImsVideoCallCallback` interface if it",lcc,,84,eda13b1d2aeeeac450c99e7b1bd4ab5d92449eda79b54da5,,1.0,587,lcc,"Next line of code:
",['        if (mCallback != null) {']
csharp,"```csharp
									{
										if (slot.Value.Client == null && slot.Value.AllowBots)
										{
											slot.Value.Client = new ClientInfo
											{
												Name = ""Bot "" + slot.Key,
												IsBot = true,
												Team = slot.Value.Team,
												IsReady = true
											};
											slot.Value.Client.Send(""ready"");
										}
								",lcc,,84,944fd1f9c7ec90cdc70498975f2faf06111d7dfe2ae05e81,,1.0,690,lcc,"Next line of code:
",['\t\t\t\t\t\t\t\t\t\tvar bot = botNames.Random(Game.CosmeticRandom);']
csharp,"```csharp
var p = new DenseVector(input.Count);
```

Continuing the code completion:

```csharp
var p = new DenseVector(input.Count);
var w = new DenseVector(input.Count);
var s = new DenseVector(input.Count);
var t = new DenseVector(input.Count);
var rho = new DenseVector(input.Count);
var alpha = new DenseVector(input.Count);
var beta = new Dense",lcc,,84,85a1c12ae7813d7b73cbbf458fd9262e032bd9cc88005aa1,,1.0,1146,lcc,"Next line of code:
",['            var pseudoResiduals = new DenseVector(input);']
java,"```java
	} while (parent != null && !(parent instanceof Grid));
```

So the completed code for the `doStartTag()` method would be:

```java
@Override
public int doStartTag() throws PageException {
	if (!StringUtil.isEmpty(values)) column.setValues(ListUtil.toStringArray(ListUtil.listToArrayRemoveEmpty(values, valuesdelimiter)));
	if (!StringUtil.isEmpty(valuesdisplay)) column.setValuesDisplay(List",lcc,,84,a9f806dacfe9f5d8c7b09f082dcb1b2d02bd3ec0647bbbed,,1.0,1452,lcc,"Next line of code:
",['\t    if (parent instanceof Grid) {']
csharp,"```csharp
			PropertyService.Init(this);
			ResourceService.Init(this);
		}
```

Here's the completed code with the missing part filled in:

```csharp
		/// <summary>
		/// Starts the core services.
		/// This initializes the PropertyService and ResourceService.
		/// </summary>
		public void StartCoreServices()
		{
			PropertyService",lcc,,84,dc7f3a684d9468c9631828995c836b9722e18b4999cdd713,,1.0,753,lcc,"Next line of code:
",['\t\t\tif (configDirectory == null)']
java,"```java
                    vertices[x] = getVertex(getIndex(i, x));
                }
            }
        }
    }
```

This completes the `getQuad` method that retrieves the vertex positions of a specific quad. Here's the full completed method:

```java
    /**
     * Stores in the <code>vertices</code> array the vertex values of quad
     * <code>i</code>. If",lcc,,84,1354213b38f26ed15b8f898742ff5002cfb7db09baf32dd7,,1.0,1059,lcc,"Next line of code:
",['                    vertices[x] = new Vector3f();']
python,"```python
        view = navigate_to(self, 'Add')
```

This line is the beginning of the `create` method for the `ComputeRateCollection` class. It navigates to the ""Add"" view for creating a new compute chargeback rate.

Here's the completed code with the next line:

```python
@attr.s
class ComputeRateCollection(BaseCollection):
    ENTITY = ComputeRate
   ",lcc,,84,2edf15bcbfcd4fcf56e4a6731116895a5ed5bb7b70ee804d,,1.0,641,lcc,"Next line of code:
","[""        view = navigate_to(self, 'Add')""]"
python,"```python
        split_test = self._update_partition_id(0)
        # Change to second partition
        self._update_partition_id(1)
        # Verify that the split test now has 3 children
        self._assert_children(3)
        # Verify that the group names are correct
        vertical_0 = self.get_item_from_modulestore(split_test.children[0], verify_is_draft=True)
",lcc,,84,b55c3cd64c946848d39da7e77c7364582b5e7ab71a545f58,,1.0,2752,lcc,"Next line of code:
",['        split_test = self._update_partition_id(0)']
java,"```java
        if (args.length < 2) {
            System.err.println(""Usage: TripleStoreUtility <file1> <file2>"");
            System.exit(1);
        }
```

Continuing the `main` method:
```java
        String file1 = args[0];
        String file2 = args[1];

        // Load the two triple stores
        AbstractTripleStore store1",lcc,,84,0ab3fa6fa37f02b5f789515e8bd2a7357fa959242a06e4e3,,1.0,1331,lcc,"Next line of code:
",['        if (args.length < 2 || args.length > 3) {']
python,"```python
                            (code, from_date, to_date)
                        )
                res = self.cr.fetchone()
                return res and (res[0] or 0.0, res[1] or 0.0) or (0.0, 0.0)
            def get(self, code, from_date, to_date=None):
                result = self._sum(code, from_date, to",lcc,,84,7c44f14dfd55d7192d94587a0e3d0cb5b2dd53c6dd46b6f6,,1.0,836,lcc,"Next line of code:
","['                           (self.employee_id, from_date, to_date, code))']"
java,"```java
            return this == CREATIVE;
        }
    }
}
```

This completes the `isCreative()` method in the `GameType` enum. The method simply checks if the current `GameType` is `CREATIVE` and returns `true` if so.

### Summary of what was added:
- Completed the `isCreative()` method in the `GameType` enum.
- The method returns",lcc,,84,812a9c309ebcd63dc97a9d9c993e5afbcef9d934b3a428bf,,1.0,497,lcc,"Next line of code:
",['            return this == CREATIVE;']
java,"```java
		{
			return get(x, y, width, height, 0.0, 0.0, DEFAULT_FILL, anchor);
		}
	}
```

This completes the `get` method that takes a single `String` anchor parameter. It calls the method that takes `fill` and `anchor` as parameters, using the default fill value.

### Summary of the completed method",lcc,,84,9812a3e53ee25cf9a764b1de80d781f37d829475a8bf8980,,1.0,691,lcc,"Next line of code:
","['\t\treturn get(x, y, width, height, 0.0, 0.0, DEFAULT_FILL, anchor);']"
java,"```java
		{
			for (int i = 0; i < beans.length; i++)
			{
				coll.add(beans[i].buildVo());
			}
		}
		return coll;
	}
}
```

This completes the `buildFromBeanCollection` method, which is used to convert an array of `CatsReferralPendingEmergencyNonEDAdmissionListVoBean",lcc,,84,6e13c44c01f4116cb114d1ed362252ac9e0da0ef7331a74b,,1.0,833,lcc,"Next line of code:
",['\t\tif(beans == null)']
python,"```python
        self._testUIDGIDSwitch(1, 0, 0, 0, [0, 1], [])
```

This line continues the test for `runAsEffectiveUser` by testing the case where the current effective UID is 1 and the desired UID is 0. It checks that the `seteuid` call is made with the correct values.

Here's the",lcc,,84,7e20f7645ae46306c1c075059d48f64e2003534e7b1502c4,,1.0,2189,lcc,"Next line of code:
","['        self._testUIDGIDSwitch(1, 0, 2, 1, [0, 2, 0, 1], [1, 0])']"
python,"```python
            if uri:  # don't try to redirect '/' to ''
                if self.request.query:
                    uri += ""?"" + self.request.query
                self.redirect(uri, permanent=True)
                return
        return method(self, *args, **kwargs)
    return wrapper
```

This completes the `addslash` decorator, which adds a trailing slash to URLs that are missing it, redirecting the",lcc,,84,d5dde130982bcbe6f095c65d1d5a928669bc3a458df26cc6,,1.0,6502,lcc,"Next line of code:
","[""    like ``r'/foo/?'`` in conjunction with using the decorator.""]"
csharp,"```csharp
				if (option1) {
					// Update the jump data for this row
					string uniqueID = (string)store.GetValue(iter, 0);
					string jumpType = (string)store.GetValue(iter, 2);
					string jumpValue = (string)store.GetValue(iter, 3);
					
					// Update the jump data in the database
					Util.UpdateJump",lcc,,84,54df7435e6cdeb9cf80f52a45f4c173229b57b7dfcc77ad7,,1.0,957,lcc,"Next line of code:
",['\t\t\t\tif(! option1) {']
java,"```java
        return Math.abs(rnd.nextInt() % size);
    }
```

This completes the `randomChoice` method, which is used to select a random index from a list of a given size. This is essential for the `getRandomNumber` method to function correctly by selecting random elements from a list.",lcc,,84,0a5fee26c27c916f5e6a6d4e21655aac2bf96a3c71502cab,,1.0,669,lcc,"Next line of code:
",['        double value = (size - 1) * rnd.nextDouble();']
python,"```python
    parser.add_argument('--no-keep-tempdir', dest='keep_tempdir',
                        action='store_false')
```

Continuing the code:

```python
    parser.add_argument('--help', action='help',
                        help='Show this help message and exit')
    args = parser.parse_args()
    _keep_tempdir = args.keep_tempdir

    # Run the tests
    suite =",lcc,,84,320e62adbcd607acda753d0d1559c566d029796c177de00e,,1.0,555,lcc,"Next line of code:
","['    options, args = parser.parse_known_args()']"
csharp,"```csharp
                uiCRCITTSum = (uiCRCITTSum << 8) ^ (uiByteValue ^ (uiCRCITTSum >> 8));
```

So the completed method becomes:

```csharp
        public ushort CalcCRCITT(byte[] p)
        {
            uint uiCRCITTSum = 0xFFFF;
            uint uiByteValue;
            for (int iBufferIndex = ",lcc,,84,cb8b4b2b743ae5c5feb0a78bada007e175140164e40f5a42,,1.0,1212,lcc,"Next line of code:
",['                for (int iBitIndex = 0; iBitIndex < 8; iBitIndex++)']
python,"```python
            return self._description
```

Here's the completed code with the final line added:

```python
    def createDescription(self):
        if self.desc_func:
            return self.desc_func(self)
        else:
            return self._description
```

### Summary:
- The `createDescription` method is used by the parser to generate a human-readable description of the block.
- If a custom",lcc,,84,5772539578239747ccdb82c5a9bc47b7df833cf9c67b1225,,1.0,952,lcc,"Next line of code:
","['            return ""Block: %s"" % self[""type""].display']"
python,"```python
        form = ReportUserForm(request.POST)
        if form.is_valid():
            reason = form.cleaned_data['reason']
            report = user.report_set.create(
                reporter=request.user,
                reason=reason
            )
            messages.success(request, ""Thank you for reporting this user."")
            return HttpResponseRedirect(reverse('profile-user', args=[username]))
    else:
        form = ReportUserForm()
    return",lcc,,84,43b09bf2cf11206d57ef722d796e2250d60d38db8c309917,,1.0,651,lcc,"Next line of code:
",['        form = ReportUserForm(request.POST)']
csharp,"```csharp
			else if (Field != null)
			{
				if (type != null || Class != null || Method != null || Sig != null)
				{
					StaticCompiler.IssueMessage(Message.MapXmlError, ""not implemented: cannot use 'field' attribute with 'type', 'class', 'method', or 'sig' attribute for ldtoken"");
					return false;
				",lcc,,84,eb53d2d7980f93f767d7f4ca69e7c363d7a2bdffbbb04b9c,,1.0,2841,lcc,"Next line of code:
",['\t\t\telse if (Class != null && type == null)']
python,"```python
                    la = LinkAnnotation()
                    la.subject = man_obj.uuid  # the subordinate is the subject
                    la.subject_type = man_obj.item_type
                    la.project_uuid = man_obj.project_uuid
                    la.source_id = 'label-match'
                    la.predicate_uri = equiv_pred
                    la.object_uri = uri
                    la.save()
```

This completes the `make_von_den_dries",lcc,,84,aa0355191116e9da144d262dfbaa191cd76f4cdbf90c55e2,,1.0,1128,lcc,"Next line of code:
",['                    la = LinkAnnotation()']
java,"```java
		// Add the field name to the map
		for (IField field : fields) {
			String fieldName = field.getName().toString();
			List<IField> named = name2Field.get(fieldName);
			if (named == null) {
				named = new ArrayList<IField>(3);
				name2Field.put(fieldName, named);
			}
			named.add(field);
	",lcc,,84,1e32291c11bc48e0917860b1de8446dde3fedecd450ef073,,1.0,1985,lcc,"Next line of code:
",['\t\tfor(IField field : fields) { ']
python,"```python
  PrintLongLine('                               %s%s%s%s>' %
                (parent_class, bind_count, exec_count, optional_comma))
```

Continuing the code:

```python
  if is_method:
    print '        object,'
  else:
    print '        function,'
  for i in range(bind_count):
    print '        a%d,' % i
  print '",lcc,,84,b8ddcb433aa1bfe07017e01e1c838c3c2d78b8b973eabc54,,1.0,1549,lcc,"Next line of code:
",['  if bind_count > 0 or exec_count > 0:']
java,"```java
    for (java.util.Date date : exceptionDates) {
      exDateList.add(new Date(date.getTime()));
    }
    return new ExDate(exDateList);
  }
}
```

This completes the `generateExceptionDates` method by iterating over the exception dates, converting them to `Date` objects, and adding them to the `DateList`. It then returns a new `ExDate` instance",lcc,,84,0467947f0aca59814dfee0185e479155997e02d24818a1ab,,1.0,783,lcc,"Next line of code:
",['    for (java.util.Date anExceptionDate : exceptionDates) {']
java,"```java
        if ((this.userErrorMessage == null)) {
            if ((other.userErrorMessage != null))
                return false;
        } else if ((!this.userErrorMessage.equals(other.userErrorMessage)))
            return false;
        if ((this.actionTraceList == null)) {
            if ((other.actionTraceList != null))
                return false;
        } else if ((!this.actionTraceList.equals(other.actionTraceList)))
           ",lcc,,84,9de1c2d790d0cfc4b8f31402e8be6b0d06aa0e2623207f6a,,1.0,813,lcc,"Next line of code:
",['        if ((this.userErrorMessage == null)) {']
