question,language,all_classes,predicted_answer,dataset,max_new_tokens,compression_ratio,task,_id,answer_prefix,answers,length
"Question: What is Saltram's living situation?

",en,, Saltram lives with the Mulvilles.,narrativeqa,148,1.0,narrativeqa,341d214a2c377691bf20e5a30b8f7979696bd19141ad9c9f,Answer:,['He is a guest in the home of the Mulvilles.'],22692
"Question: Why does Ann not return Mary's feelings of affection?

",en,," Because Ann is terminally ill and dies, preventing her from reciprocating Mary's affection.",narrativeqa,148,1.0,narrativeqa,26c6325283dece0b557e34cde9a5c57999ec5c68782e8194,Answer:,['Because she is in unrequited love with someone else'],23316
"Question: Where does the witch live?

",en,, On Atlas.,narrativeqa,148,1.0,narrativeqa,5b8d6fdd30a297e508ebb484f172ca5bce8d31b340eb3506,Answer:,['The Atlas Mountains'],5397
"Question: What was the purpose of Crito's visit?

",en,, To persuade Socrates to escape.,narrativeqa,148,1.0,narrativeqa,68fc4dee839213b5259d41718909195c2f5274665bc18036,Answer:,['To smuggle Socrates out of prison and into a life of exile.'],6592
"Question: Why didn't Baron Henry just kill Otto instead of cutting his hand off?

",en,," Because the Emperor's justice required mercy, not vengeance.",narrativeqa,148,1.0,narrativeqa,36232c9c63d19d282643657b3da5b688cb14e3b44009c494,Answer:,['Otto was so young.'],27745
"Question: How long had Mortimer Trefinnis' sister been dead when the doctor examined the body?

",en,, Six hours.,narrativeqa,148,1.0,narrativeqa,0bf1995158cbf08134d5dc15475c27f38b3ab5441c422419,Answer:,['Six hours.'],10020
"Question: With whom does the entertainers' manager have an affair?

",en,, With the knight.,narrativeqa,148,1.0,narrativeqa,9fbcbb5460066a68460ba92626c25371e0a1ff65b3bd5e84,Answer:,"[""Lisa, the blacksmith's wife.""]",18054
"Question: Who is the first person that falls under Vigo's spell?

",en,, Janosz Poha,narrativeqa,148,1.0,narrativeqa,f9cfda8abcc78f9e2f492d4f58ee4996430e9a8911e29726,Answer:,['Dr. Janosz Poha'],25090
"Question: What nationality is Ruth Anvoy?

",en,, American,narrativeqa,148,1.0,narrativeqa,58b8a46c20c05540367b90490846c4f9808db630026b28d4,Answer:,['She is an American.'],22692
"Question: Who did the Witch want to have reveal their own lies?

",en,, The Witch wanted the priests to reveal their own lies.,narrativeqa,148,1.0,narrativeqa,c89fd516348b68f96538948b052cb10d5b6f21bc441f5a55,Answer:,['The scribe.'],5403
"Question: Why do the bosses of Wilma's gang believe that Anthony Rogers will be useful to them in the current conflict?

",en,, Because Anthony Rogers has knowledge of the Han's weaknesses and can help devise strategies to defeat them.,narrativeqa,148,1.0,narrativeqa,67933dc11fce5ce5b80acc04541f0442117aca5eccc06b6f,Answer:,['Because he fought in the first world war.'],27521
"Question: Which descriptions of the future world does Soames provide upon his return?

",en,," Soames describes the future world as one where people are dressed in grayish-yellowish uniforms, and where he is perceived as a strange and sensational figure.",narrativeqa,148,1.0,narrativeqa,b097807317fd6df3e69b46d4332b558f2d6c7f1f893770a6,Answer:,['ones that are vague'],11201
"Question: How long after Madame de Merret dies before people are allowed inter manor?

",en,, Fifty years.,narrativeqa,148,1.0,narrativeqa,24c995f1a10e348519cdc6cd24685ab64bcf6454554de945,Answer:,['50 years'],8147
"Question: Who doe the Vervelle couple believe Grassou is the perfect match for?

",en,, The Vervelle couple believe Grassou is the perfect match for their daughter.,narrativeqa,148,1.0,narrativeqa,8134d2aaf4e735e59f38656a3c804171a8d1084faef2da93,Answer:,"['Their daughter, Virgine. ']",7903
"Question: Who does Vervelle want his daughter to marry?

",en,, Vervelle wants his daughter to marry Pierre Grassou.,narrativeqa,148,1.0,narrativeqa,321a85aa34669657c041d72547da9f30764447d789bf0e2d,Answer:,['Grassou'],7899
"Question: How does the slime get into Dana's apartment?

",en,," The slime gets into Dana's apartment when the bathtub, filled with the psycho-reactive slime, starts to move and eventually pulls the baby into the slime, which then spreads throughout the apartment.",narrativeqa,148,1.0,narrativeqa,31a2673d857b4ae705288436804dd94343b7f7d9bfdd1298,Answer:,"[""The slime gets into Dana's apartment from the bathtub.""]",25088
"Question: What does Elder Childers argue?

",en,, Elder Childers argues for the rights of the people and challenges the authority of the Baptist church.,narrativeqa,148,1.0,narrativeqa,7e1df407b7018ef82e2ade488c601066798bbe67a39a6da4,Answer:,['That a mule bone is very powerful and can be a weapon.'],14760
"Question: Why do the bosses of Wilma's gang believe that Anthony Rogers will be useful to them in the current conflict?

",en,, Because Anthony Rogers has knowledge of the Han's weaknesses and can help devise strategies to defeat them.,narrativeqa,148,1.0,narrativeqa,7efd1cc4cce3770765ac6c7304b68cfe28c83aec18c01577,Answer:,['Anthony Rogers has previous wartime and combatant experience.'],27521
"Question: What does Reiko see in the photograph that her ex-husband takes of her after she has seen the tape?

",en,," Reiko sees the photograph of herself with her ex-husband, but the image is distorted and appears to show her as a ghostly figure.",narrativeqa,148,1.0,narrativeqa,677af5490eddd9e1d2ecd66ab0d1e038d1f7e7c5e985accf,Answer:,['Her face is blurry'],17505
"Question: How many ethical arguments does Socrates propose?

",en,, How many ethical arguments does Socrates propose?,narrativeqa,148,1.0,narrativeqa,8a46cc12564386606f3162cd88cae3ec0f868009efce1d33,Answer:,['Two'],6592
"Question: Why was Mortimer Trefinnis once estranged from his siblings?

",en,, Due to a family quarrel over money.,narrativeqa,148,1.0,narrativeqa,af8f267654c2ca703d2044593d63c658c8716e66306dd65a,Answer:,['because of the division of proceeds from selling the family business.'],10015
"Question: What year is it when Anthony Rogers finally disembarks from the coal mine?

",en,, 2419,narrativeqa,148,1.0,narrativeqa,b92c3f3f94368153267f267845b8140ccac30015795b574d,Answer:,['2419.'],27514
"Question: Why did Bill run to Texas?

",en,, To escape the consequences of his actions and find peace.,narrativeqa,148,1.0,narrativeqa,949abce7e7abc634fc08ff28f996a235ddd6041358bee155,Answer:,['he murdered someone'],31692
"Question: Who does Socrates compare going against the law to?

",en,, Socrates compares going against the law to injuring one's parents.,narrativeqa,148,1.0,narrativeqa,e39f9c371b47fb74a202d1f30bc46e806791d0ee81b1b2d4,Answer:,['Your parents'],6594
"Question: What relation to Ruth Anvoy is Lady Coxon?

",en,, Lady Coxon is Ruth Anvoy's aunt.,narrativeqa,148,1.0,narrativeqa,60cacef36b194be88d2a8a4fa816324ffcb672f336197584,Answer:,"[""Lady Coxon is Ruth's aunt.""]",22695
"Question: What is Reiko's job?

",en,, Reiko's job is to work as a journalist.,narrativeqa,148,1.0,narrativeqa,d22828536f4d6bee11bd1f15f636bddd18fa8f246ef1be6c,Answer:,['Reiko is a reporter.'],17490
"Question: Why does Socrates ultimately decide it is unjust to escape?

",en,, Because escaping would violate the principles of justice and the agreements he made with the laws of Athens.,narrativeqa,148,1.0,narrativeqa,585ce1f974c0a35526da31a0cdc1541728ffc2df6a73b4f3,Answer:,['Because it violates his belief in the  laws of society.'],6595
"Question: How is Drexl killed?

",en,, Drexl is killed by a gunshot wound to the head.,narrativeqa,148,1.0,narrativeqa,880269c856197f51942d2649c32e0c37955409d7fdb3f369,Answer:,['he is shot'],29630
"Question: What did Anvoy do with the letter once she received it?

",en,, She kept it and did not open it.,narrativeqa,148,1.0,narrativeqa,0cb4ddf1bedade882d28e7940531bbac3ec45efb1f668635,Answer:,['She declined to read it.'],22698
"Question: What was the description of the teens faces when they died?

",en,, Their faces were twisted in expressions of fear and shock.,narrativeqa,148,1.0,narrativeqa,562b8f8423dfb1c0fe308445710a9018f3d4e7508ef87e52,Answer:,['Twisted in fear'],17497
"Question: Why does Soames get upset with Beerbohm?

",en,, Because Beerbohm inadvertently exposes the futility of Soames' artistic pursuit and his own existential despair.,narrativeqa,148,1.0,narrativeqa,ea7825ba7cc9beff14746f8a82ec525b3b9d536b467cdaba,Answer:,['Beerbohm wrote a fictional story about Soames.'],11196
"Question: How many days do viewers of the tape have to live after they watch it?

",en,, Seven days.,narrativeqa,148,1.0,narrativeqa,b8c1df9064532860efef843054433b6588ec8c89071c027f,Answer:,['Seven days'],17501
"Question: Who does not see death in the end?

",en,, The knight.,narrativeqa,148,1.0,narrativeqa,08eb5808e99ec50b74a3b2779c65c533fec812a1e70f5ed3,Answer:,['all but Jof and the Juggler'],18053
"Question: When Mary was younger, how did her mother fill her free time?

",en,, Her mother filled her free time with fashionable amusements and idle pursuits.,narrativeqa,148,1.0,narrativeqa,13bff0d53a16f0e4ea96e342a517d30aab0357d624ee1ceb,Answer:,['she was obsessed with novels.'],23319
"Question: What attratcs men to Anderson?

",en,," The question contains a typo and refers to ""Anderson"" instead of ""Altaira,"" which is a location in the story. The correct answer would be: The attraction of Altaira is its potential for harboring the deadly virus, chlorophage, which draws scientific and medical attention.",narrativeqa,148,1.0,narrativeqa,478201dd5ae2b46b44caacaa387140a11bf5437332820d41,Answer:,['HER BEAUTY'],8721
"Question: Why was Falder worried about Ruth?

",en,, Because he loved her and feared losing her.,narrativeqa,148,1.0,narrativeqa,b91ede2d2d08ea6f5f3b894c932b70e141665dd59d334dc8,Answer:,['Her husband abused her'],22762
"Question: How did Bill die?

",en,, Bill was shot by Benson.,narrativeqa,148,1.0,narrativeqa,fd7551a90b78405f6b71079bb8565a2c9f60db1b7e4179c8,Answer:,['He is killed by police.'],31690
"Question: Why are Holmes and Dr. Watson in Cornwall?

",en,, To investigate the Cornish Horror.,narrativeqa,148,1.0,narrativeqa,627d4b1bf8c78ab08d4da01abc81be9e724d1e8bcb2d2e6b,Answer:,"[""For Holmes' health.""]",10014
"Question: What ghost emerged from a painting at Dana's workplace?

",en,, Vigo,narrativeqa,148,1.0,narrativeqa,414ea192da69d6665e5ad41f59b34c6e1a8b5a59fa0703e5,Answer:,['Vigo'],25089
"Question: How is Mary initially educated?

",en,, By her mother and a governess.,narrativeqa,148,1.0,narrativeqa,507378fadb4447d3f857ab09512a7bf0cae2c34083e449c6,Answer:,['Nature and books'],23312
"Question: Where does the slime attack Dana and Oscar?

",en,, The slime attacks Dana and Oscar at the museum.,narrativeqa,148,1.0,narrativeqa,73705494f8a477420b27dee08ab2c02f30cad6025cd3e388,Answer:,['museum'],25088
"Question: Who made the original cursed videotape?

",en,, Sadako.,narrativeqa,148,1.0,narrativeqa,a8a172aa00eb9de7d74042b9cd27d07cf537b2056b93cf62,Answer:,['Sadako Yamamura made the tape psionically.'],17492
"Question: Where does this story take place?

",en,, In Athens.,narrativeqa,148,1.0,narrativeqa,0efa676797a76ec31f8888ffea26cffe75b602ee3a38b7a2,Answer:,['In Socrates Cell?'],6591
"Question: How did Shizuko Yamamura die?

",en,," Shizuko Yamamura died by being killed by her father, Professor Ikuma, in a fit of rage.",narrativeqa,148,1.0,narrativeqa,887b45fe14ce901239d9ec0eee625ec5f02c410b1eb426b4,Answer:,['She committed suicide.'],17491
"Question: Why did Bennett Landsmann need to defend Seth Lazurus in court?

",en,, To protect Seth Lazurus from unjust accusations.,narrativeqa,148,1.0,narrativeqa,62fc0808be185047c6e6ec24c916c59def5d1acd30a95861,Answer:,"[""because he's a lawyer""]",8727
"Question: Which remarkable habit did Enoch Soames demonstrate with regard to choice of clothing?

",en,, He wore a soft black hat of clerical kind and a gray waterproof cape.,narrativeqa,148,1.0,narrativeqa,41d2d4a499eabd3034b061845ae3c279f5befd0fce60f757,Answer:,['always wore a grey waterproof cape and a soft black hat'],11202
"Question: Who did Baron Conrad kill?

",en,, Baron Henry.,narrativeqa,148,1.0,narrativeqa,a5e44b1e2b98f80aabab5f1b8296d0fe66d53b31c1f3e332,Answer:,['Baron Frederick'],27737
"Question: How is Mary initially educated?

",en,, By her mother and a governess.,narrativeqa,148,1.0,narrativeqa,cf6cd2d8526658bac5ee4a39bc0237021c54eec652d27d1b,Answer:,['She educates herself using books and the natural world.'],23312
"Question: What religion supported Dave during Jim's trial?

",en,, Baptist,narrativeqa,148,1.0,narrativeqa,923329f49e6ae0c9f11914e9b90d01a64bc74f6c0dd663bd,Answer:,"[""The Baptist's supported Dave. ""]",14762
"Question: Who does Vane write about in her letter?

",en,, The American girl.,narrativeqa,148,1.0,narrativeqa,ba016e084e6954d21521889759d81e159d1977cbf2b3354a,Answer:,['Louis Leverett'],13954
"Question: What are some important themes mentioned in this story?

",en,," Themes include revenge, the struggle between good and evil, the power of mercy, and the consequences of violence.",narrativeqa,148,1.0,narrativeqa,787d7fce3ea3a5afc996204942227e91ad057b882c3d3633,Answer:,"['Be responsible,keep your word and be wise and peaceful.']",27741
"Question: What happens to Tomoko?

",en,, Tomoko dies after watching the cursed videotape.,narrativeqa,148,1.0,narrativeqa,040a455faa539cf124460b1b37165be70269fc8b8a9a0c60,Answer:,['Tomoko reveals that they watched a video tape with several friends a week ago and received a strange call after watching it. Tomoko is killed while Masami watches.'],17490
"Question: What was the description of the teens faces when they died?

",en,, Their faces were twisted in expressions of fear and shock.,narrativeqa,148,1.0,narrativeqa,19ec182d75e69f6f85cc7a4fa8f9ca22b124800bc8736b1d,Answer:,['Their faces twisted in fear.'],17497
"Question: Who was the final raid in the story on?

",en,, The Sinsings.,narrativeqa,148,1.0,narrativeqa,86d2cd2994feadad471854df8ce765545fe6bab1cee02259,Answer:,['The Sinsings'],27510
"Question: Who leaves Chicago with him?

",en,, Abby leaves Chicago with him.,narrativeqa,148,1.0,narrativeqa,b03244c8cc2681df1008d27c974d81415336396dff81f06d,Answer:,['His girlfriend Abby and her sister Linda.'],31691
"Question: What do the Ghostbusters do to stop an argument between Ray and Winston?

",en,, They use the proton packs to create a distraction and calm the situation.,narrativeqa,148,1.0,narrativeqa,973ac7fc4eb400348ec30dae56ba4d177d0ade45a3529d3e,Answer:,['Take their clothes off'],25093
"Question: What does Frank Saltram do for work?

",en,, Frank Saltram is a lecturer.,narrativeqa,148,1.0,narrativeqa,3ab2add236bd7cba3c5f398e53ab0b6581fa82dae827c871,Answer:,['He does not work.'],22694
"Question: Who did Ruth Honeywill plan to escape with?

",en,, William Falder.,narrativeqa,148,1.0,narrativeqa,9420daeb72715dee209b0b33539597d033d14ca5fa6b2365,Answer:,['Falder'],22764
"Question: What Medical school does Laura attend?

",en,," None, Laura is not a character in the story.",narrativeqa,148,1.0,narrativeqa,e726a44d5d159de71612e7733d453f36d881d6f19f484fe4,Answer:,['Laura attends Harvard Medical school.'],8722
"Question: What gift did the mayor give to the Ghostbusters?

",en,, The mayor gave the Ghostbusters a new job.,narrativeqa,148,1.0,narrativeqa,1e06ea4077ecabcd5cc72281c2a3e843f0c17dccd8af3183,Answer:,['key to the city'],25089
"Question: Who does the Witch create?

",en,, The Witch creates a living image.,narrativeqa,148,1.0,narrativeqa,cffc706d1ed5ecaa2b18b058e30ec11b1f8fc8a42f455048,Answer:,['Hermaphroditus.'],5397
"Question: Where did the lover hide?

",en,, In the closet.,narrativeqa,148,1.0,narrativeqa,deaf226b06424a0b0603f5aba885cb4420774c9df944bbf1,Answer:,['In a closet.'],8139
"Question: Who greeted Jacob in his apartment after Jacob finally came to terms with his military ordeal?

",en,," The demon, in the form of JEZZIE, greeted Jacob in his apartment after he finally came to terms with his military ordeal.",narrativeqa,148,1.0,narrativeqa,acc4bde34060bc451a73e0e1e0d0bc7e1ca93695bc8112a1,Answer:,['His son Gabe'],36418
"Question: Where were Jim and Dave from?

",en,, Eatonville.,narrativeqa,148,1.0,narrativeqa,15ff32c8af396eaac6495b631f649886830d897c008bdc84,Answer:,['Eatonville'],14761
"Question: Who discovered the Tregennis siblings the morning after the tragedy?

",en,, Sherlock Holmes,narrativeqa,148,1.0,narrativeqa,077293776804b7d32e78db5ef172d5c960716006e8b446da,Answer:,['The housekeeper'],10016
"Question: Who killed Jacob?

",en,, Jacob killed himself.,narrativeqa,148,1.0,narrativeqa,f4e1da583a42af305bdf0bca385229d260cc7b93af90a426,Answer:,['One of his fellow soldiers.'],36405
"Question: What is Landsmann's ultimate profession?

",en,, A ship's doctor.,narrativeqa,148,1.0,narrativeqa,90cd90dd2b5ecaa57b899f172cabca1baa2db41646acedd2,Answer:,['A lawyer'],8721
"Question: What does Gravener want Ruth to do with the money?

",en,, Gravener wants Ruth to use the money for the Endowment.,narrativeqa,148,1.0,narrativeqa,8ac0d86e207a81bc5c11e419220042c59535dc8f50204439,Answer:,['Keep it to buy a house '],22697
"Question: To whom does Miranda write her letters?

",en,, To her mother.,narrativeqa,148,1.0,narrativeqa,89fa29fe98311bcd10f72a7d965065e2527f282e89594c37,Answer:,['Her mother.'],13953
"Question: How many days do viewers of the tape have to live after they watch it?

",en,, Seven days.,narrativeqa,148,1.0,narrativeqa,aab61294906308c2c4f4410552bfe47885450370839736ad,Answer:,['7 days'],17501
"Question: What was Grassou's wife's name?

",en,, Virginie,narrativeqa,148,1.0,narrativeqa,c549a937e1ff08308e3afe359c4db27ba066adcabb4b2425,Answer:,['Virginie.'],7896
"Question: What does Reiko do differently that causes her not to die like the others?

",en,, She copies the tape and shows it to someone else.,narrativeqa,148,1.0,narrativeqa,91c715bd83e23bb735511450936df79969d1871bd0dda0cc,Answer:,['She made a copy of the tape and gives it to her husband to study.'],17500
"Question: What is death disguised as?

",en,, A chess opponent.,narrativeqa,148,1.0,narrativeqa,5eaa334fa7a1d55b36d65745662a6d44a0b13c32a8a773a8,Answer:,['A monk.'],18050
"Question: What does a citizen willingly do if they agree to live in Athens?

",en,, A citizen willingly agrees to be governed by the laws of Athens.,narrativeqa,148,1.0,narrativeqa,5e4a40a8b41c5d30f46458198614c34f7f789a67796d050d,Answer:,['Comply with the laws'],6598
"Question: How does Falder break his neck?

",en,, He jumps from a window.,narrativeqa,148,1.0,narrativeqa,f8c64a0b7b14d8547ec79d736d74a5be64f611f65bd96988,Answer:,['He throws himself down the stairs'],22762
"Question: What does Reiko discover saves viewers of the tape from their imminent death?

",en,, A copy of the tape and showing it to someone else.,narrativeqa,148,1.0,narrativeqa,26c58dd3a2eb5eb56503bf26f523dd9017bc802edc1d4223,Answer:,['Making a copy and showing it to someone else'],17499
"Question: What is the name of Mortimer Treginnis' sister?

",en,, Brenda Tregennis,narrativeqa,148,1.0,narrativeqa,e4763b2d20ad1b86e79d853759b3c68636b69b8fc58c9a5e,Answer:,['Brenda.'],10014
"Question: What did Madam de Merret and her husband do after walling off the closet?

",en,, They slept in the same room.,narrativeqa,148,1.0,narrativeqa,8341f7a6590de673c41b1847546ba9a2b7bef46906443a29,Answer:,['They stayed in the bedroom for a few days with the sounds of her lover trapped. '],8148
"Question: Prior to her brother's death, how did Mary spend most of her time outside of the home? 

",en,, Reading and writing.,narrativeqa,148,1.0,narrativeqa,1f4e0b8679c63575a052299e5d266741fe47c6eb672ece9e,Answer:,['With her charity'],23324
"Question: What is Clifford's profession?

",en,, Clifford is a police officer.,narrativeqa,148,1.0,narrativeqa,7570a52d69ab93c5f54eba4c45d44a3411650c1e4694760a,Answer:,['A security guard.'],29630
"Question: What was Rodgers exposed to while investigating?

",en,, The disintegrator rays.,narrativeqa,148,1.0,narrativeqa,d660c82758a6d8d265d8214e779593755f968c1f75acfb87,Answer:,['Radioactive gas'],27508
"Question: Where is the rental cabin located that Reiko found the tape?

",en,, The rental cabin is located in Izu.,narrativeqa,148,1.0,narrativeqa,141a3f0713e008f2b19cb78757c28d61c8f71427d4613c44,Answer:,['Izu Oshima Island'],17497
"Question: What does Clarence take from the apartment? 

",en,, A suitcase full of cocaine.,narrativeqa,148,1.0,narrativeqa,3b93fd7360b75c5207a3de730296a6a1a968289c27ea1d6c,Answer:,['A bag that contains cocaine'],29633
"Question: How many years into the future was Soames sent?

",en,, 100 years.,narrativeqa,148,1.0,narrativeqa,ef34f858c45b105916d82027347c397ca58151b0a6bd37aa,Answer:,['100.'],11198
"Question: How did the housekeeper's feet get wet during Holmes' visit?

",en,, The housekeeper's feet got wet from walking on the muddy path.,narrativeqa,148,1.0,narrativeqa,00e523b3da92cec012d5262c1d0c98507f6c4b67e3c8aaf4,Answer:,['Holmes accidentally kicks over a water pot'],10016
"Question: What would Socrates turn into if he agreed to break out of prison?

",en,, A doer of evil.,narrativeqa,148,1.0,narrativeqa,b7b3b83227d5bd105ada694c356855ffe9e2a5e09dd613ab,Answer:,['He would turn into an outlaw.'],6598
"Question: Who acts as Falder's lawyer?

",en,, Cokeson,narrativeqa,148,1.0,narrativeqa,effb0e0c603a8569abcfe4078c09c8c63f3c6f57e85df43c,Answer:,['Frome'],22761
"Question: Who asks the Ghostbusters for help?

",en,, The mayor asks the Ghostbusters for help.,narrativeqa,148,1.0,narrativeqa,0db2f34454b48e055fc1f54e54f6f19c4e2bd41c2e52795f,Answer:,['Dana'],25086
"Question: What is Soames unhappy about?

",en,, Soames is unhappy about his lack of recognition and success.,narrativeqa,148,1.0,narrativeqa,add987fbf4b13d64b945bf44fb0b7cc5a9284a6a5b75d71c,Answer:,['the his works are not recognized'],11194
"Question: What is Mary's mother's name?

",en,, Eliza,narrativeqa,148,1.0,narrativeqa,971da5c683ec66c727895dbbab133b42bd4aff3e75c8eda5,Answer:,['Eliza'],23312
"Question: What gang did Rodgers and the other humans fight while he was at the camp?

",en,, The Sinsings.,narrativeqa,148,1.0,narrativeqa,7b71f8fab58b267e1a174412725a0d0df25f260d596d9c70,Answer:,['The Hans'],27516
"Question: Where does Alabama meet Clarence for the first time? 

",en,, At a movie theater.,narrativeqa,148,1.0,narrativeqa,ac44a02780985754f0c439cdc0fa9b0ed3a9f80e76da0304,Answer:,['At a Detroit theater. '],29635
"Question: How is Oscar related to Dana?

",en,, Oscar is Dana's baby.,narrativeqa,148,1.0,narrativeqa,e1514d530becf70246cb43e50b44a1c615cbbded416ccb15,Answer:,"[""It's her son""]",25086
"Question: What does Socrates believe about being judged in the after life if he breaks out of prison?

",en,, Socrates believes he will be judged in the afterlife by the laws of Athens if he breaks out of prison.,narrativeqa,148,1.0,narrativeqa,fb2d8ee43b24c62eaa479e62d1ac1fabdbb461cc1a60099b,Answer:,['It would have a negative effect'],6602
"Question: Madame de Merret threatened to leave her husband if he did what?

",en,, If he did not keep his promise to leave her husband.,narrativeqa,148,1.0,narrativeqa,99ff684ab5baa313a2e0a02355fa055b0c4ae1137b44a153,Answer:,['Opened the closet'],8146
"Question: Who moved to Chicago to perform mercy killings?

",en,, No one is explicitly mentioned as moving to Chicago to perform mercy killings in the story.,narrativeqa,148,1.0,narrativeqa,ba3c942a713b66ab70a132aed673b0e9f46faf4727d59f6b,Answer:,['Seth Lazarus'],8724
"Question: How does the art-dealer describe Grassou's skill level to Virginie's father?

",en,, As a decorated and esteemed artist.,narrativeqa,148,1.0,narrativeqa,a1d871fbe70ac6b9dcec5a8c89c6bf0cf26230b0b4f1968b,Answer:,['A grand master.'],7902
"Question: What is Grassous biggest disappointment?

",en,, His biggest disappointment is that his work is mocked by true artists.,narrativeqa,148,1.0,narrativeqa,8317d375904e2fcba00401b32177f783d5f8d348a1ef503f,Answer:,"[""He doesn't feel he is a true artist.""]",7896
"Question: Who does Don Vincenzo Coccotti work for? 

",en,, Don Vincenzo Coccotti works for no one.,narrativeqa,148,1.0,narrativeqa,dd97ebb3408847191356780310676099e897a13ba1b1b4d0,Answer:,"['A mobster named ""Blue Lou Boyle"". ']",29633
"Question: Why did the police come back for Falder after he left prison?

",en,, Because he was wanted for a crime and had not reported himself.,narrativeqa,148,1.0,narrativeqa,fa81b8a2b6a29cc83f00088ce2bca908175658075648bad2,Answer:,['He failed to report'],22768
"Question: Who does Falder believe could be murdered by her husband?

",en,, Ruth.,narrativeqa,148,1.0,narrativeqa,e3828e0aa23a133903295abea7fdf8d449ce1edf2f202593,Answer:,['Ruth Honeywill'],22766
"Question: Where is Alabama's son born?

",en,, In Detroit.,narrativeqa,148,1.0,narrativeqa,1842b0ff1882e545a6d41d5caf67bba5312872423fa48e74,Answer:,['Mexico.'],29631
"Question: What does Eliza, on her death bed, request of her daughter Mary?

",en,," Eliza, on her death bed, requests of her daughter Mary to take care of her other children.",narrativeqa,148,1.0,narrativeqa,d298b30eedffe37aa3082a45a8be4cc7dfe4f2b9cba5dc96,Answer:,['That she marry Charles'],23319
"Question: What does Death ask Antonius?

",en,," What does Death ask Antonius?  
**He asks if he is prepared.**",narrativeqa,148,1.0,narrativeqa,cb76250ae8598592d1baa7ca35e914646a3d5dcbf8220896,Answer:,"['If Antonius has succeeded in his ""one meaningful deed.""']",18050
"Question: Who defends Lazarus during his murder trial?

",en,, No one.,narrativeqa,148,1.0,narrativeqa,04f150c4bf11012af442b15c455ff708641861c80bd7e7dc,Answer:,['bennett landsmann'],8723
"Question: What is Mary taught after her brother dies?

",en,, Mary is taught the value of self-reliance and the importance of moral integrity.,narrativeqa,148,1.0,narrativeqa,de0f895b76472481f0f37ea6b4a386d3f6cde97ae64e0516,Answer:,['accomplishments'],23315
"Question: What is death disguised as?

",en,, A chess opponent.,narrativeqa,148,1.0,narrativeqa,3cef32e4b61eee93ced7c533804485d3c49ee09560b72120,Answer:,['a priest'],18050
"Question: Why did Mary marry Charles?

",en,," Mary married Charles due to societal expectations and familial obligations, not out of love.",narrativeqa,148,1.0,narrativeqa,cb00113ac346ae33f58e2d4729f7c2bc5ef5a6e32adc193b,Answer:,['Because her mother requested it on her deathbed.'],23312
"Question: Who does Mortimer blame for the death of his sister?

",en,, Dr. Leon Sterndale.,narrativeqa,148,1.0,narrativeqa,28e5088749902173994fdcde40990b3f316d69bdbdaea0f8,Answer:,['the devil'],10016
"Question: How does Jacob first meet Michael Newman?

",en,, Jacob first meets Michael Newman in a dream.,narrativeqa,148,1.0,narrativeqa,eb73d93ce14c59f39742a50530616f774ff426eab7427f99,Answer:,['He treated him in Vietnam.'],36409
"Question: What nationality is Ruth Anvoy?

",en,, American,narrativeqa,148,1.0,narrativeqa,1cf24ba18f6900bb1f182594f614a8da725a8467d6255e08,Answer:,['American'],22692
"Question: Rogers destroyed what gang's airship?

",en,, The Sinsings' airship.,narrativeqa,148,1.0,narrativeqa,d844057a13c2cc7018e8328dfe10767938b3e28689e359ff,Answer:,['The Han gang.'],27506
"Question: When does Reiko realize the curse is still unbroken?

",en,, When Reiko realizes the curse is still unbroken?,narrativeqa,148,1.0,narrativeqa,76ebc13c929fa3fb7b51d0c58d1d1f86214b096b53f8351b,Answer:,['After her husband calls her'],17495
"Question: Who traveled to Britain to visit her aunt?

",en,, Ruth Anvoy,narrativeqa,148,1.0,narrativeqa,16cbcc8b763a701d2c65eb13cb180e3195868e65de706ea5,Answer:,['Ruth Anvoy'],22695
"Question: Where do Jim and Dave go after seeing Daisy for the last time?

",en,, To the trial.,narrativeqa,148,1.0,narrativeqa,1309d6cce29b59587533ab35e031789c33f1186e988ebc91,Answer:,"['They both return to Eatonville, Florida. ']",14768
"Question: What is the setting of the story?

",en,, A medieval castle and surrounding countryside.,narrativeqa,148,1.0,narrativeqa,640cd8b132ca6e7906758f1b7401c6f0512e5350af0ecbbe,Answer:,['Germany'],27739
"Question: What then happens to Reikos husband?

",en,, He is killed by the curse.,narrativeqa,148,1.0,narrativeqa,d96a627657534494f9c586e0c1b74d6b746c29e35f12a2c4,Answer:,['has a heart attack'],17492
"Question: Where did Falder work after he got out of prison?

",en,, In the office of James and Walter How.,narrativeqa,148,1.0,narrativeqa,f833f7b0219b25a96177a2aa6c9b30afadcb6d3fc95235f9,Answer:,['James How & Son '],22766
"Question: What is Saltram's living situation?

",en,, Saltram lives with the Mulvilles.,narrativeqa,148,1.0,narrativeqa,979294831f2e204dd0340f8017a76400d0e67bf7feb92629,Answer:,['Lives with mulvilles '],22692
"Question: Where did the lover hide?

",en,, In the closet.,narrativeqa,148,1.0,narrativeqa,0a567230f3e2096d313699858dc654ee517ed5acbc9d96ce,Answer:,['In the closet'],8139
"Question: Why is Grassou still resentful, despite his potentially advantageous marriage?

",en,, Because he feels his work is undervalued and mocked by true artists.,narrativeqa,148,1.0,narrativeqa,42a2c14632d52bae9db7d4ba4ee0e76a033d95762dc7b88b,Answer:,['He feels as the he is still not a real artist.'],7901
"Question: What is it that the teenagers were discussing?

",en,, The teenagers were discussing a cursed videotape.,narrativeqa,148,1.0,narrativeqa,24b64b063d69befcdfb40fc1cfedc18591ca72fbf30b8d76,Answer:,['A videotape which is cursed and is rumored to bear a curse that kills the viewer in seven days after watching.'],17494
"Question: What was Alabama's profession?

",en,, Alabama was a call girl.,narrativeqa,148,1.0,narrativeqa,9b7e93c37eda3b907a9caa5eba250f8b25484613a10f8d95,Answer:,['Alabama was a call girl.'],29630
"Question: Who was Jezzie?

",en,, A demon who was also JACOB's wife.,narrativeqa,148,1.0,narrativeqa,968946b19201f80e7a25eab638238ca70ec79b905d22bf38,Answer:,['The woman he dated and lived with after the war.'],36405
"Question: What does Louis tell Jacob that hell burns away?

",en,, The demons.,narrativeqa,148,1.0,narrativeqa,287326088a17e7eb46973099e2a58e3374d50280f6cb1e27,Answer:,['Your memories and attachments.'],36411
"Question: What contract would be broken if he had escaped?

",en,, The contract between him and the laws of Athens.,narrativeqa,148,1.0,narrativeqa,a24cee35ff6ec6914bf94c1ef8b6cd4f9730a77d4caaa8b2,Answer:,['The social contract.'],6594
"Question: How does the art-dealer describe Grassou's skill level to Virginie's father?

",en,, As a decorated and esteemed artist.,narrativeqa,148,1.0,narrativeqa,6400c535cd592c9e7e30d15803baa5c7f98e2c06e7ea1da6,Answer:,['he calls Grassou a grand master'],7902
"Question: Who argues on behalf of Dave?

",en,, No one specifically argues on behalf of Dave; the story focuses on the conflict between Dave and Jim.,narrativeqa,148,1.0,narrativeqa,6207b43d3369505e941b78f47a230efea8edde3b68bf50f4,Answer:,['Elder Childers'],14761
"Question: What was Jim's punishment for being found guilty?

",en,, Jim was locked up in the barn.,narrativeqa,148,1.0,narrativeqa,a4d4338ea46bcf775691966f2308ed8e1eae9d4f21581279,Answer:,['Jim was banished from his town for two years.'],14763
"Question: Which of her children does Eliza favor over the other?

",en,, None of her children.,narrativeqa,148,1.0,narrativeqa,563e90502f5614d7c6767f0d1c54677e8ad7523dd9627bc6,Answer:,['Eliza favors her son over her daughter.'],23317
"Question: Upon his upbringing, what is Otto known for?

",en,, Otto is known for his kindness and gentle nature.,narrativeqa,148,1.0,narrativeqa,de8d64e55be4e4abc78ab3c27e7f28ebd28c7484c111b435,Answer:,['His wise counsel and peaceful nature'],27740
"Question: Who is Eliza's favorite?

",en,, Eliza's favorite is Mary.,narrativeqa,148,1.0,narrativeqa,cb33b635d4a123fa9708b209bbfa323f19af169d0b71bb2f,Answer:,['Her son'],23311
"Question: Where in Pennsylvania was Buck Rodgers investigating reports of phenomena?

",en,, In the Wyoming Valley.,narrativeqa,148,1.0,narrativeqa,5fdcf93eab07256e5d12a724f77d59505203dda0a1b89a0a,Answer:,['Wyoming Valley'],27511
"Question: What did T.K. Nupton think of Soames' existance?

",en,, T.K. Nupton thought Soames' existence was imaginary.,narrativeqa,148,1.0,narrativeqa,a5a146aef10058746200bd69eda1c3dc093261cc97ec32ce,Answer:,['He thought he was a fictional character.'],11197
"Question: Why was Mortimer Trefinnis once estranged from his siblings?

",en,, Due to a family quarrel over money.,narrativeqa,148,1.0,narrativeqa,0431126a12d83a266d88603f505ac4f1014bcb3d8cc02c10,Answer:,['The matter of the division of the proceeds from selling the family business.'],10015
"Question: Where does Dwyer open his in vitro clinic?

",en,, The question is not related to the story provided.,narrativeqa,148,1.0,narrativeqa,5c19d56ccc3fd2563e9d5ff9a5683a6ed8ee9ff506797a01,Answer:,['Hawaii'],8724
"Question: Who does Monsieur  Vervelle want his child to wed?

",en,, Monsieur Vervelle wants his child to wed Pierre Grassou.,narrativeqa,148,1.0,narrativeqa,82c3336e4f0ee4fc778e163032ecdfcd091dd8c91f50929c,Answer:,['Pierre Grassou.'],7900
"Question: What did Madam de Merret's husband discover about her?

",en,, He discovered she had a secret lover hidden in a closet.,narrativeqa,148,1.0,narrativeqa,7284b797cdd8a5d15d986be4fc7ed72512fe1d164bb8c0db,Answer:,['That she was having an affair. '],8143
"Question: What hidden message does Reiko find within the video?

",en,, A hidden message about a cursed video that leads to death.,narrativeqa,148,1.0,narrativeqa,989c68a5afa115a48dd9edac8b946a517fae775b6062b3be,Answer:,"['Frolic in brine, goblins be thine']",17495
"Question: What is La Grande Breteche?

",en,," A dilapidated mansion left in a state of ruin, with strict conditions to preserve its decay for fifty years.",narrativeqa,148,1.0,narrativeqa,78e1602679a5ca1b22f32e665e8c31039b1a0c16a099efe5,Answer:,['The ruins of an abandoned manor. '],8139
"Question: What happened as a result of Anvoy and her fiance discussing giving the money to Saltram?

",en,," The discussion led to Anvoy deciding to give the money to Saltram, which resulted in his being able to live comfortably and continue his work, while also causing tension in the relationship between Anvoy and her fiancé.",narrativeqa,148,1.0,narrativeqa,d41198bdebd7b9472ae77beecbe8b7e1b7a46dca92d2d8f2,Answer:,['They broke off their engagement.'],22703
"Question: What is the name of the character who is from New York?

",en,, Violet R.,narrativeqa,148,1.0,narrativeqa,3aeebc5be470ddd2eafefee76cf25d8e6b08cbd669adc9e4,Answer:,['Violet Ray.'],13958
"Question: Who encourages the farmer to marry the girl he falls in love with?

",en,, No one explicitly encourages the farmer to marry the girl; the decision is left to the characters themselves.,narrativeqa,148,1.0,narrativeqa,9b448b0d8f056d1ddebb9503e4560a913dc529309759b358,Answer:,['Bill'],31699
"Question: What are the names of the two teenagers of this story? 

",en,, Masami and Tomoko,narrativeqa,148,1.0,narrativeqa,9faec974fe4711c5b929ebc90f89336aeafe4ad8c5801872,Answer:,['Masami and Tomoko'],17497
"Question: In what war did Rogers learn his battle knowledge?

",en,, In the First World War.,narrativeqa,148,1.0,narrativeqa,33a9901ae9f88659b67c4f203e1a37b1c346d54c42b5b507,Answer:,"['World War 1, or The Great War']",27510
"Question: When invited to Vervelle's home, what does Grassou discover?

",en,, He discovers his own paintings among Vervelle's collection.,narrativeqa,148,1.0,narrativeqa,327947f2fade3b7bda5cfa6d24919d42d2afe66dc15d98d4,Answer:,['A number of his own forgeries.'],7900
"Question: What event reunites Jacob with the other men from his platoon?

",en,," The event that reunites Jacob with the other men from his platoon is the revelation that they are all still alive and that they are in a spiritual realm, where they are waiting for him to join them.",narrativeqa,148,1.0,narrativeqa,c0442bb0d481a92b102c0a19f1b9ffeb338f9094d0fdea97,Answer:,"[""Paul's death.""]",36413
"Question: What analogy does socrates compare citizens and the law to?

",en,, Socrates compares citizens and the law to a parent and child.,narrativeqa,148,1.0,narrativeqa,b3234117bf4b7f313d5f79d32cb3a7ad90abf474d9baa814,Answer:,['Citizens are bound to laws the same as children are bound to parents.'],6595
"Question: What did the Witch throw into a ditch?

",en,, The Witch threw a coffin into a ditch.,narrativeqa,148,1.0,narrativeqa,2f4afd346731e656a9ea321b5a004ffc71da657b2cf2bb5f,Answer:,['A coffin.'],5400
"Question: In what year did Rogers awaken from his deep slumber?

",en,, 2419,narrativeqa,148,1.0,narrativeqa,d99cd0d28d5737d137c97f32cd4f4938884b389d7a382687,Answer:,['2419'],27511
"Question: What happens shortly after Otto returns to his father's castle?

",en,, Otto is saved by his father and the loyal servants.,narrativeqa,148,1.0,narrativeqa,e944eedcb7ca073f4325399091571bdfc54a9492d964fe25,Answer:,['The nephew of Baron Frederick storms the castle and kidnaps Otto'],27742
"Question: What happens before the shoot-out begins? 

",en,, A gun is found in the bathroom.,narrativeqa,148,1.0,narrativeqa,07dc816717f2e2e35ef0d53c75e5c1985eb54cb342416357,Answer:,['Elliot accidentally reveals himself as an informant.'],29632
"Question: What town did Daisy encounter Jim in?

",en,, Eatonville,narrativeqa,148,1.0,narrativeqa,e7d4896765966f6a5c728acac7feaacf20b9424a57be29ba,Answer:,['Story did not mention'],14762
"Question: Who is the owner of the manor in the story?

",en,, The Comte de Merret.,narrativeqa,148,1.0,narrativeqa,b379cad63ae59ca3d948327329ba6481b0205675a4669a26,Answer:,['Madame de Merret'],8144
"Question: What was Gravener urging Anvoy to do?

",en,, Gravener was urging Anvoy to consider the moral obligation of the Coxon Fund.,narrativeqa,148,1.0,narrativeqa,b4fc3cd3603720687018d2b4ec677a948aa3555ed8b218f9,Answer:,['Keep the money.'],22694
"Question: According to the deal Soames made, how would he find out whether his poetic talent would have been recognized in the future? 

",en,, By being projected into the reading-room of the British Museum in the future.,narrativeqa,148,1.0,narrativeqa,1c4fffbc6acfb659de69246ce9d1e1a47a7e0df4f07c467e,Answer:,['By selling his soul to the devil.'],11211
"Question: Who is the Bull god?

",en,, The Bull god is Apis.,narrativeqa,148,1.0,narrativeqa,616db78bbe044951aa6dd2cf7694fa9cb2679093fa94bb25,Answer:,['Apis'],5397
"Question: How many people fainted after seeing Brenda's dead body?

",en,, Three people fainted after seeing Brenda's dead body.,narrativeqa,148,1.0,narrativeqa,497f82e4a0a991e4a4dbf9c120e4b0e1b8c0aec1d0eecd15,Answer:,['2'],10015
"Question: Who does Clarence marry?

",en,, Alabama.,narrativeqa,148,1.0,narrativeqa,43867169c16323f8898535ee903c8541238c249da965d6f8,Answer:,['Alabama Whitman'],29630
"Question: Who kills the farmer with a screwdriver?

",en,, No one kills the farmer with a screwdriver.,narrativeqa,148,1.0,narrativeqa,38169ee3afb1356b30f468b13f180aa30364be96506f31ba,Answer:,['Bill'],31693
"Question: Who does Grassou paint the forgeries for?

",en,, Grassou paints the forgeries for Elie Magus.,narrativeqa,148,1.0,narrativeqa,6feac558ee5f3ecb14b0b926193cc88a083acf356292b42d,Answer:,['The greats'],7898
"Question: What song does the crowd outside sing that weakens Vigo?

",en,," ""Higher and Higher""",narrativeqa,148,1.0,narrativeqa,70b284b8df3a6b792b62c91b56a951f6ec946b73a14e8250,Answer:,['Auld Lang Syne'],25090
"Question: What is the fatal thought that Grassou is believed unable to remove from his heart?

",en,, That artists laugh at his work; his name is a term of contempt in the studios; and the feuilletons take no notice of his pictures.,narrativeqa,148,1.0,narrativeqa,cd10cf90d7eb19a9f362b7075c408e6c24e66663e051ee57,Answer:,['That artists laugh at and ridicule his work.'],7906
"Question: Who does Mary marry?

",en,, Mary does not marry.,narrativeqa,148,1.0,narrativeqa,7098b345b24738b291638f32aa4638357c96f0298ae4a1a0,Answer:,['Charles'],23311
"Question: What is La Grande Breteche?

",en,," A dilapidated mansion left in a state of ruin, with strict conditions to preserve its decay for fifty years.",narrativeqa,148,1.0,narrativeqa,0f21dd0fa76866f8616c3241e94707bb5096f62eac7b22d7,Answer:,['Abandon manor'],8139
"Question: When the Ghostbusters go to the museum on New Years' Eve, what song are the people singing?

",en,," ""Higher and Higher""",narrativeqa,148,1.0,narrativeqa,8afafdee3d1ecc8c8c3ed128add65835b825bc8958b760a2,Answer:,['Auld Lang Saye'],25097
"Question: Where is the abandoned manor located?

",en,, Near Vendome.,narrativeqa,148,1.0,narrativeqa,ec7663a53f4cf9f8b08db6e01c53149998f86870fa5e2bf2,Answer:,['Near the town Vendome'],8140
"Question: Why did Jim and Dave fight?

",en,, Because they both wanted Daisy.,narrativeqa,148,1.0,narrativeqa,bf3efe2d554a3bc0403a12e8b7789b4a1fd36857536a302c,Answer:,"[""For Daisy's affection. ""]",14761
"Question: Who created ""The Ladder""?

",en,, Bruce Joel Rubin,narrativeqa,148,1.0,narrativeqa,21584219f298228a2f511fdf76d201926a3f3a1878562e90,Answer:,['The US Army chemical weapons division.'],36406
"Question: Why did Baroness Matillda went into premature labor?

",en,, Because of the emotional stress of her husband's impending battle.,narrativeqa,148,1.0,narrativeqa,54f2f879348f7aee93be9a778ebe8a61a072c924be745986,Answer:,"[""Because she saw her husband's battle wounds""]",27740
"Question: What did the less beautiful receive from the Witch?

",en,, The less beautiful received strange dreams from the Witch.,narrativeqa,148,1.0,narrativeqa,0269d09695c64f23e4e0555aad0e972d86289e6ad01e92dd,Answer:,['Strange dreams.'],5401
"Question: Where do Mr. and Mrs. Vervelle live?

",en,, In Ville d'Avray.,narrativeqa,148,1.0,narrativeqa,1a3461af057c1e598b8c78ce5227e30baa7d706e6dcebf9e,Answer:,"[""In a mansion in Ville-d'Avray. ""]",7898
"Question: Why does Baron Henry attack Castle Drachenhausen?

",en,, To avenge the death of his brother and seize control of the castle.,narrativeqa,148,1.0,narrativeqa,379ccfa193f4938199579c116c1faa1fa5a90c370c02c280,Answer:,"['Baron Conrad killed his uncle, Baron Frederick.']",27739
"Question: How did Bill die?

",en,, Bill was shot by Benson.,narrativeqa,148,1.0,narrativeqa,fbeb825de92309788269da33aa6bd189c7b1d46b997746f4,Answer:,['he was killed by the police'],31690
"Question: Who represents Jim in the trial?

",en,, Dave,narrativeqa,148,1.0,narrativeqa,a4ec8d17e607318bd203d7bf1dd2b9230d7d97641cf1d9c2,Answer:,['Elder Simms'],14761
"Question: How did Soames's presence in the future affect others? 

",en,, Soames's presence in the future caused confusion and fear among those who encountered him.,narrativeqa,148,1.0,narrativeqa,2647b0dec2c7dcf97dede643e97d1e4235093b77165c692d,Answer:,['It caused a stir.'],11198
"Question: Who does the wealthy farmer marry?

",en,, The wealthy farmer marries the woman he loves.,narrativeqa,148,1.0,narrativeqa,32e116c58a3c59fc170aa5f4e1dde414c8f3881872889826,Answer:,['Abby'],31692
"Question: What job does the mayor want to have?

",en,, The mayor wants to have the job of being the leader of the city.,narrativeqa,148,1.0,narrativeqa,45662812b248370fa585a5422dfbf7866258845c93e7819f,Answer:,['Governor'],25088
"Question: What is unique about the phonetic spelling of the 'future' article that discussed Beerbohm's story? 

",en,, The phonetic spelling of the 'future' article is uniquely presented as a fictionalized account within the narrative.,narrativeqa,148,1.0,narrativeqa,9ccdedc1bdfe2f5c9c2783c15663113648879dff0f68e94c,Answer:,['The English lanuage has evolved.'],11204
"Question: What does the drug that Micheal created do?

",en,, It allows the user to see demons and experience a journey to heaven.,narrativeqa,148,1.0,narrativeqa,dc14ba3e85c6c3400f0d61e663b1948b8893b106c37403e5,Answer:,['It makes people crazy and homicidal'],36410
"Question: Who do Mary and Ann meet is Lisbon?

",en,, Mary and Ann meet a group of people including a man named Henry and other individuals in Lisbon.,narrativeqa,148,1.0,narrativeqa,48745b35fb74c5b08e6ee08d609f6acc4d2968e0140e0a6c,Answer:,['The duo meet Henry on their travels to Lisbon.'],23315
"Question: Where does Virgil die?

",en,, In the Beverly Wilshire hotel.,narrativeqa,148,1.0,narrativeqa,e76cb4d216f09e3bab6d769ae770429fe10498e6a2ca9aad,Answer:,['In the hotel.'],29630
"Question: What did the lawyer discover about Jacob and his unit regarding their service in the war?

",en,," Jacob's unit was involved in a brutal offensive during the war, which resulted in heavy casualties and psychological trauma.",narrativeqa,148,1.0,narrativeqa,f12f81dc7e8c1770eabc4532db20617e6697be92f1df70f6,Answer:,['They were never deployed and were discharged for psychological reasons.'],36418
"Question: What does Madame de Merret ask the mason to do before walling off the closet with bricks?

",en,, She asks the mason to leave a crack at the bottom.,narrativeqa,148,1.0,narrativeqa,cfed47773fbf92534a78d3d5ab856bdaac7cab28c348ab3f,Answer:,['Break a piece of the door that she may look on her lover one last time'],8151
"Question: Where does the Witch live?

",en,, On Atlas.,narrativeqa,148,1.0,narrativeqa,599409eeecf634d84a56ff6b47703f235f0f655a318e44b0,Answer:,['Witch lives in cave on Atlas Mountains'],5397
"Question: After escaping from Baron Henry, where does Otto take refuge?

",en,, At the monastery of St. Michaelsburg.,narrativeqa,148,1.0,narrativeqa,86ee167f1c1b90775808f5d595a56d8c0fe1b2ff3cc46197,Answer:,['The monastery where he grew up.'],27742
"Question: What would Socrates turn into if he agreed to break out of prison?

",en,, A doer of evil.,narrativeqa,148,1.0,narrativeqa,a4f3fcfc5fd3a7c726e59cebfa848065b74902ab3517fdff,Answer:,['An outlaw'],6598
"Question: What does Leon focus on in writing his letters?

",en,, Leon focuses on his romantic encounters.,narrativeqa,148,1.0,narrativeqa,fdf07620fd1004f6da364b2f495439949740b9ea217ba467,Answer:,['The beauty of the women'],13955
"Question: What of mankind was the Witch able to perceive?

",en,, The Witch was able to perceive the inner essence and soul of mankind.,narrativeqa,148,1.0,narrativeqa,034d2735a442e6790227916fa064860a57daf365d3d30f2c,Answer:,['The fears and desires of mankind.'],5401
"Question: Where did Bill work when he lived in Chicago?

",en,, In a factory.,narrativeqa,148,1.0,narrativeqa,df6c6350671baab25c635bfa495eea90c69a7d201b5fe460,Answer:,['Bill worked in a steel mill.'],31695
"Question: Which boarder realizes that none of the boarders like each other?

",en,, The German boarder realizes that none of the boarders like each other.,narrativeqa,148,1.0,narrativeqa,a8c929d6037b84d914b05d984865cbd3651b578544f0e3bf,Answer:,['the German professor'],13957
"Question: How much was the check that was issued by Robert Cokeson forged for?

",en,, The check that was issued by Robert Cokeson was forged for $90.,narrativeqa,148,1.0,narrativeqa,f3f4f8f810afa5e12cd332360f52d4f4fe63919cb3fe7b26,Answer:,['Ninety pounds'],22769
"Question: How did the housekeeper's feet get wet during Holmes' visit?

",en,, The housekeeper's feet got wet from walking on the muddy path.,narrativeqa,148,1.0,narrativeqa,cfc986e72c167c2a8f3bff0498f2f2234bfa038cc8ca9f7f,Answer:,['Sherlock had wet the floor by overturning a water-filled pot.'],10016
"Question: What then happens to Reikos husband?

",en,, He is killed by the curse.,narrativeqa,148,1.0,narrativeqa,d41b617b77c8dddd9d04661856245994ab1c78e88b111632,Answer:,['He watches the video and dies of Cardiac arrest.'],17492
"Question: What town did Daisy encounter Jim in?

",en,, Eatonville,narrativeqa,148,1.0,narrativeqa,d4bc46084679d5f1301df1a824097be4c5c47203e0ca2682,Answer:,['outside town'],14762
"Question: Who died in this story?

",en,, Brenda Tregennis.,narrativeqa,148,1.0,narrativeqa,52c910fb919a865d201b4d6a723f624290e2c663d282315a,Answer:,['Brenda Tregennis'],10011
"Question: What does Holmes observe in the fireplace?

",en,, Holmes observes a strange powder in the fireplace.,narrativeqa,148,1.0,narrativeqa,c22368c99a8cf7d7a3a2bc96d1faeffd21403576f605519b,Answer:,['The remains of afire in the fireplace.'],10013
"Question: What kind of business was Anthony Rogers working for in 1927?

",en,, A scientific business.,narrativeqa,148,1.0,narrativeqa,230ec746dd2dce443e9338acc52ffc45c3b79b6708ae7c0e,Answer:,['Radioactive gas'],27512
"Question: Who does not see death in the end?

",en,, The knight.,narrativeqa,148,1.0,narrativeqa,a3bfcf39ca219cf1af8a91c3f3e30bdcf3f16f7f8f0f1adb,Answer:,['Everyone except for Jof'],18053
"Question: When does Reiko realize the curse is still unbroken?

",en,, When Reiko realizes the curse is still unbroken?,narrativeqa,148,1.0,narrativeqa,a813ddeac39b98eaa48da96b448ec147298ac8b1f370f212,Answer:,['She received a call from Ryuji during his last minutes alive.'],17495
