answer_prefix,answer,question,predicted_answer,max_new_tokens,task,compression_ratio,_id
The special magic numbers for giant-kernel mentioned in the provided text are,['8067509' '1510160' '1044552' '4530859'],What are all the special magic numbers for giant-kernel mentioned in the provided text? ,":

1. **8067509**
2. **1044552**
3. **4530859**
4. **1510160**

These numbers are explicitly mentioned in the text as ""special magic numbers for giant-kernel.""",128,niah_multivalue,1.0,niah_multivalue_32768_0_96
The special magic numbers for brave-marble mentioned in the provided text are,['4260399' '5318004' '2549584' '1197934'],What are all the special magic numbers for brave-marble mentioned in the provided text? ,":

1. **2549584**
2. **4260399**
3. **5318004**
4. **1197934**",128,niah_multivalue,1.0,niah_multivalue_32768_0_67
The special magic number for bright-tree mentioned in the provided text is,['3685693'],What is the special magic number for bright-tree mentioned in the provided text? , **3685693**.,128,niah_single_1,1.0,niah_single_1_32768_0_63
The special magic uuid for solid-meadow mentioned in the provided text is,['97032417-5782-72fe-746a-aaf3730eba42'],What is the special magic uuid for solid-meadow mentioned in the provided text? ,":

**97032417-5782-72fe-746a-aaf3730eba42**",128,niah_multikey_3,1.0,niah_multikey_3_32768_0_33
The special magic number for quiet-island mentioned in the provided text is,['8016677'],What is the special magic number for quiet-island mentioned in the provided text? ,: **8016677**.,128,niah_single_1,1.0,niah_single_1_32768_0_66
The special magic numbers for bold-lake mentioned in the provided text are,['4174555' '6736964' '1918478' '7873902'],What are all the special magic numbers for bold-lake mentioned in the provided text? ,":

1. **7873902**
2. **1918478**
3. **6736964**
4. **4174555**",128,niah_multivalue,1.0,niah_multivalue_32768_0_21
The special magic number for unsightly-hill mentioned in the provided text is,['1730513'],What is the special magic number for unsightly-hill mentioned in the provided text? ,: **1730513**.,128,niah_multikey_1,1.0,niah_multikey_1_32768_0_46
The special magic number for deep-coin mentioned in the provided text is,['5299613'],What is the special magic number for deep-coin mentioned in the provided text? , **5299613**.,128,niah_multikey_2,1.0,niah_multikey_2_32768_0_90
"The special magic numbers for proud-moon, zany-alluvium, fancy-tea, and new-harvest mentioned in the provided text are",['3621111' '7375879' '7166124' '7795388'],"What are all the special magic numbers for proud-moon, zany-alluvium, fancy-tea, and new-harvest mentioned in the provided text? "," as follows:

- **proud-moon**: 3621111  
- **zany-alluvium**: 7375879  
- **fancy-tea**: 7166124  
- **new-harvest**: 7795388  

These numbers are explicitly mentioned in the text as special magic numbers for each of the specified categories.",128,niah_multiquery,1.0,niah_multiquery_32768_0_60
The special magic number for lazy-daily mentioned in the provided text is,['1148014'],What is the special magic number for lazy-daily mentioned in the provided text? , **3267492**.,128,niah_multikey_2,1.0,niah_multikey_2_32768_0_56
The special magic number for icy-island mentioned in the provided text is,['7952585'],What is the special magic number for icy-island mentioned in the provided text? ,":

**7952585**

This number is explicitly stated in the text as:

> **""One of the special magic numbers for icy-island is: 7952585.""**",128,niah_single_1,1.0,niah_single_1_32768_0_65
The special magic uuid for short-few mentioned in the provided text is,['909b471c-0d1f-0a7f-d0fc-e92295be263b'],What is the special magic uuid for short-few mentioned in the provided text? ,":

**909b471c-0d1f-0a7f-d0fc-e92295be263b**",128,niah_single_3,1.0,niah_single_3_32768_0_86
The special magic numbers for long-daily mentioned in the provided text are,['2742044' '8610574' '8757396' '6074932'],What are all the special magic numbers for long-daily mentioned in the provided text? ,":

1. **8610574**
2. **8757396**
3. **6074932**
4. **2742044**

These numbers are explicitly mentioned in the text as ""special magic numbers for long-daily.""",128,niah_multivalue,1.0,niah_multivalue_32768_0_35
The special magic number for fair-patty mentioned in the provided text is,['3779564'],What is the special magic number for fair-patty mentioned in the provided text? ,":

**3779564**

This number is explicitly stated in the text as:

> ""One of the special magic numbers for fair-patty is: 3779564.""",128,niah_single_1,1.0,niah_single_1_32768_0_67
The special magic number for tiny-ember mentioned in the provided text is,['4491057'],What is the special magic number for tiny-ember mentioned in the provided text? , **4491057**.,128,niah_multikey_1,1.0,niah_multikey_1_32768_0_27
The special magic number for fast-island mentioned in the provided text is,['1688944'],What is the special magic number for fast-island mentioned in the provided text? ,: **1688944**.,128,niah_multikey_1,1.0,niah_multikey_1_32768_0_95
The special magic uuid for proud-ember mentioned in the provided text is,['1f2de275-0cbd-c014-dbed-b42e6da313e7'],What is the special magic uuid for proud-ember mentioned in the provided text? ,":

**1f2de275-0cbd-c014-dbed-b42e6da313e7**",128,niah_single_3,1.0,niah_single_3_32768_0_44
The special magic number for abashed-dawn mentioned in the provided text is,['4776792'],What is the special magic number for abashed-dawn mentioned in the provided text? , **4776792**.,128,niah_multikey_1,1.0,niah_multikey_1_32768_0_77
The special magic numbers for red-tree mentioned in the provided text are,['5554567' '3610658' '7130549' '4986082'],What are all the special magic numbers for red-tree mentioned in the provided text? ,":

1. **3610658**
2. **7130549**
3. **5554567**
4. **4986082**",128,niah_multivalue,1.0,niah_multivalue_32768_0_10
The special magic uuid for huge-kernel mentioned in the provided text is,['2353f6bf-d66c-9d9a-6f97-be4964b7b63b'],What is the special magic uuid for huge-kernel mentioned in the provided text? ,":

**2353f6bf-d66c-9d9a-6f97-be4964b7b63b**",128,niah_multikey_3,1.0,niah_multikey_3_32768_0_26
The special magic numbers for long-jungle mentioned in the provided text are,['1838061' '3195813' '4945573' '1207670'],What are all the special magic numbers for long-jungle mentioned in the provided text? ,":

1. **1838061**
2. **4945573**
3. **1207670**
4. **3195813**

These numbers are explicitly mentioned in the text and are referred to as ""special magic numbers for long-jungle.""",128,niah_multivalue,1.0,niah_multivalue_32768_0_58
The special magic uuid for abashed-cornerstone mentioned in the provided text is,['e3259def-c954-7b35-340c-8f0121af1291'],What is the special magic uuid for abashed-cornerstone mentioned in the provided text? ,":

**e3259def-c954-7b35-340c-8f0121af1291**",128,niah_multikey_3,1.0,niah_multikey_3_32768_0_29
The special magic numbers for giant-harvest mentioned in the provided text are,['2307782' '4829218' '5333493' '7805441'],What are all the special magic numbers for giant-harvest mentioned in the provided text? ,":

1. **7805441**
2. **5333493**
3. **4829218**
4. **2307782**",128,niah_multivalue,1.0,niah_multivalue_32768_0_22
"The special magic numbers for jolly-daily, long-marble, grumpy-few, and witty-harvest mentioned in the provided text are",['3692021' '1584656' '6097149' '5512668'],"What are all the special magic numbers for jolly-daily, long-marble, grumpy-few, and witty-harvest mentioned in the provided text? "," as follows:

- **Jolly-daily**: 3692021  
- **Long-marble**: 1584656  
- **Grumpy-few**: 6097149  
- **Witty-harvest**: 5512668  

These numbers are explicitly mentioned in the text as special magic numbers for each of the specified categories.",128,niah_multiquery,1.0,niah_multiquery_32768_0_21
The special magic number for proud-domain mentioned in the provided text is,['1860406'],What is the special magic number for proud-domain mentioned in the provided text? ,: **1860406**.,128,niah_multikey_1,1.0,niah_multikey_1_32768_0_60
The special magic number for crisp-daily mentioned in the provided text is,['9161179'],What is the special magic number for crisp-daily mentioned in the provided text? ,: **9161179**.,128,niah_single_1,1.0,niah_single_1_32768_0_30
The special magic uuid for short-anchor mentioned in the provided text is,['a867a0f0-a8e6-a772-b9cd-e60cab1e6794'],What is the special magic uuid for short-anchor mentioned in the provided text? ,":

**a867a0f0-a8e6-a772-b9cd-e60cab1e6794**",128,niah_single_3,1.0,niah_single_3_32768_0_60
The special magic numbers for eager-government mentioned in the provided text are,['6354813' '1456882' '2087241' '1392526'],What are all the special magic numbers for eager-government mentioned in the provided text? ,":

1. **1392526**
2. **6354813**
3. **1456882**
4. **2087241**

These numbers are explicitly mentioned in the text and are referred to as ""special magic numbers for eager-government.""",128,niah_multivalue,1.0,niah_multivalue_32768_0_37
"The special magic numbers for silly-geometry, short-daily, kind-coin, and abashed-road mentioned in the provided text are",['7875393' '7401474' '4108909' '3453609'],"What are all the special magic numbers for silly-geometry, short-daily, kind-coin, and abashed-road mentioned in the provided text? ",":

- **silly-geometry**: 7875393  
- **short-daily**: 7401474  
- **kind-coin**: 4108909  
- **abashed-road**: 3453609  

These numbers are explicitly mentioned in the text as special magic numbers for each of the specified categories.",128,niah_multiquery,1.0,niah_multiquery_32768_0_46
The special magic uuid for proud-meadow mentioned in the provided text is,['00d22a54-a0c2-7515-76db-405f3aac4458'],What is the special magic uuid for proud-meadow mentioned in the provided text? ,":

**00d22a54-a0c2-7515-76db-405f3aac4458**",128,niah_multikey_3,1.0,niah_multikey_3_32768_0_70
The special magic uuid for efficient-anchor mentioned in the provided text is,['862f78e1-25c2-9b6a-b575-bc6eeee84bcb'],What is the special magic uuid for efficient-anchor mentioned in the provided text? ,":

**862f78e1-25c2-9b6a-b575-bc6eeee84bcb**",128,niah_single_3,1.0,niah_single_3_32768_0_15
The special magic number for huge-moon mentioned in the provided text is,['2680753'],What is the special magic number for huge-moon mentioned in the provided text? ,: **2680753**.,128,niah_single_1,1.0,niah_single_1_32768_0_78
The special magic uuid for eager-patty mentioned in the provided text is,['99fe6c9e-fa7a-3ec4-7ab6-65e2e5c74313'],What is the special magic uuid for eager-patty mentioned in the provided text? ,":

**99fe6c9e-fa7a-3ec4-7ab6-65e2e5c74313**",128,niah_multikey_3,1.0,niah_multikey_3_32768_0_78
The special magic number for quiet-jungle mentioned in the provided text is,['9425124'],What is the special magic number for quiet-jungle mentioned in the provided text? ,: **9425124**.,128,niah_multikey_1,1.0,niah_multikey_1_32768_0_83
The special magic number for ancient-alluvium mentioned in the provided text is,['2946931'],What is the special magic number for ancient-alluvium mentioned in the provided text? ,":

**2946931**

This number is explicitly stated in the text as:

> ""One of the special magic numbers for ancient-alluvium is: 2946931.""",128,niah_single_1,1.0,niah_single_1_32768_0_39
The special magic number for fair-tea mentioned in the provided text is,['8994863'],What is the special magic number for fair-tea mentioned in the provided text? ,":

**8994863**

This number appears in the text as:

> ""One of the special magic numbers for fair-tea is: 8994863.""

(Note: There is a small typo in the original text — it says **8994863** instead of **8994863**, but the number itself is **8994863**.)",128,niah_single_1,1.0,niah_single_1_32768_0_23
The special magic numbers for tiny-blueberry mentioned in the provided text are,['4823673' '7420517' '7316395' '9726102'],What are all the special magic numbers for tiny-blueberry mentioned in the provided text? ,":

1. 9726102  
2. 7316395  
3. 4823673  
4. 7420517  

These numbers are explicitly mentioned in the text as special magic numbers for ""tiny-blueberry.""",128,niah_multivalue,1.0,niah_multivalue_32768_0_92
The special magic number for eager-dawn mentioned in the provided text is,['3111688'],What is the special magic number for eager-dawn mentioned in the provided text? ,: **3111688**.,128,niah_multikey_1,1.0,niah_multikey_1_32768_0_98
"The special magic numbers for lively-ember, gentle-tea, abashed-moon, and zany-harvest mentioned in the provided text are",['3720677' '9706941' '2867899' '3249635'],"What are all the special magic numbers for lively-ember, gentle-tea, abashed-moon, and zany-harvest mentioned in the provided text? ",":

- **Lively-ember**: 3720677  
- **Gentle-tea**: 9706941  
- **Abashed-moon**: 2867899  
- **Zany-harvest**: 3249635  

These numbers are explicitly mentioned in the text as special magic numbers for each of the specified categories.",128,niah_multiquery,1.0,niah_multiquery_32768_0_96
"The special magic numbers for ancient-key, huge-idea, short-beacon, and solid-fox mentioned in the provided text are",['3316801' '3624034' '1104327' '6462489'],"What are all the special magic numbers for ancient-key, huge-idea, short-beacon, and solid-fox mentioned in the provided text? "," as follows:

- **ancient-key**: 3316801  
- **huge-idea**: 3624034  
- **short-beacon**: 1104327  
- **solid-fox**: 6462489  

These numbers are explicitly mentioned in the text and are associated with the respective terms.",128,niah_multiquery,1.0,niah_multiquery_32768_0_41
The special magic number for giant-government mentioned in the provided text is,['6918529'],What is the special magic number for giant-government mentioned in the provided text? , **6918529**.,128,niah_single_2,1.0,niah_single_2_32768_0_39
The special magic uuid for lazy-canyon mentioned in the provided text is,['82ae752f-2d40-76bc-f9cb-2ee827be0381'],What is the special magic uuid for lazy-canyon mentioned in the provided text? ,":

**82ae752f-2d40-76bc-f9cb-2ee827be0381**",128,niah_single_3,1.0,niah_single_3_32768_0_50
The special magic number for kind-hill mentioned in the provided text is,['4970448'],What is the special magic number for kind-hill mentioned in the provided text? ,: **4970448**.,128,niah_single_2,1.0,niah_single_2_32768_0_74
The special magic number for efficient-lake mentioned in the provided text is,['6989031'],What is the special magic number for efficient-lake mentioned in the provided text? ,: **6989031**.,128,niah_multikey_1,1.0,niah_multikey_1_32768_0_23
The special magic uuid for zany-ember mentioned in the provided text is,['cfda7eb9-d74e-e6b2-af77-2905d851b3a6'],What is the special magic uuid for zany-ember mentioned in the provided text? ,":

**cfda7eb9-d74e-e6b2-af77-2905d851b3a6**",128,niah_multikey_3,1.0,niah_multikey_3_32768_0_95
The special magic uuid for short-galaxy mentioned in the provided text is,['accdf01e-c468-79ce-a502-ab4909272b24'],What is the special magic uuid for short-galaxy mentioned in the provided text? ,":

**accdf01e-c468-79ce-a502-ab4909272b24**",128,niah_multikey_3,1.0,niah_multikey_3_32768_0_25
The special magic number for zany-harvest mentioned in the provided text is,['8011007'],What is the special magic number for zany-harvest mentioned in the provided text? , **8011007**.,128,niah_multikey_2,1.0,niah_multikey_2_32768_0_23
The special magic uuid for dark-key mentioned in the provided text is,['84839359-f77f-f815-9058-d9fc94b49889'],What is the special magic uuid for dark-key mentioned in the provided text? ,":

**84839359-f77f-f815-9058-d9fc94b49889**",128,niah_multikey_3,1.0,niah_multikey_3_32768_0_96
The special magic numbers for brave-tea mentioned in the provided text are,['4206977' '1874551' '6339669' '6480722'],What are all the special magic numbers for brave-tea mentioned in the provided text? ,":

1. **6339669**
2. **6480722**
3. **4206977**
4. **1874551**

These numbers are explicitly mentioned in the text and are referred to as ""special magic numbers for brave-tea.""",128,niah_multivalue,1.0,niah_multivalue_32768_0_4
The special magic uuid for abashed-tree mentioned in the provided text is,['167d18ba-7775-fec1-67df-25e7e21335fe'],What is the special magic uuid for abashed-tree mentioned in the provided text? ,":

**167d18ba-7775-fec1-67df-25e7e21335fe**",128,niah_multikey_3,1.0,niah_multikey_3_32768_0_34
The special magic uuid for new-meadow mentioned in the provided text is,['376e22a6-ec07-1cf1-e476-38ec22c71d04'],What is the special magic uuid for new-meadow mentioned in the provided text? ,":

**376e22a6-ec07-1cf1-e476-38ec22c71d04**",128,niah_single_3,1.0,niah_single_3_32768_0_65
The special magic number for zany-river mentioned in the provided text is,['8234688'],What is the special magic number for zany-river mentioned in the provided text? ,: **8234688**.,128,niah_single_2,1.0,niah_single_2_32768_0_9
The special magic numbers for deep-anchor mentioned in the provided text are,['6461129' '7346793' '6763792' '9155500'],What are all the special magic numbers for deep-anchor mentioned in the provided text? ,":

1. **6763792**
2. **6461129**
3. **9155500**
4. **7346793**

These numbers are explicitly mentioned in the text and are referred to as ""special magic numbers for deep-anchor.""",128,niah_multivalue,1.0,niah_multivalue_32768_0_66
The special magic uuid for silver-key mentioned in the provided text is,['fda834ea-c74d-d25c-6dbf-859c037d9752'],What is the special magic uuid for silver-key mentioned in the provided text? ,":

**fda834ea-c74d-d25c-6dbf-859c037d9752**",128,niah_single_3,1.0,niah_single_3_32768_0_94
The special magic number for silver-domain mentioned in the provided text is,['6320814'],What is the special magic number for silver-domain mentioned in the provided text? , **6320814**.,128,niah_multikey_1,1.0,niah_multikey_1_32768_0_36
The special magic number for new-marble mentioned in the provided text is,['5998004'],What is the special magic number for new-marble mentioned in the provided text? ,: **5998004**.,128,niah_multikey_1,1.0,niah_multikey_1_32768_0_68
The special magic number for fair-beacon mentioned in the provided text is,['8902483'],What is the special magic number for fair-beacon mentioned in the provided text? , **8902483**.,128,niah_multikey_2,1.0,niah_multikey_2_32768_0_46
The special magic number for old-melody mentioned in the provided text is,['5746250'],What is the special magic number for old-melody mentioned in the provided text? ,: **5746250**.,128,niah_multikey_1,1.0,niah_multikey_1_32768_0_33
The special magic number for rough-tea mentioned in the provided text is,['6936148'],What is the special magic number for rough-tea mentioned in the provided text? ,: **6936148**.,128,niah_single_2,1.0,niah_single_2_32768_0_98
The special magic number for icy-tea mentioned in the provided text is,['3183683'],What is the special magic number for icy-tea mentioned in the provided text? , **3183683**.,128,niah_single_2,1.0,niah_single_2_32768_0_68
The special magic number for new-marble mentioned in the provided text is,['2153197'],What is the special magic number for new-marble mentioned in the provided text? , **2153197**.,128,niah_multikey_2,1.0,niah_multikey_2_32768_0_81
"The special magic numbers for lazy-canyon, gentle-blueberry, calm-blueberry, and huge-melody mentioned in the provided text are",['5092851' '4115300' '7377933' '3317012'],"What are all the special magic numbers for lazy-canyon, gentle-blueberry, calm-blueberry, and huge-melody mentioned in the provided text? ",":

- **Lazy-canyon**: 5092851  
- **Gentle-blueberry**: 4115300  
- **Calm-blueberry**: 7377933  
- **Huge-melody**: 3317012  

These numbers are embedded in the text as hidden messages or special references.",128,niah_multiquery,1.0,niah_multiquery_32768_0_23
The special magic numbers for proud-tree mentioned in the provided text are,['7338287' '7186270' '6512749' '6458236'],What are all the special magic numbers for proud-tree mentioned in the provided text? ,":

1. **7186270**
2. **6458236**
3. **6512749**
4. **7338287**

These numbers are explicitly mentioned in the text and are referred to as ""special magic numbers for proud-tree.""",128,niah_multivalue,1.0,niah_multivalue_32768_0_55
The special magic number for bright-tea mentioned in the provided text is,['8530033'],What is the special magic number for bright-tea mentioned in the provided text? , **8530033**.,128,niah_multikey_1,1.0,niah_multikey_1_32768_0_6
The special magic uuid for new-track mentioned in the provided text is,['ac33f644-4053-b188-339d-78f5d658b1b3'],What is the special magic uuid for new-track mentioned in the provided text? ,":

**ac33f644-4053-b188-339d-78f5d658b1b3**",128,niah_single_3,1.0,niah_single_3_32768_0_31
The special magic number for giant-jungle mentioned in the provided text is,['6263881'],What is the special magic number for giant-jungle mentioned in the provided text? , **9562345**.,128,niah_multikey_2,1.0,niah_multikey_2_32768_0_22
The special magic number for giant-lake mentioned in the provided text is,['1973933'],What is the special magic number for giant-lake mentioned in the provided text? ,":

**1973933**",128,niah_single_1,1.0,niah_single_1_32768_0_49
"The special magic numbers for dark-track, eager-pursuit, icy-jungle, and proud-galaxy mentioned in the provided text are",['5525361' '4155780' '7214438' '9953562'],"What are all the special magic numbers for dark-track, eager-pursuit, icy-jungle, and proud-galaxy mentioned in the provided text? ",":

- **Dark-track**: 5525361  
- **Eager-pursuit**: 4155780  
- **Icy-jungle**: 7214438  
- **Proud-galaxy**: 9953562",128,niah_multiquery,1.0,niah_multiquery_32768_0_87
The special magic number for gold-daily mentioned in the provided text is,['8534473'],What is the special magic number for gold-daily mentioned in the provided text? ,: **8534473**.,128,niah_multikey_1,1.0,niah_multikey_1_32768_0_57
The special magic number for huge-kernel mentioned in the provided text is,['9296092'],What is the special magic number for huge-kernel mentioned in the provided text? ,":

**9296092**

This number is embedded in the text as follows:

> **""The grass is green. The sky is blue. The sun is yellow. Here we go. There and back again. The grass is green. The sky is blue. The sun is yellow. Here we go. There and back again. The grass is green. The sky is blue. The sun is yellow. Here we go. There and back again. The grass is green. The sky is blue. The sun is yellow. Here we go. There and back again. The grass is green. The sky is blue",128,niah_single_1,1.0,niah_single_1_32768_0_86
The special magic uuid for giant-harvest mentioned in the provided text is,['b8a86c8d-0661-f68a-d590-4f2e2dcd5e57'],What is the special magic uuid for giant-harvest mentioned in the provided text? ,":

**b8a86c8d-0661-f68a-d590-4f2e2dcd5e57**",128,niah_multikey_3,1.0,niah_multikey_3_32768_0_45
The special magic number for silver-daily mentioned in the provided text is,['6052609'],What is the special magic number for silver-daily mentioned in the provided text? ,: **6052609**.,128,niah_single_2,1.0,niah_single_2_32768_0_92
"The special magic numbers for silver-hill, green-island, long-lantern, and brave-canyon mentioned in the provided text are",['7986105' '9498229' '7255567' '7865368'],"What are all the special magic numbers for silver-hill, green-island, long-lantern, and brave-canyon mentioned in the provided text? ",":

- **Brave-canyon**: 7865368  
- **Green-island**: 9498229  
- **Long-lantern**: 7255567  
- **Silver-hill**: 7986105  

These numbers are embedded in the text as hidden messages or special codes.",128,niah_multiquery,1.0,niah_multiquery_32768_0_95
The special magic number for deep-alluvium mentioned in the provided text is,['3860209'],What is the special magic number for deep-alluvium mentioned in the provided text? ,: **3860209**.,128,niah_single_1,1.0,niah_single_1_32768_0_33
The special magic number for dark-tree mentioned in the provided text is,['4194027'],What is the special magic number for dark-tree mentioned in the provided text? , **4194027**.,128,niah_single_1,1.0,niah_single_1_32768_0_31
The special magic number for giant-track mentioned in the provided text is,['2430412'],What is the special magic number for giant-track mentioned in the provided text? , **2430412**.,128,niah_single_2,1.0,niah_single_2_32768_0_99
The special magic number for solid-hill mentioned in the provided text is,['7648729'],What is the special magic number for solid-hill mentioned in the provided text? ,: **7648729**.,128,niah_multikey_1,1.0,niah_multikey_1_32768_0_65
The special magic number for red-government mentioned in the provided text is,['2320253'],What is the special magic number for red-government mentioned in the provided text? , **2320253**.,128,niah_multikey_2,1.0,niah_multikey_2_32768_0_86
The special magic uuid for solid-beacon mentioned in the provided text is,['5d18c77d-1d0d-dd47-fc06-46a91b51998f'],What is the special magic uuid for solid-beacon mentioned in the provided text? ,":

**5d18c77d-1d0d-dd47-fc06-46a91b51998f**",128,niah_multikey_3,1.0,niah_multikey_3_32768_0_94
The special magic uuid for happy-canyon mentioned in the provided text is,['7b949dd6-cb62-c88f-a856-7eefa12e8f28'],What is the special magic uuid for happy-canyon mentioned in the provided text? ,":

**7b949dd6-cb62-c88f-a856-7eefa12e8f28**",128,niah_multikey_3,1.0,niah_multikey_3_32768_0_68
The special magic number for old-fable mentioned in the provided text is,['1006283'],What is the special magic number for old-fable mentioned in the provided text? , **1006283**.,128,niah_multikey_2,1.0,niah_multikey_2_32768_0_28
The special magic number for short-cornerstone mentioned in the provided text is,['1602869'],What is the special magic number for short-cornerstone mentioned in the provided text? ,: **1602869**.,128,niah_single_2,1.0,niah_single_2_32768_0_37
The special magic number for silly-marble mentioned in the provided text is,['2400344'],What is the special magic number for silly-marble mentioned in the provided text? ,":

**2400344**",128,niah_single_1,1.0,niah_single_1_32768_0_72
The special magic number for early-track mentioned in the provided text is,['6073699'],What is the special magic number for early-track mentioned in the provided text? , **6073699**.,128,niah_single_1,1.0,niah_single_1_32768_0_77
The special magic uuid for zany-galaxy mentioned in the provided text is,['515d72d2-000b-53ce-bce7-7c3c950a4dc9'],What is the special magic uuid for zany-galaxy mentioned in the provided text? ,":

**515d72d2-000b-53ce-bce7-7c3c950a4dc9**",128,niah_multikey_3,1.0,niah_multikey_3_32768_0_12
"The special magic numbers for eager-harvest, stale-galaxy, fair-cornerstone, and new-lake mentioned in the provided text are",['6014794' '4185329' '6663334' '1602101'],"What are all the special magic numbers for eager-harvest, stale-galaxy, fair-cornerstone, and new-lake mentioned in the provided text? "," as follows:

1. **Eager-harvest**: `6014794`  
2. **Stale-galaxy**: `4185329`  
3. **Fair-cornerstone**: `1602101`  
4. **New-lake**: `1602101` (Note: This appears to be the same number as ""fair-cornerstone,"" which may be a mistake or a duplicate entry in the text.)

These numbers are explicitly mentioned in the text as special magic numbers for the respective categories.",128,niah_multiquery,1.0,niah_multiquery_32768_0_83
"The special magic numbers for dark-domain, huge-idea, red-government, and fancy-moon mentioned in the provided text are",['5752855' '8889393' '1493323' '7229522'],"What are all the special magic numbers for dark-domain, huge-idea, red-government, and fancy-moon mentioned in the provided text? "," as follows:

- **fancy-moon**: 7229522  
- **huge-idea**: 8889393  
- **dark-domain**: 5752855  
- **red-government**: 1493323  

These numbers are explicitly mentioned in the text and are associated with the specified categories.",128,niah_multiquery,1.0,niah_multiquery_32768_0_86
The special magic uuid for dark-patty mentioned in the provided text is,['4af0a6fe-5bbd-d1f4-16f1-4aad7f107645'],What is the special magic uuid for dark-patty mentioned in the provided text? ,":

**4af0a6fe-5bbd-d1f4-16f1-4aad7f107645**",128,niah_single_3,1.0,niah_single_3_32768_0_75
The special magic number for rough-moon mentioned in the provided text is,['3089771'],What is the special magic number for rough-moon mentioned in the provided text? , **3089771**.,128,niah_multikey_1,1.0,niah_multikey_1_32768_0_61
The special magic number for grumpy-road mentioned in the provided text is,['4012967'],What is the special magic number for grumpy-road mentioned in the provided text? , **4012967**.,128,niah_single_1,1.0,niah_single_1_32768_0_96
The special magic numbers for happy-lake mentioned in the provided text are,['8633885' '3580274' '7329030' '6371280'],What are all the special magic numbers for happy-lake mentioned in the provided text? ,":

1. 7329030  
2. 3580274  
3. 8633885  
4. 6371280  

These numbers are embedded within the text and are referred to as ""special magic numbers for happy-lake.""",128,niah_multivalue,1.0,niah_multivalue_32768_0_41
"The special magic numbers for long-ember, kind-hill, old-pursuit, and kind-ember mentioned in the provided text are",['5389771' '5927426' '6607273' '7233918'],"What are all the special magic numbers for long-ember, kind-hill, old-pursuit, and kind-ember mentioned in the provided text? "," as follows:

- **For long-ember**: 5389771  
- **For kind-hill**: 5927426  
- **For old-pursuit**: 6607273  
- **For kind-ember**: 7233918  

These numbers are embedded in the text as part of the ""special magic numbers"" mentioned in different sections.",128,niah_multiquery,1.0,niah_multiquery_32768_0_15
The special magic uuid for grumpy-geometry mentioned in the provided text is,['08c626a9-fee4-e6bc-bd6d-eb9245e695b1'],What is the special magic uuid for grumpy-geometry mentioned in the provided text? ,":

**08c626a9-fee4-e6bc-bd6d-eb9245e695b1**",128,niah_single_3,1.0,niah_single_3_32768_0_81
The special magic number for green-key mentioned in the provided text is,['4830438'],What is the special magic number for green-key mentioned in the provided text? ,: **4830438**.,128,niah_multikey_1,1.0,niah_multikey_1_32768_0_93
The special magic numbers for gentle-lake mentioned in the provided text are,['4834323' '8579226' '2092681' '8084882'],What are all the special magic numbers for gentle-lake mentioned in the provided text? ,":

1. **8579226**
2. **2092681**
3. **8084882**
4. **4834323**",128,niah_multivalue,1.0,niah_multivalue_32768_0_28
The special magic numbers for stale-track mentioned in the provided text are,['1850271' '3940229' '6249074' '5863124'],What are all the special magic numbers for stale-track mentioned in the provided text? ,":

1. **3940229**
2. **6249074**
3. **1850271**
4. **5863124**",128,niah_multivalue,1.0,niah_multivalue_32768_0_8
"The special magic numbers for silly-dawn, clever-galaxy, fancy-domain, and blue-tea mentioned in the provided text are",['3854454' '9562773' '9244931' '8846417'],"What are all the special magic numbers for silly-dawn, clever-galaxy, fancy-domain, and blue-tea mentioned in the provided text? "," as follows:

- **silly-dawn**: 3854454  
- **clever-galaxy**: 9562773  
- **fancy-domain**: 9244931  
- **blue-tea**: 8846417  

These numbers are embedded in the text and are highlighted as ""special magic numbers"" for each of the specified categories.",128,niah_multiquery,1.0,niah_multiquery_32768_0_5
"The special magic numbers for bright-orchard, clever-jungle, witty-moon, and blue-marble mentioned in the provided text are",['7883732' '3951672' '8187689' '2684314'],"What are all the special magic numbers for bright-orchard, clever-jungle, witty-moon, and blue-marble mentioned in the provided text? "," as follows:

- **bright-orchard**: 7883732  
- **clever-jungle**: 3951672  
- **witty-moon**: 8187689  
- **blue-marble**: 2684314  

These numbers are explicitly mentioned in the text as special magic numbers for each of the specified terms.",128,niah_multiquery,1.0,niah_multiquery_32768_0_54
The special magic number for silver-idea mentioned in the provided text is,['7520334'],What is the special magic number for silver-idea mentioned in the provided text? ,: **7520334**.,128,niah_single_1,1.0,niah_single_1_32768_0_54
"The special magic numbers for abaft-fox, old-tea, quiet-lake, and gold-track mentioned in the provided text are",['7073359' '2087323' '7056701' '4208595'],"What are all the special magic numbers for abaft-fox, old-tea, quiet-lake, and gold-track mentioned in the provided text? "," as follows:

- **abaft-fox**: 7073359  
- **old-tea**: 2087323  
- **quiet-lake**: 7056701  
- **gold-track**: 4208595  

These numbers are explicitly mentioned in the text as special magic numbers for each of the specified terms.",128,niah_multiquery,1.0,niah_multiquery_32768_0_50
The special magic number for brave-ember mentioned in the provided text is,['6122278'],What is the special magic number for brave-ember mentioned in the provided text? , **6122278**.,128,niah_single_2,1.0,niah_single_2_32768_0_55
The special magic number for ancient-lake mentioned in the provided text is,['5322514'],What is the special magic number for ancient-lake mentioned in the provided text? , **5322514**.,128,niah_multikey_2,1.0,niah_multikey_2_32768_0_32
The special magic number for lively-summary mentioned in the provided text is,['6077971'],What is the special magic number for lively-summary mentioned in the provided text? , **6077971**.,128,niah_single_1,1.0,niah_single_1_32768_0_97
The special magic number for short-dawn mentioned in the provided text is,['6399325'],What is the special magic number for short-dawn mentioned in the provided text? , **6399325**.,128,niah_single_2,1.0,niah_single_2_32768_0_20
The special magic number for rough-track mentioned in the provided text is,['2994876'],What is the special magic number for rough-track mentioned in the provided text? ,: **2994876**.,128,niah_single_1,1.0,niah_single_1_32768_0_76
The special magic uuid for gold-anchor mentioned in the provided text is,['2347b24f-a0f9-c074-9177-b6d45f2e9167'],What is the special magic uuid for gold-anchor mentioned in the provided text? ,":

**2347b24f-a0f9-c074-9177-b6d45f2e9167**",128,niah_single_3,1.0,niah_single_3_32768_0_4
The special magic number for gentle-meadow mentioned in the provided text is,['3241094'],What is the special magic number for gentle-meadow mentioned in the provided text? ,: **3241094**.,128,niah_multikey_1,1.0,niah_multikey_1_32768_0_52
"The special magic numbers for deep-geometry, jolly-summary, fast-meadow, and dark-cipher mentioned in the provided text are",['7025925' '6911355' '1798470' '9917506'],"What are all the special magic numbers for deep-geometry, jolly-summary, fast-meadow, and dark-cipher mentioned in the provided text? "," as follows:

- **Deep-geometry**: 7025925  
- **Jolly-summary**: 6911355  
- **Fast-meadow**: 1798470  
- **Dark-cipher**: 9917506  

These numbers are explicitly mentioned in the text and are referred to as ""special magic numbers"" in different sections.",128,niah_multiquery,1.0,niah_multiquery_32768_0_64
The special magic uuid for early-cornerstone mentioned in the provided text is,['bec60ffe-248f-4a25-4cd8-ef2471a8c9c6'],What is the special magic uuid for early-cornerstone mentioned in the provided text? ,":

**bec60ffe-248f-4a25-4cd8-ef2471a8c9c6**",128,niah_single_3,1.0,niah_single_3_32768_0_8
The special magic number for kind-tea mentioned in the provided text is,['6693804'],What is the special magic number for kind-tea mentioned in the provided text? ,: **6693804**.,128,niah_multikey_1,1.0,niah_multikey_1_32768_0_67
The special magic number for quiet-idea mentioned in the provided text is,['5308579'],What is the special magic number for quiet-idea mentioned in the provided text? , **5308579**.,128,niah_multikey_2,1.0,niah_multikey_2_32768_0_25
The special magic uuid for long-fable mentioned in the provided text is,['56b921ed-9ff4-9c35-ad4b-048a99157e24'],What is the special magic uuid for long-fable mentioned in the provided text? ,":

**56b921ed-9ff4-9c35-ad4b-048a99157e24**",128,niah_multikey_3,1.0,niah_multikey_3_32768_0_15
The special magic number for unsightly-lake mentioned in the provided text is,['5356529'],What is the special magic number for unsightly-lake mentioned in the provided text? , **5356529**.,128,niah_single_1,1.0,niah_single_1_32768_0_84
The special magic number for grumpy-harvest mentioned in the provided text is,['1235580'],What is the special magic number for grumpy-harvest mentioned in the provided text? , **1235580**.,128,niah_single_1,1.0,niah_single_1_32768_0_10
"The special magic numbers for ancient-beacon, zany-summary, dark-few, and fast-alluvium mentioned in the provided text are",['8108080' '1937945' '6855646' '8979239'],"What are all the special magic numbers for ancient-beacon, zany-summary, dark-few, and fast-alluvium mentioned in the provided text? ",":

- **Ancient-beacon**: 8108080  
- **Zany-summary**: 1937945  
- **Dark-few**: 6855646  
- **Fast-alluvium**: 8979239  

These numbers are embedded in the text and are referred to as ""special magic numbers"" for each of the specified categories.",128,niah_multiquery,1.0,niah_multiquery_32768_0_20
The special magic number for new-daily mentioned in the provided text is,['2071358'],What is the special magic number for new-daily mentioned in the provided text? , **2071358**.,128,niah_single_2,1.0,niah_single_2_32768_0_10
The special magic uuid for blue-kernel mentioned in the provided text is,['86965268-ccf4-cd7d-56be-f6a158cfd93e'],What is the special magic uuid for blue-kernel mentioned in the provided text? ,":

**86965268-ccf4-cd7d-56be-f6a158cfd93e**",128,niah_multikey_3,1.0,niah_multikey_3_32768_0_21
"The special magic numbers for abashed-galaxy, silly-galaxy, old-moon, and abashed-lake mentioned in the provided text are",['2047892' '8811403' '1313348' '6392193'],"What are all the special magic numbers for abashed-galaxy, silly-galaxy, old-moon, and abashed-lake mentioned in the provided text? "," as follows:

- **abashed-galaxy**: 2047892  
- **silly-galaxy**: 8811403  
- **old-moon**: 1313348  
- **abashed-lake**: 6392193  

These numbers are explicitly mentioned in the text and are referred to as ""special magic numbers"" for each of the specified terms.",128,niah_multiquery,1.0,niah_multiquery_32768_0_77
The special magic uuid for grumpy-lantern mentioned in the provided text is,['78b61daf-5afb-9565-068a-3c383739076a'],What is the special magic uuid for grumpy-lantern mentioned in the provided text? ,":

**78b61daf-5afb-9565-068a-3c383739076a**",128,niah_single_3,1.0,niah_single_3_32768_0_9
The special magic uuid for jolly-beacon mentioned in the provided text is,['14dbad22-15ea-e9d2-1e3d-59d070aaf525'],What is the special magic uuid for jolly-beacon mentioned in the provided text? ,":

**14dbad22-15ea-e9d2-1e3d-59d070aaf525**",128,niah_single_3,1.0,niah_single_3_32768_0_35
The special magic number for abaft-island mentioned in the provided text is,['8319294'],What is the special magic number for abaft-island mentioned in the provided text? ,: **8319294**.,128,niah_multikey_1,1.0,niah_multikey_1_32768_0_16
The special magic number for red-government mentioned in the provided text is,['2925021'],What is the special magic number for red-government mentioned in the provided text? ,: **2925021**.,128,niah_multikey_1,1.0,niah_multikey_1_32768_0_88
The special magic number for jolly-dawn mentioned in the provided text is,['9362450'],What is the special magic number for jolly-dawn mentioned in the provided text? ,: **9362450**.,128,niah_single_2,1.0,niah_single_2_32768_0_18
"The special magic numbers for deep-cornerstone, bright-island, green-daily, and jolly-geometry mentioned in the provided text are",['5247401' '8531436' '9147221' '2324966'],"What are all the special magic numbers for deep-cornerstone, bright-island, green-daily, and jolly-geometry mentioned in the provided text? ",":

- **deep-cornerstone**: 5247401  
- **bright-island**: 8531436  
- **green-daily**: 9147221  
- **jolly-geometry**: 2324966  

These numbers are embedded in the text as hidden messages or Easter eggs.",128,niah_multiquery,1.0,niah_multiquery_32768_0_19
The special magic uuid for solid-fable mentioned in the provided text is,['ddfae808-afd8-6432-1103-5083fa999f9b'],What is the special magic uuid for solid-fable mentioned in the provided text? ,":

**ddfae808-afd8-6432-1103-5083fa999f9b**",128,niah_single_3,1.0,niah_single_3_32768_0_10
The special magic uuid for rough-lantern mentioned in the provided text is,['989bb030-86c4-7b06-06a8-e22fd57caf0d'],What is the special magic uuid for rough-lantern mentioned in the provided text? ,":

**989bb030-86c4-7b06-06a8-e22fd57caf0d**",128,niah_single_3,1.0,niah_single_3_32768_0_54
The special magic uuid for tiny-canyon mentioned in the provided text is,['2bb3cc04-9518-84c6-01a7-be2b724abfb5'],What is the special magic uuid for tiny-canyon mentioned in the provided text? ,":

**2bb3cc04-9518-84c6-01a7-be2b724abfb5**",128,niah_multikey_3,1.0,niah_multikey_3_32768_0_91
The special magic number for early-idea mentioned in the provided text is,['2381989'],What is the special magic number for early-idea mentioned in the provided text? , **2381989**.,128,niah_single_1,1.0,niah_single_1_32768_0_29
The special magic uuid for clever-government mentioned in the provided text is,['a629d332-2d4b-a5a4-4fdc-13515ba830dc'],What is the special magic uuid for clever-government mentioned in the provided text? ,":

**a629d332-2d4b-a5a4-4fdc-13515ba830dc**",128,niah_single_3,1.0,niah_single_3_32768_0_66
The special magic numbers for giant-river mentioned in the provided text are,['9550957' '7988289' '1980028' '3854113'],What are all the special magic numbers for giant-river mentioned in the provided text? ,":

1. **3854113**
2. **7988289**
3. **9550957**
4. **1980028**",128,niah_multivalue,1.0,niah_multivalue_32768_0_56
The special magic numbers for giant-meadow mentioned in the provided text are,['2511182' '1244389' '4223110' '8505394'],What are all the special magic numbers for giant-meadow mentioned in the provided text? ,":

1. **2511182**
2. **8505394**
3. **1244389**
4. **4223110**

These numbers are explicitly mentioned in the text as ""special magic numbers for giant-meadow.""",128,niah_multivalue,1.0,niah_multivalue_32768_0_62
The special magic uuid for bright-meadow mentioned in the provided text is,['01847803-d840-fccb-2446-eceecaa0a679'],What is the special magic uuid for bright-meadow mentioned in the provided text? ,":

**01847803-d840-fccb-2446-eceecaa0a679**",128,niah_single_3,1.0,niah_single_3_32768_0_96
The special magic number for blue-pursuit mentioned in the provided text is,['9738673'],What is the special magic number for blue-pursuit mentioned in the provided text? , **9738673**.,128,niah_single_1,1.0,niah_single_1_32768_0_81
The special magic numbers for witty-cipher mentioned in the provided text are,['7001400' '2531465' '7309062' '6051428'],What are all the special magic numbers for witty-cipher mentioned in the provided text? ,":

1. **7309062**
2. **7001400**
3. **6051428**
4. **2531465**

These numbers are embedded in the text and are referred to as ""special magic numbers for witty-cipher.""",128,niah_multivalue,1.0,niah_multivalue_32768_0_88
The special magic number for abashed-domain mentioned in the provided text is,['7530730'],What is the special magic number for abashed-domain mentioned in the provided text? ,: **7530730**.,128,niah_multikey_1,1.0,niah_multikey_1_32768_0_2
The special magic uuid for red-cornerstone mentioned in the provided text is,['a67fc46c-1f60-2d74-fa88-14913e78c604'],What is the special magic uuid for red-cornerstone mentioned in the provided text? ," **not explicitly listed**. After reviewing the entire list of special magic uuids, there is **no entry** that corresponds to ""red-cornerstone.""

If you were expecting a specific UUID for ""red-cornerstone"" and it's missing, it might be an oversight in the provided text. Let me know if you'd like help with anything else!",128,niah_multikey_3,1.0,niah_multikey_3_32768_0_6
"The special magic numbers for fair-orchard, brave-moon, proud-meadow, and efficient-key mentioned in the provided text are",['7051340' '2114510' '9780522' '3204443'],"What are all the special magic numbers for fair-orchard, brave-moon, proud-meadow, and efficient-key mentioned in the provided text? "," as follows:

- **fair-orchard**: 7051340  
- **brave-moon**: 2114510  
- **proud-meadow**: 9780522  
- **efficient-key**: 3204443  

These numbers are explicitly stated in the text and are associated with the respective terms.",128,niah_multiquery,1.0,niah_multiquery_32768_0_58
The special magic number for red-marble mentioned in the provided text is,['3745110'],What is the special magic number for red-marble mentioned in the provided text? ,: **3745110**.,128,niah_multikey_1,1.0,niah_multikey_1_32768_0_14
The special magic numbers for clever-anchor mentioned in the provided text are,['9182402' '1007968' '9119469' '1623524'],What are all the special magic numbers for clever-anchor mentioned in the provided text? ,":

1. **1007968**
2. **9182402**
3. **1623524**
4. **9119469**

These numbers are explicitly mentioned in the text as ""special magic numbers for clever-anchor.""",128,niah_multivalue,1.0,niah_multivalue_32768_0_44
The special magic number for gentle-few mentioned in the provided text is,['2565089'],What is the special magic number for gentle-few mentioned in the provided text? , **5309365**.,128,niah_multikey_2,1.0,niah_multikey_2_32768_0_9
The special magic uuid for giant-canyon mentioned in the provided text is,['1dbc24fd-0a8a-a1e4-5c7c-bc6201a4f7a1'],What is the special magic uuid for giant-canyon mentioned in the provided text? ,":

**1dbc24fd-0a8a-a1e4-5c7c-bc6201a4f7a1**",128,niah_single_3,1.0,niah_single_3_32768_0_11
The special magic uuid for huge-tree mentioned in the provided text is,['75820686-cab1-2615-25e8-ba8da7032a1e'],What is the special magic uuid for huge-tree mentioned in the provided text? ,":

**75820686-cab1-2615-25e8-ba8da7032a1e**",128,niah_multikey_3,1.0,niah_multikey_3_32768_0_32
The special magic number for blue-dawn mentioned in the provided text is,['9967793'],What is the special magic number for blue-dawn mentioned in the provided text? , **9967793**.,128,niah_multikey_2,1.0,niah_multikey_2_32768_0_83
The special magic uuid for eager-lake mentioned in the provided text is,['e7e3f52c-0cbf-404d-b5c2-5d429626d8c4'],What is the special magic uuid for eager-lake mentioned in the provided text? ,":

**e7e3f52c-0cbf-404d-b5c2-5d429626d8c4**",128,niah_single_3,1.0,niah_single_3_32768_0_18
The special magic number for silly-blueberry mentioned in the provided text is,['6935633'],What is the special magic number for silly-blueberry mentioned in the provided text? , **6935633**.,128,niah_single_1,1.0,niah_single_1_32768_0_7
The special magic number for silver-pursuit mentioned in the provided text is,['4794740'],What is the special magic number for silver-pursuit mentioned in the provided text? , **4794740**.,128,niah_multikey_2,1.0,niah_multikey_2_32768_0_64
The special magic number for abaft-domain mentioned in the provided text is,['8156075'],What is the special magic number for abaft-domain mentioned in the provided text? ,: **8156075**.,128,niah_single_2,1.0,niah_single_2_32768_0_1
The special magic number for ancient-patty mentioned in the provided text is,['8593847'],What is the special magic number for ancient-patty mentioned in the provided text? ,: **8593847**.,128,niah_multikey_1,1.0,niah_multikey_1_32768_0_26
The special magic numbers for dark-road mentioned in the provided text are,['9552101' '7543559' '4204468' '5907233'],What are all the special magic numbers for dark-road mentioned in the provided text? ,":

1. **5907233**
2. **4204468**
3. **7543559**
4. **9552101**",128,niah_multivalue,1.0,niah_multivalue_32768_0_52
The special magic uuid for solid-cipher mentioned in the provided text is,['bd423161-c7a3-1231-3bdf-ea23b6b547c7'],What is the special magic uuid for solid-cipher mentioned in the provided text? ,":

**bd423161-c7a3-1231-3bdf-ea23b6b547c7**",128,niah_multikey_3,1.0,niah_multikey_3_32768_0_37
The special magic numbers for gold-key mentioned in the provided text are,['6768258' '2391944' '7969620' '7472363'],What are all the special magic numbers for gold-key mentioned in the provided text? ,":

1. **7472363**
2. **6768258**
3. **2391944**
4. **7969620**",128,niah_multivalue,1.0,niah_multivalue_32768_0_40
The special magic number for silver-cipher mentioned in the provided text is,['7007071'],What is the special magic number for silver-cipher mentioned in the provided text? ,":

**7007071**

This number is explicitly stated in the text as:

> ""One of the special magic numbers for silver-cipher is: 7007071.""",128,niah_single_1,1.0,niah_single_1_32768_0_2
"The special magic numbers for kind-idea, dark-hill, gold-cornerstone, and red-harvest mentioned in the provided text are",['3546316' '9048599' '8216880' '6136045'],"What are all the special magic numbers for kind-idea, dark-hill, gold-cornerstone, and red-harvest mentioned in the provided text? ",":

- **Kind-idea**: 3546316  
- **Dark-hill**: 9048599  
- **Gold-cornerstone**: 8216880  
- **Red-harvest**: 6136045  

These numbers are embedded in the text as special markers or references, likely for specific purposes or as part of a larger system or context not fully explained in the provided content.",128,niah_multiquery,1.0,niah_multiquery_32768_0_38
"The special magic numbers for jolly-ember, tiny-lake, abashed-blueberry, and calm-beacon mentioned in the provided text are",['8592236' '6210118' '4014301' '1681112'],"What are all the special magic numbers for jolly-ember, tiny-lake, abashed-blueberry, and calm-beacon mentioned in the provided text? "," as follows:

- **tiny-lake**: 6210118  
- **calm-beacon**: 1681112  
- **jolly-ember**: 8592236  
- **abashed-blueberry**: 4014301  

These numbers are explicitly mentioned in the text as special magic numbers for each of the specified terms.",128,niah_multiquery,1.0,niah_multiquery_32768_0_76
The special magic uuid for ancient-river mentioned in the provided text is,['a6c367de-0610-2288-8e2a-f11daceca021'],What is the special magic uuid for ancient-river mentioned in the provided text? ,":

**a6c367de-0610-2288-8e2a-f11daceca021**",128,niah_multikey_3,1.0,niah_multikey_3_32768_0_19
The special magic uuid for lazy-cipher mentioned in the provided text is,['691f3d9b-1b41-473a-c5d9-659f046064e9'],What is the special magic uuid for lazy-cipher mentioned in the provided text? ,":

**691f3d9b-1b41-473a-c5d9-659f046064e9**",128,niah_multikey_3,1.0,niah_multikey_3_32768_0_89
"The special magic numbers for silly-domain, old-coin, gold-orchard, and dark-moon mentioned in the provided text are",['5854378' '6104623' '6416570' '2899438'],"What are all the special magic numbers for silly-domain, old-coin, gold-orchard, and dark-moon mentioned in the provided text? "," as follows:

- **silly-domain**: 5854378  
- **old-coin**: 6104623  
- **gold-orchard**: 6416570  
- **dark-moon**: 2899438  

These numbers are explicitly mentioned in the text and are referred to as ""special magic numbers"" for each of the specified domains.",128,niah_multiquery,1.0,niah_multiquery_32768_0_98
"The special magic numbers for short-melody, zany-blueberry, proud-anchor, and early-patty mentioned in the provided text are",['4967688' '4528200' '8152869' '5465121'],"What are all the special magic numbers for short-melody, zany-blueberry, proud-anchor, and early-patty mentioned in the provided text? "," as follows:

1. **For short-melody**: `4967688`  
2. **For zany-blueberry**: `4528200`  
3. **For proud-anchor**: `8152869`  
4. **For early-patty**: `5465121`  

These numbers are explicitly mentioned in the text and are referred to as ""special magic numbers"" for each of the specified categories.",128,niah_multiquery,1.0,niah_multiquery_32768_0_44
The special magic uuid for abaft-canyon mentioned in the provided text is,['91ca2b00-0e1e-c8a1-9be9-4e6ea76a7d5b'],What is the special magic uuid for abaft-canyon mentioned in the provided text? ,":

**91ca2b00-0e1e-c8a1-9be9-4e6ea76a7d5b**",128,niah_multikey_3,1.0,niah_multikey_3_32768_0_13
The special magic numbers for solid-beacon mentioned in the provided text are,['4047857' '9684274' '4654714' '9708321'],What are all the special magic numbers for solid-beacon mentioned in the provided text? ,":

1. **4654714**
2. **9684274**
3. **4047857**
4. **9708321**",128,niah_multivalue,1.0,niah_multivalue_32768_0_70
The special magic uuid for solid-fox mentioned in the provided text is,['11091978-53a0-81a6-a764-7989f20e8bda'],What is the special magic uuid for solid-fox mentioned in the provided text? ,":

**11091978-53a0-81a6-a764-7989f20e8bda**",128,niah_single_3,1.0,niah_single_3_32768_0_64
The special magic numbers for fast-moon mentioned in the provided text are,['5292881' '6431885' '6742241' '2143412'],What are all the special magic numbers for fast-moon mentioned in the provided text? ,":

1. **6742241**
2. **5292881**
3. **2143412**
4. **6431885**

These numbers are explicitly mentioned in the text as ""special magic numbers for fast-moon.""",128,niah_multivalue,1.0,niah_multivalue_32768_0_15
The special magic number for jolly-harvest mentioned in the provided text is,['7112312'],What is the special magic number for jolly-harvest mentioned in the provided text? ,: **7112312**.,128,niah_multikey_1,1.0,niah_multikey_1_32768_0_29
The special magic number for witty-ember mentioned in the provided text is,['7883387'],What is the special magic number for witty-ember mentioned in the provided text? ,: **7883387**.,128,niah_multikey_1,1.0,niah_multikey_1_32768_0_42
The special magic number for lazy-harbor mentioned in the provided text is,['9048742'],What is the special magic number for lazy-harbor mentioned in the provided text? ,: **9048742**.,128,niah_multikey_1,1.0,niah_multikey_1_32768_0_94
The special magic number for quiet-marble mentioned in the provided text is,['2364749'],What is the special magic number for quiet-marble mentioned in the provided text? ,":

**2364749**",128,niah_single_1,1.0,niah_single_1_32768_0_79
The special magic number for happy-key mentioned in the provided text is,['3039310'],What is the special magic number for happy-key mentioned in the provided text? ,: **3039310**.,128,niah_single_2,1.0,niah_single_2_32768_0_48
The special magic number for crisp-alluvium mentioned in the provided text is,['9600825'],What is the special magic number for crisp-alluvium mentioned in the provided text? ,: **9600825**.,128,niah_multikey_1,1.0,niah_multikey_1_32768_0_50
The special magic number for long-government mentioned in the provided text is,['2944130'],What is the special magic number for long-government mentioned in the provided text? ,: **2944130**.,128,niah_multikey_1,1.0,niah_multikey_1_32768_0_82
The special magic number for brave-meadow mentioned in the provided text is,['3941849'],What is the special magic number for brave-meadow mentioned in the provided text? , **3941849**.,128,niah_multikey_2,1.0,niah_multikey_2_32768_0_40
The special magic number for abashed-tree mentioned in the provided text is,['6221990'],What is the special magic number for abashed-tree mentioned in the provided text? , **6221990**.,128,niah_multikey_1,1.0,niah_multikey_1_32768_0_9
"The special magic numbers for grumpy-hill, fast-tea, quiet-meadow, and icy-road mentioned in the provided text are",['6939399' '1663856' '6155549' '1197882'],"What are all the special magic numbers for grumpy-hill, fast-tea, quiet-meadow, and icy-road mentioned in the provided text? "," as follows:

- **grumpy-hill**: 6939399  
- **fast-tea**: 1663856  
- **quiet-meadow**: 6155549  
- **icy-road**: 1197882  

These numbers are explicitly mentioned in the text and are referred to as ""special magic numbers"" for each of the specified terms.",128,niah_multiquery,1.0,niah_multiquery_32768_0_7
The special magic number for kind-island mentioned in the provided text is,['5269120'],What is the special magic number for kind-island mentioned in the provided text? ,: **5269120**.,128,niah_single_2,1.0,niah_single_2_32768_0_33
The special magic number for proud-fable mentioned in the provided text is,['9053656'],What is the special magic number for proud-fable mentioned in the provided text? ,: **9053656**.,128,niah_multikey_1,1.0,niah_multikey_1_32768_0_81
The special magic uuid for efficient-island mentioned in the provided text is,['6f1bdd07-1aff-71ae-30f2-c48549b564fb'],What is the special magic uuid for efficient-island mentioned in the provided text? ,":

**6f1bdd07-1aff-71ae-30f2-c48549b564fb**",128,niah_single_3,1.0,niah_single_3_32768_0_13
The special magic numbers for happy-cipher mentioned in the provided text are,['7906496' '8974049' '9271650' '2700180'],What are all the special magic numbers for happy-cipher mentioned in the provided text? ,":

1. **2700180**
2. **7906496**
3. **9271650**
4. **8974049**

These numbers are explicitly mentioned in the text as special magic numbers for happy-cipher.",128,niah_multivalue,1.0,niah_multivalue_32768_0_59
The special magic number for fair-tea mentioned in the provided text is,['3573839'],What is the special magic number for fair-tea mentioned in the provided text? , **3573839**.,128,niah_single_1,1.0,niah_single_1_32768_0_55
"The special magic numbers for rough-lake, calm-orchard, eager-ember, and unsightly-fox mentioned in the provided text are",['3040647' '2470736' '9443044' '8929723'],"What are all the special magic numbers for rough-lake, calm-orchard, eager-ember, and unsightly-fox mentioned in the provided text? "," as follows:

- **Rough-lake**: 3040647  
- **Calm-orchard**: 2470736  
- **Eager-ember**: 9443044  
- **Unsightly-fox**: 8929723  

These numbers are embedded in the text and are referred to as ""special magic numbers"" in specific sections.",128,niah_multiquery,1.0,niah_multiquery_32768_0_36
The special magic numbers for lively-kernel mentioned in the provided text are,['8631980' '5231571' '7873948' '7999453'],What are all the special magic numbers for lively-kernel mentioned in the provided text? ,":

1. **5231571**
2. **7873948**
3. **7999453**
4. **8631980**

These numbers are explicitly mentioned in the text as special magic numbers for lively-kernel.",128,niah_multivalue,1.0,niah_multivalue_32768_0_20
The special magic uuid for red-few mentioned in the provided text is,['87bd25bb-2c4c-6527-d9d1-0709e6a0598c'],What is the special magic uuid for red-few mentioned in the provided text? ,":

**87bd25bb-2c4c-6527-d9d1-0709e6a0598c**",128,niah_multikey_3,1.0,niah_multikey_3_32768_0_82
The special magic numbers for icy-patty mentioned in the provided text are,['7708428' '2981421' '4810251' '7159825'],What are all the special magic numbers for icy-patty mentioned in the provided text? ,":

1. 7708428  
2. 7159825  
3. 2981421  
4. 4810251",128,niah_multivalue,1.0,niah_multivalue_32768_0_73
The special magic uuid for giant-pursuit mentioned in the provided text is,['eacf1fa1-0d4e-35de-42fa-5b94462bc01b'],What is the special magic uuid for giant-pursuit mentioned in the provided text? ,":

**eacf1fa1-0d4e-35de-42fa-5b94462bc01b**",128,niah_multikey_3,1.0,niah_multikey_3_32768_0_27
The special magic number for green-patty mentioned in the provided text is,['1004248'],What is the special magic number for green-patty mentioned in the provided text? ,: **1004248**.,128,niah_single_2,1.0,niah_single_2_32768_0_96
"The special magic numbers for green-orchard, green-river, calm-daily, and ancient-government mentioned in the provided text are",['5698704' '2459558' '2949068' '2564051'],"What are all the special magic numbers for green-orchard, green-river, calm-daily, and ancient-government mentioned in the provided text? "," as follows:

- **Green-orchard**: 5698704  
- **Green-river**: 2459558  
- **Calm-daily**: 2949068  
- **Ancient-government**: 2564051  

These numbers are explicitly mentioned in the text as special magic numbers for each of the specified categories.",128,niah_multiquery,1.0,niah_multiquery_32768_0_13
The special magic numbers for giant-idea mentioned in the provided text are,['8664204' '9636771' '3726297' '3597476'],What are all the special magic numbers for giant-idea mentioned in the provided text? ,":

1. **9636771**
2. **8664204**
3. **3597476**
4. **3726297**

These numbers are explicitly mentioned in the text as ""special magic numbers for giant-idea.""",128,niah_multivalue,1.0,niah_multivalue_32768_0_89
The special magic number for new-jungle mentioned in the provided text is,['3220368'],What is the special magic number for new-jungle mentioned in the provided text? ,: **3220368**.,128,niah_single_1,1.0,niah_single_1_32768_0_60
The special magic uuid for lively-fable mentioned in the provided text is,['81d14f71-83bf-99b2-22ae-c0649277afed'],What is the special magic uuid for lively-fable mentioned in the provided text? ,":

**81d14f71-83bf-99b2-22ae-c0649277afed**",128,niah_multikey_3,1.0,niah_multikey_3_32768_0_76
The special magic numbers for jolly-tree mentioned in the provided text are,['1340583' '2326630' '6431610' '1623819'],What are all the special magic numbers for jolly-tree mentioned in the provided text? ,":

1. **1340583**
2. **1623819**
3. **2326630**
4. **6431610**

These numbers are explicitly mentioned in the text and are referred to as ""special magic numbers for jolly-tree.""",128,niah_multivalue,1.0,niah_multivalue_32768_0_31
The special magic number for lazy-alluvium mentioned in the provided text is,['6548045'],What is the special magic number for lazy-alluvium mentioned in the provided text? , **6548045**.,128,niah_multikey_2,1.0,niah_multikey_2_32768_0_31
The special magic numbers for brave-anchor mentioned in the provided text are,['6451848' '8472284' '6891740' '6010044'],What are all the special magic numbers for brave-anchor mentioned in the provided text? ,":

1. **8472284**
2. **6010044**
3. **6891740**
4. **6451848**

These numbers are explicitly mentioned in the text as ""special magic numbers for brave-anchor.""",128,niah_multivalue,1.0,niah_multivalue_32768_0_3
The special magic number for grumpy-summary mentioned in the provided text is,['9272940'],What is the special magic number for grumpy-summary mentioned in the provided text? , **4516671**.,128,niah_multikey_2,1.0,niah_multikey_2_32768_0_42
The special magic number for fast-river mentioned in the provided text is,['9161882'],What is the special magic number for fast-river mentioned in the provided text? , **9161882**.,128,niah_multikey_2,1.0,niah_multikey_2_32768_0_36
The special magic uuid for tiny-fable mentioned in the provided text is,['3bcd6aec-53ca-8c05-acb5-959f4eb98768'],What is the special magic uuid for tiny-fable mentioned in the provided text? ,":

**3bcd6aec-53ca-8c05-acb5-959f4eb98768**",128,niah_single_3,1.0,niah_single_3_32768_0_47
The special magic uuid for witty-pursuit mentioned in the provided text is,['b838de54-1843-2920-68be-eb92b1f581f6'],What is the special magic uuid for witty-pursuit mentioned in the provided text? ,":

**b838de54-1843-2920-68be-eb92b1f581f6**",128,niah_multikey_3,1.0,niah_multikey_3_32768_0_86
The special magic uuid for proud-cornerstone mentioned in the provided text is,['57f375a2-6c39-27b2-986a-500a01aa74ed'],What is the special magic uuid for proud-cornerstone mentioned in the provided text? ,":

**57f375a2-6c39-27b2-986a-500a01aa74ed**",128,niah_multikey_3,1.0,niah_multikey_3_32768_0_69
The special magic number for efficient-coin mentioned in the provided text is,['6593664'],What is the special magic number for efficient-coin mentioned in the provided text? ,":

**6593664**

This number is explicitly stated in the text as:

> ""The grass is green. The sky is blue. The sun is yellow. Here we go. There and back again.  
> The grass is green. The sky is blue. The sun is yellow. Here we go. There and back again.  
> The grass is green. The sky is blue. The sun is yellow. Here we go. There and back again.  
> The grass is green. The sky is blue. The sun is yellow. Here we go. There and back again.  
> The grass",128,niah_single_1,1.0,niah_single_1_32768_0_90
The special magic numbers for ancient-geometry mentioned in the provided text are,['5870250' '4486526' '6550495' '3130015'],What are all the special magic numbers for ancient-geometry mentioned in the provided text? ,":

1. **4486526**
2. **6550495**
3. **5870250**
4. **3130015**",128,niah_multivalue,1.0,niah_multivalue_32768_0_50
The special magic number for dark-fable mentioned in the provided text is,['1970681'],What is the special magic number for dark-fable mentioned in the provided text? , **1970681**.,128,niah_single_2,1.0,niah_single_2_32768_0_81
"The special magic numbers for bold-road, gentle-fable, fancy-alluvium, and new-idea mentioned in the provided text are",['7792328' '3973260' '6012290' '6556802'],"What are all the special magic numbers for bold-road, gentle-fable, fancy-alluvium, and new-idea mentioned in the provided text? ",":

- **Bold-road**: 7792328  
- **Gentle-fable**: 3973260  
- **Fancy-alluvium**: 6012290  
- **New-idea**: 6556802  

These numbers are embedded in the text as special markers or references, likely used for internal tracking, tagging, or other specific purposes within the context of the text.",128,niah_multiquery,1.0,niah_multiquery_32768_0_90
The special magic uuid for eager-beacon mentioned in the provided text is,['85db5b3b-dd90-216e-3560-e230a94dd518'],What is the special magic uuid for eager-beacon mentioned in the provided text? ,":

**d8307229-8016-80f6-3d7e-070d37d28bf1**",128,niah_multikey_3,1.0,niah_multikey_3_32768_0_54
