compression_ratio,length,language,max_new_tokens,predicted_answer,dataset,_id,task,answer_prefix,all_classes,question,answers
1.0,615,python,84,"```python
                    elif self.choice.isdigit():
                        self.packet = self.cap[int(self.choice)-1]
                        self.inspect_packet(self.packet)
                    else:
                        print(self.warn + ""[!] Invalid input. Use 'help' for usage."" + self.blk)
                except Exception as e:
                    print(self.fatal + str(e) + self.blk)
            except KeyboardInterrupt:
                print(self.warn + ""\n",lcc,0015062cf7e9262884bb54332e85c9529f05689017c95eff,lcc,"Next line of code:
",,,['                    self.choice = int(self.choice) - 1']
1.0,743,csharp,84,"```csharp
            return _numValues;
        }
    }
}
```

### Explanation:
- The `Count` property is already defined as a `virtual` method that returns `_numValues`.
- The `NumValues` property is a `get` accessor that returns `_numValues`.
- The `Count` property is a `get` accessor that also returns `_numValues`.
- The `NumValues",lcc,90e9975c7f92d8ef21fcbe89fd1500b3a541124b7b4304fb,lcc,"Next line of code:
",,,['            set { _numValues = value; }']
1.0,1364,csharp,84,"```csharp
                        b
                    });
                }
            }
            return _certificate;
        }
    }
}
```

The code you've provided is a C# client application for a web service that uses asymmetric encryption (RSA) and triple-DES for message encryption. The `AddClient` class is the main entry point, and it interacts with a web service called `AddNumbers` that performs addition of two",lcc,985588e7dc66ac6d50e0fe4a6602f7b58eb5fef402be68fa,lcc,"Next line of code:
",,,"['                        b}, callback, asyncState);']"
1.0,609,python,84,"```python
    'BibrecBibxxx',
])
```

Here's the completed code with the missing line:

```python
# -*- coding: utf-8 -*-
#
# This file is part of Invenio.
# Copyright (C) 2014, 2015 CERN.
#
# Invenio is free software; you can redistribute it and/or
# modify",lcc,588825a49d4fdd244fc2fb3cce5086b306490b945a3bc787,lcc,"Next line of code:
",,,['] + models)']
1.0,2251,python,84,"```python
    """""" All pub/sub consumers.
    """"""
    return _pubsub_consumer(session, cluster_id, query_wrapper)
```

Here's the completed code with the missing line added:

```python
# ################################################################################################################################
def pubsub_consumer_list(session, cluster_id, topic_name, needs_columns=False):
    """""" All pub/sub consumers.
    """"""
    return _pubsub_consumer(session, cluster_id, query",lcc,9621a523cfd2361541d82c5585397ca2326e223496d5585c,lcc,"Next line of code:
",,,"['    response = _pubsub_consumer(session, cluster_id, query_wrapper)']"
1.0,1566,java,84,"```java
      if (split.length < 3) {
        throw new IllegalArgumentException(""Each line in the mapping file must have at least 3 columns: regex, type, and overwritableTypes. Found only "" + split.length + "" columns."");
      }
      if (split.length < 4) {
        // priority is optional
        String overwritableTypesStr = split[2];
        Set",lcc,4bd2fd0f69e4de7c6c60f4067b514b23e77ab94af50551f3,lcc,"Next line of code:
",,,['      if (split.length < 2 || split.length > 4)']
1.0,626,python,84,"```python
        log.info('cryptostasis', 'Log file: {}'.format(args.log_file))
```

Then, the rest of the `main()` function:

```python
    log.init(log_file=args.log_file, verbosity=args.verbosity)
    archive_index = load_archive_index(args.index_file)
    if args.version:
        log.msg('Cryptostasis v{}'.format(consts.VERSION))
        sys.exit",lcc,cd81bc2e4c0a7dc1e4f6a340a63de44a5b0e7a055b43a7b3,lcc,"Next line of code:
",,,"[""        log.log_strm = open(args.log_file, 'w')""]"
1.0,910,csharp,84,"```csharp
			return new ConstructorBuilder(mb);
		}
		public MethodBuilder DefineMethod(string name, MethodAttributes attribs, CallingConventions callingConvention, Type[] parameterTypes, Type[][] requiredCustomModifiers, Type[][] optionalCustomModifiers)
		{
			if (attribs == 0)
			{
				attribs = MethodAttributes.Public;
			}
			if ((attrib",lcc,6b78cc0ec714622bb22d89aa972b1eae59e59788b357955a,lcc,"Next line of code:
",,,['\t\t\treturn new ConstructorBuilder(mb);']
1.0,1163,csharp,84,"```csharp
                if (generateChecksum && checksumText)
                    fCode += GetChecksum(fCode);
                if (startStopText)
                    fCode = ""*"" + fCode + ""*"";
                return new Rectangle(fontX, fontY, barHeight, barWidth);
            }
        }
    }
}
```

### Explanation:
- `fontX` and `fontY` are calculated based on the text",lcc,5c41dbe75be69a522492a261348f685fcc83189eb876ce02,lcc,"Next line of code:
",,,['                int len = fCode.Length + 2;']
1.0,664,java,84,"```java
		if (obj instanceof OrderInvestigationForStatusChangeVo)
		{
			OrderInvestigationForStatusChangeVo compareObj = (OrderInvestigationForStatusChangeVo)obj;
			if (caseInsensitive)
			{
				if (this.getId() == null && compareObj.getId() != null)
					return -1;
				if (this.getId() != null && compareObj.getId()",lcc,9516693902335ad7c898f1e9ec8d1799680dac2988c0259d,lcc,"Next line of code:
",,,['\t\tif(caseInsensitive); // this is to avoid eclipse warning only.']
1.0,567,java,84,"```java
					pos = btnEnergizeAll.bottom();
				}
			}
		}
	}
```

This line continues the `WndAlchemizeItem` class by setting the `pos` variable to the bottom position of the last button added, which is `btnEnergizeAll`. This is part of the layout logic for the window, ensuring that buttons are properly spaced and aligned vertically",lcc,64d5f26d486a85e85284229e8d254f996cfafd844cd321c5,lcc,"Next line of code:
",,,['\t\t\t\t\tpos = btnEnergizeAll.bottom();']
1.0,685,python,84,"```python
  def testKNNClassifierLong(self):
    self.runTestKNNClassifier(2)
```

The code is a test suite for the KNN classifier and PCA/k-NN classifier in the NuPIC framework. The `runTestKNNClassifier` method runs tests for both dense and sparse patterns, using different norms (L1 and L2), and the `runTestPCAKNN`",lcc,397181750c46cc7bb5cfa79f1f6812770ddf55fc6dac89cd,lcc,"Next line of code:
",,,"['  winner, _inferenceResult, _dist, _categoryDist = knn.infer(v[2])']"
1.0,1232,python,84,"```python
        s, o = self._session_cmd_close(session, suspend_log_chk_cmd)
```

This line is part of the `verify_guest_suspend_log` method in the `GuestSuspend` class. It executes the provided command to check the guest's suspend log and captures the output. The `s` variable holds the exit status of the command, and `o` holds the output.

Here's",lcc,659965fc4472dec4f8b056a906be656d08aac541f75950f4,lcc,"Next line of code:
",,,"['        s, o = self._session_cmd_close(session, suspend_log_chk_cmd)']"
1.0,744,python,84,"```python
        # Remove the certificate files if they exist
        for cert_type in ['key', 'cert']:
            cert_file_path = '%s/%s.pem' % (config_directory, cert_type)
            if os.path.exists(cert_file_path):
                try:
                    os.remove(cert_file_path)
                except Exception as e:
                    module.fail_json(msg=""Failed to remove %s.pem: %s""",lcc,41849aea5e307f5199745185087b9ae2038c2a8673824a84,lcc,"Next line of code:
",,,"[""        types = ['cert', 'key']""]"
1.0,671,csharp,84,"```csharp
                _asyncLoader.LoadAsync(() => Module.GetStashDiffFiles(gitStash.Name), LoadGitItemStatuses);
```

Continuing the code from where it was left off:

```csharp
                _asyncLoader.LoadAsync(() => Module.GetStashDiffFiles(gitStash.Name), LoadGitItemStatuses);
            }
            else
            {
                Clear.Enabled =",lcc,f54df722d8cb6050f8b9b79929415e488a47e64578808ae4,lcc,"Next line of code:
",,,"['                var firstId = Module.RevParse(gitStash.Name + ""^"");']"
1.0,769,python,84,"```python
            ))
        assert devices
```

The code you've provided is a test suite for the `pyudev` library, specifically testing the `Enumerator` class and its various matching and filtering capabilities. The last line of the `TestContext` class is incomplete, and I'll help you complete it.

Here's the completed version of the `test_list_devices` method in the `TestContext` class",lcc,7293c0e9f7e75148f514aaf18ac8ea75262950e00b623dfd,lcc,"Next line of code:
",,,"[""            subsystem='input', ID_INPUT_MOUSE=True, sys_name='mouse0'))""]"
1.0,778,java,84,"```java
		{
			for (Object obj : beans)
			{
				if (obj instanceof ims.clinicaladmin.vo.beans.TumourGroupListVoBean)
				{
					ims.clinicaladmin.vo.TumourGroupListVo vo = ((ims.clinicaladmin.vo.beans.TumourGroupListVoBean)obj).createVo();
					if (vo != null)
					",lcc,f963d6d0a6afee2f2e97ceb0f221aca6ff419e9f3f0e1a2b,lcc,"Next line of code:
",,,['\t\tif(beans == null)']
1.0,861,csharp,84,"```csharp
            foreach (var argument in argumentSyntaxs)
            {
                if (argument.Expression is IdentifierNameSyntax identifier && memberList.Any(m => m is MethodDeclarationSyntax method && method.Parameters.Any(p => p.Identifier.ValueText == identifier.Identifier.Text)))
                {
                    var methodDeclaration = memberList.First(m => m is MethodDeclarationSyntax method && method.Parameters.Any(p => p.Identifier.ValueText == identifier.Identifier",lcc,a2ce4aeed86faf7c78539925675910ecdf08f4ca9f5603ee,lcc,"Next line of code:
",,,['            foreach (ArgumentSyntax argumentSyntax in argumentSyntaxs) {']
1.0,1153,python,84,"```python
    if len(reaction.metabolites) != 1:
        raise ValueError(""Only one metabolite is allowed in a reaction."")
    return [
        coeff * met.formula.get(""molecular_weight"", 0.0)
        for met, coeff in reaction.metabolites.items()
    ]
```

Now, let's complete the rest of the code with the missing parts:

```python
",lcc,80bda6d99d3c518ff6465d159112864d8eed9a04c56b1d15,lcc,"Next line of code:
",,,['    if len(reaction.metabolites) != 1:']
1.0,1423,java,84,"```java
            if (this.owner.getDecorator() instanceof FTDecorator) {
                ((FTDecorator) this.owner.getDecorator()).setOnSendRequestParameters(res, destination);
            }
            this.owner.getDecorator().onSendRequestAfter(r);
            return res;
        } catch (BodyTerminatedException e) {
            logger.info(""[FAULT] "" + this.ownerID + "" : FAILURE OF "" + destination.getID",lcc,656e6b487418898304f2b9808ba22f80abf877b82fdba872,lcc,"Next line of code:
",,,['            if (this.owner.getDecorator() instanceof FTDecorator) {']
1.0,3675,python,84,"```python
        return var
```

So the completed function is:

```python
def _format_list(var, name):
    """"""Ensure that parameter is list-like of numbers.
    Used to let resolution and radius be single numbers if their elements are equal.
    """"""
    # Single-number format.
    if not isinstance(var, (list, tuple)) and name in ('resolution', 'radius'):
        if var",lcc,b2e9852774a64a45a97fb402afdda4bca2ad6f026ab0a353,lcc,"Next line of code:
",,,"['        var = (float(var), float(var))']"
1.0,755,python,84,"```python
QUEST.registerQuestItems(SI_ORE)
```

This line is needed to register the quest item `SI_ORE` (infernium ore) with the quest system, so that the game engine can track how many of these items players have during the quest.

### Final Answer:
```python
QUEST.registerQuestItems(SI_ORE)
```

### Explanation:
- `registerQuestItems(S",lcc,733108e23bea8f0fe687224256eb5c0b58a30b29f6ce051d,lcc,"Next line of code:
",,,"[""CREATED     = State('Start',     QUEST)""]"
1.0,878,python,84,"```python
class FractureLayer(GeoLayer):
    _not_serialized_attrs_ = ['layer_type']
    def __init__(self, config={}):
        super().__init__(config)
        self.layer_type = LayerType.fracture
```

### Explanation:
- `FractureLayer` is a subclass of `GeoLayer`.
- It sets the `layer_type` to `LayerType",lcc,b1cefd5f19084d4e4a500f51ff0fd6a59f8c2c70e47b868c,lcc,"Next line of code:
",,,"[""    _not_serialized_attrs_ = ['layer_type', 'top_type']""]"
1.0,950,csharp,84,"```csharp
        {
          String version = (String) java.GetValue(""CurrentVersion"");
          if (version == null)
            return null;
          String path = (String) java.GetValue(""JavaHome"");
          if (path == null)
            return null;
          return path;
        }
      }
    }
    private static String GetJavaHome(String resinHome, String javaHome)
    {
      if (",lcc,76a0bf2e534153ecd85f4baa149e185926fdf7267d6e1660,lcc,"Next line of code:
",,,"['        java = regKey.OpenSubKey(""1.6"");']"
1.0,1652,java,84,"```java
            writeBitSet(header, emptyStreams);
            header.write(NID.kEnd);
        }
    }
```

### Explanation:
- `writeBitSet(header, emptyStreams)` is used to write the bitset of empty streams to the header. This bitset indicates which entries do not have any data (i.e., they are empty).
- `header.write(NID.kEnd)` marks the end",lcc,ce9e73e7e622c7688ef392b99d6afaa87bea6b138e34fa82,lcc,"Next line of code:
",,,['            final DataOutputStream out = new DataOutputStream(baos);']
1.0,1329,java,84,"```java
            int sizeAfter = getNamespaceResolverSize(desc);
            assertEquals(sizeBefore, sizeAfter);
            StringReader reader = new StringReader(writer.toString());
            InputSource inputSource = new InputSource(reader);
            Document testDocument = parser.parse(inputSource);
            writer.close();
            objectToXMLDocumentTest(testDocument);
        }
    }
```

Now, I'll complete the rest of the code to",lcc,8a2fd200c0170fc660f3939cf1ac96106dc7e05cbcd739ea,lcc,"Next line of code:
",,,['            int sizeAfter = getNamespaceResolverSize(desc);']
1.0,730,java,84,"```java
        new Handler().post(new Runnable() {
            @Override
            public void run() {
                mListView.startAnimation(set);
            }
        });
```

Continuing the code:

```java
        });
    }

    private void fillData() {
        // Clear the current list
        mListView.setAdapter(null);
        mCursor = null;

        // Get the current folder
        String currentFolder",lcc,ecfe82f294b057561aa2f9cd0122f2dbc5fb0dae134d8df8,lcc,"Next line of code:
",,,"['                new LayoutAnimationController(set, 0.5f);']"
1.0,1044,python,84,"```python
        self.aspectWidget = Object3DAspect(self)
        self.scaleWidget = Object3DScale(self)
        self.privateWidget = Object3DPrivateInterface(self)
        self.l.addWidget(self.drawingModeWidget, 0, 0)
        self.l.addWidget(self.aspectWidget, 0, 1)
        self.l.addWidget(self.scaleWidget, 1, 0)
        self.l",lcc,f2938d3f351d2aebd34b5c529253c96aa77b793e3442e486,lcc,"Next line of code:
",,,['        self.aspectWidget = Object3DAspect(self)']
1.0,1595,python,84,"```python
		# Start the main loop
		self.bus.add_signal_receiver(self.handle_name_owner_changed, 'NameOwnerChanged', 'org.freedesktop.DBus', path='/org/freedesktop/DBus')
		self.add_standard_objects()
		# Wait for the service to be ready
		if ready_pipe != -1:
			os.close(ready_pipe)
			os.waitpid(os.read(",lcc,fe11c4d3c4d9b1392973aed3ba28df9d9cf6a13123cc8e59,lcc,"Next line of code:
",,,['\t\tloop = gobject.MainLoop()']
1.0,677,python,84,"```python
        self.assertEqual(s.get_interface(), 'foo.bar')
        self.assertEqual(s.get_member(), 'baz')
        self.assertEqual(s.get_path(), '/')
        self.assertEqual(s.get_path(), types.ObjectPath('/'))
        self.assertEqual(s.get_path().__class__, types.ObjectPath)
        self.assertEqual(s.get_path_decomposed(), [])
        self.assertTrue(s.has_path('/'))
        self.assertFalse(s.has_path(None))
``",lcc,fdfc363818ce22cc623b576870180ec881f0a75f716cd8a8,lcc,"Next line of code:
",,,"[""        s = lowlevel.SignalMessage('/a/b/c', 'foo.bar', 'baz')""]"
1.0,2054,python,84,"```python
                for i in range(params[0]['nbins']):
                    for j in range(params[1]['nbins']):
                        if params[2]['bins'] is None:
                            low = params[2]['low']
                            high = params[2]['high']
                            nbins = params[2]['nbins']
                            bins = array('d', [low + k * (high - low)",lcc,7ca84608f996fd9789e4cbc658213c13482f990b4ea1c34e,lcc,"Next line of code:
",,,"[""                        for n in xrange(params[0]['nbins'] + 1)]""]"
1.0,1187,csharp,84,"```csharp
                ""1:1: Message type \""protobuf_unittest.TestAllTypes\"" has no field "" +
                ""named \""nosuchfield\""."",
                ""nosuchfield: 123"");
            AssertParseError(
                ""1:1: Expected \""[\""."",
                ""[nosuchext]: 123"");
            AssertParseError(
                ""1:1: Expected",lcc,2be88ed1d82791123566d7fc244876523ea87a620301c93a,lcc,"Next line of code:
",,,"['                ""1:21: Expected \\"">\\""."",']"
1.0,882,java,84,"```java
    return mock.getAvailCompoIds(sClientSpaceId, sUserId);
  }
```

Here's the completed code with the final method:

```java
  @Override
  public String[] getAvailCompoIds(String sClientSpaceId, String sUserId) {
    return mock.getAvailCompoIds(sClientSpaceId, sUserId);
  }
}
```

",lcc,b519f9921c8764941f3609154c5ff4b26d6c0630555f325d,lcc,"Next line of code:
",,,"['    return mock.getAvailCompoIds(sClientSpaceId, sUserId);']"
1.0,2041,python,84,"```python
class VoteRevokedResponse(Response):
    def __init__(self, cmd, restag, rescode, resstr, datalines):
        """"""
		attributes:
		name	- aname/ename/gname
		""""""
        Response.__init__(self, cmd, restag, rescode, resstr, datalines)
        self.codestr = 'VOTE_REVOK",lcc,997526c4ebbb7938e65ea14362c83fde9d979401f5f5f445,lcc,"Next line of code:
",,,['\t\tname\t- aname/ename/gname']
1.0,844,python,84,"```python
        a = Sndfile(ofilename, 'r')
        nframes = a.nframes
        buffsize = 1024
        buffsize = min(nframes, buffsize)
        # First, read some frames, go back, and compare buffers
        buff = a.read_frames(buffsize)
        a.seek(0)
        buff2 = a.read_frames(buffsize)
",lcc,04429037d9380b6e9c3f7b2070992a5af10745895025113c,lcc,"Next line of code:
",,,"[""        rfd, fd, cfilename   = open_tmp_file('rwseektest.wav')""]"
1.0,6006,csharp,84,"```csharp
                }
                // Save the current row as the previous row
                System.Array.Copy(curr, 0, prior, 0, bytesPerRow);
                // Write the decoded row to the output
                fout.Write(curr, 0, bytesPerRow);
            }
            return fout.ToArray();
        }
    }
}
```

The code above is a continuation of the `DecodePredictor`",lcc,0cc866de4a40f62e0dc2031e25487c87a06027728f76c5a9,lcc,"Next line of code:
",,,"['                fout.Write(curr, 0, curr.Length);']"
1.0,701,csharp,84,"```csharp
{
    if (value <= 0x7F)
        return 1;
    else if (value <= 0x3FFF)
        return 2;
    else if (value <= 0x1FFFFFFF)
        return 4;
    else
        throw new ArgumentOutOfRangeException(""UInt32 value can't be compressed"");
}
```

So the complete method becomes:

```c",lcc,527be9dcafaca936af7816ffc1b91056d113516e8acf4806,lcc,"Next line of code:
",,,['\t\t\tif (value <= 0x7F)']
1.0,819,python,84,"```python
        y_points = np.arange(-90, 90, 1.0)
        sample_points = [
            (""longitude"", x_points),
            (""latitude"", y_points),
        ]
        # Interpolate using nearest neighbor
        result = traj_interpolate(test_cube, sample_points, method=""nearest"")
        # Expected values (example values, replace with actual expected data)
        expected =",lcc,f199ac4b782288ef2a374c11cfb7bee86753f53493876247,lcc,"Next line of code:
",,,"['        y_points = np.arange(-89.12, +90.0, 42.847)']"
1.0,1639,java,84,"```java
		return 10;
	}
```

Let me complete the code with the rest of the missing parts. Here's the full completed class:

```java
	/**
	 * @return The amount of y translation from the head's default position, used for animation
	 */
	public float getHeadYTranslation() {
		return headYTranslation;
	}

	/**
	 * @return The current",lcc,97d6976069558160fcb06c6802085ee52a6ef637d5832a1a,lcc,"Next line of code:
",,,['\t\treturn hasSpeedModule() ? 5 : 10;']
1.0,1012,csharp,84,"```csharp
this.comboBox1.Size = new System.Drawing.Size(200, 21);
```

Continuing the code:

```csharp
this.comboBox1.TabIndex = 2;
this.comboBox1.Sorted = true;
this.comboBox1.SelectedIndexChanged += new System.EventHandler(this.comboBox1_SelectedIndexChanged);
// 
// textBox2
// 
this.textBox2.Anchor = ((System.Windows.Forms.AnchorStyles.Bottom | System.Windows",lcc,8f007015b8b3b455a6fcd8f989241324f18ff10327811d5b,lcc,"Next line of code:
",,,"['\t\t\tthis.comboBox1.Size = new System.Drawing.Size(224, 21);']"
1.0,1264,csharp,84,"```csharp
			if (la.kind == 41) {
				SemText(out sym.semPos);
			}
			ExpectWeak(19, 5);
			Expression(out g);
			sym.graph = g.l;
			tab.Finish(g);
			ExpectWeak(20, 6);
		}
		Expect(21);
		Expect(1);
		if (",lcc,ae0f2d60c0cb9d0cb36a55fcf60b29466a441974ac234dca,lcc,"Next line of code:
",,,['\t\t\tint beg = la.pos; int col = la.col;']
1.0,980,python,84,"```python
    # Compute the latitude
    LatRad = phi1Rad
    # Compute the longitude
    LonOrigin = (ZoneNumber - 1) * 6 - 180 + 3
    LonOriginRad = LonOrigin * _deg2rad
    # Compute the false northing and false easting
    # Compute the terms for the latitude
    # Compute the",lcc,b3d7b8ae829a609d04350475dc3cbba8c1903ae29d44f33f,lcc,"Next line of code:
",,,['    N1 = a/sqrt(1-eccSquared*sin(phi1Rad)*sin(phi1Rad))']
1.0,451,csharp,84,"```csharp
                    MessageBox.Show(""No modules found. Please check the installation."");
                }
            }
        }
        private void loadModules()
        {
            if (alModules.Count > 0)
            {
                arChkBx = new CheckBox[alModules.Count];
                for (int i = 0; i < alModules.Count; i++)
                {
                    SubClassMenuItem sub = (SubClass",lcc,c8bb6c7b2115807916ef0d828a186d6e698ed8a7962bc728,lcc,"Next line of code:
",,,['                    Label noneFound = new Label();']
1.0,575,java,84,"```java
        return newEventBuilder().setSeverity(EventSeverity.INFO).setSource(source).setSequenceNumber(seqNo.get());
    }
```

Now, let's complete the rest of the code to make it functional and consistent with the rest of the class.

### ✅ Completed Code:

```java
    @Override
    public Event.Builder newEvent() {
        return newEventBuilder().setSeverity(EventSeverity",lcc,7630f3d4fd6c44654c13b705304c20adea2cf0798b4dc72c,lcc,"Next line of code:
",,,['        long t = getMissionTime();']
1.0,1113,java,84,"```java
						GraphNode cgn = graphNodes.get(cell);
						if (cgn == null) continue;
						// find all cells that reference this cell
						for (Iterator<Export> eIt = cell.getExports(); eIt.hasNext(); ) {
							Export export = eIt.next();
							Cell referencedCell = export.getReferencedCell();
							if (referencedCell !=",lcc,341005dfebe6821d4201177ffce38b1e3048f5a0d9c30463,lcc,"Next line of code:
",,,['\t\t\t\t\t\tGraphNode cgn = graphNodes.get(cell);']
1.0,600,java,84,"```java
                    alphaLevel = rampUp ? 255 : 0;
                }
                else
                {
                    long now = System.currentTimeMillis();
                    long elapsed = now - start;
                    alphaLevel = (int) (255.0 * (elapsed / (double) rampDelay));
                }
                repaint();
                try
                {
                    Thread.sleep(1000 / (int",lcc,6a3563763220617ce12df989e13f3ad3d2a6e723fd3d119e,lcc,"Next line of code:
",,,['                    for (int i = 0; i < ticker.length; i++)']
1.0,5243,csharp,84,"```csharp
				{
					DuelPlayer pl = p.Players[j];
					if ( pl != null && !pl.Eliminated )
						pl.Mobile.SendGump( new ParticipantGump( pl.Mobile, dc, p ) );
				}
			}
		}
	}
}
```

The code you've provided is part of the `DuelContext` class in the `ConPVP",lcc,28ce5cf5e0beeb47248c6cba20ae17fa71d60d402770d464,lcc,"Next line of code:
",,,['\t\t\t\tParticipant p = (Participant)m_Participants[i];']
1.0,686,python,84,"```python
        mark = ""setRepeated('%s')"" % status_id
        self.webview.execute_javascript(mark)
```

Here's the completed code with the missing line:

```python
    def mark_status_as_repeated(self, status_id):
        mark = ""setRepeated('%s')"" % status_id
        self.webview.execute_javascript(mark)
```

### Explanation:
- The method `mark",lcc,14de6afab15eabeb4fec480f9d6b4db78e93e0493851cc35,lcc,"Next line of code:
",,,"['        mark = ""setRepeated(\'%s\');"" % status_id']"
1.0,734,python,84,"```python
        return self._show(raw=raw, align=align, fill=fill, sep=sep, width=width, colsize=colsz, hidden_c=hidden_c, squash_c=squash_c, head=head, tail=tail)
```

So the completed `tokenrow.show()` method is:

```python
    def show(self, raw=False, **params):
        formatter =",lcc,d8447e7d54fe3091a9199e7ab96ea24e60a7f9976caf7d82,lcc,"Next line of code:
",,,['        r = [head]']
1.0,4268,python,84,"```python
            for state in states:
                if state not in self._new and state not in self._deleted:
                    state._expire()
```

Here's the completed code for the `_finalize_loaded` method in the `Session` class:

```python
    def _finalize_loaded(self, states):
        """"""Internal method to expire objects that are not new or deleted.""""""
        for state in states:
           ",lcc,52b05f3e84a4fe67c9a1b15719fbecb75dda4932f22567e9,lcc,"Next line of code:
",,,"['        for state, dict_ in states.items():']"
1.0,1319,python,84,"```python
    elif color == 'yellow':
        print '\033[1;33;40m'
    else:
        print '\033[0m'
```

The `print_color` function is incomplete. Here's the completed version:

```python
def print_color(color=""red or yellow""):
    # console out color
    if color == 'red':
        print '\",lcc,6071885a8ddae41fc3b21de3b7edec8f485b65d210d0a2e3,lcc,"Next line of code:
",,,"[""    elif color == 'yellow':""]"
1.0,545,python,84,"```python
                else:
                    self.fail(_(""Unknown error""))
        if premium_url:
            self.download(premium_url)
        else:
            self.handleFree()
    def handlePremium(self):
        self.logDebug(""Handling premium download"")
        self.html = self.load(self.url)
        action = self.load(self.url, post={""checkDownload"": ""check""}, decode=True)
        action = json_loads(action)
",lcc,58414c770f11b4a32f9d1c67426fd6d8e2028e408a27f131,lcc,"Next line of code:
",,,"['                elif res[\'error_code\'] in [""606"", ""607"", ""608""]:']"
1.0,598,csharp,84,"```csharp
				directions |= ScrollDirection.Right;
			if (Viewport.LastMousePos.Y >= Game.Renderer.Resolution.Height - EdgeScrollThreshold)
				directions |= ScrollDirection.Down;
			return directions;
		}
	}
```

This completes the `CheckForDirections` method, which determines scroll directions based on mouse position relative to the viewport edges. The method checks if the mouse is near the",lcc,91b83a11b6dc2c86381251a96905d31244b8ac184fe12ef5,lcc,"Next line of code:
",,,['\t\t\t\tdirections |= ScrollDirection.Right;']
1.0,3874,python,84,"```python
        self.fm.execute_command(['unzip'] + au_flags, descr, refresh)
```

The `extracthere` command is designed to extract copied files into the current directory. It uses the `unzip` command to perform the extraction, passing along the appropriate flags and arguments. The `refresh` function is called after the extraction to reload the directory content and update the view.

Here's the completed",lcc,c2347b59144779a0b7a159df894795eedab94a268ecd2b43,lcc,"Next line of code:
",,,"[""        obj = CommandLoader(args=['aunpack'] + au_flags \\""]"
1.0,518,java,84,"```java
				} else {
					g.setColor(MetalLookAndFeel.getControl());
				}
			}
			int w = getIconWidth();
			int h = getIconHeight();
			int x0 = x + (w - controlSize) / 2;
			int y0 = y + (h - controlSize) / 2;
			g.translate(x0, y0);
			g",lcc,971fbab8c3ab0ce2be833fead765ea9d6620fe3529e6e4f2,lcc,"Next line of code:
",,,"['\t\t\t\t\tdrawPressed3DBorder(g, x, y, controlSize, controlSize);']"
1.0,945,java,84,"```java
        if (studyFormName == null || studyFormName.isEmpty()) {
            return ValidationResults.SAMPLE_FOUND;
        }
        // Check if the existing study form name matches the one being used
        String existingStudyFormName = getStudyFormNameFromObservationHistory(accessionNumber);
        if (existingRequired && !studyFormName.equals(existingStudyFormName)) {
            return ValidationResults.S",lcc,5d56dd41743ce710c9b0986b24ec730ba947774b15696336,lcc,"Next line of code:
",,,['        if (GenericValidator.isBlankOrNull(studyFormName)) {']
1.0,620,csharp,84,"```csharp
				mapping.sqlloader = namedQueryReference;
			}
		}
		#endregion
	}
}
```

### Explanation:
- The `Loader` method is part of the `IMapPropertiesMapper` interface.
- It sets the `sqlloader` property of the `mapping` object to the provided `namedQueryReference`.
- This is used to reference a named query that will",lcc,941de4a30042444c37ae61552e7f11d288717b818793b5d1,lcc,"Next line of code:
",,,['\t\t\t\tmapping.loader = new HbmLoader();']
1.0,1570,java,84,"```java
        String[] argValues = new String[args.length];
        for (int i = 0; i < args.length; i++) {
            String argKey = args[i].getKey();
            if (argKey == null) {
                argValues[i] = null;
                continue;
            }
            if (args[i].isResource()) {
                argValues[i] = getMessageResources(application, request",lcc,e42bb143aca03ffdde352e012ca3991013aa4f1018e60c8f,lcc,"Next line of code:
",,,['        if ((args == null) || (args.length == 0)) {']
1.0,743,csharp,84,"```csharp
		}
	}
}
```

This completes the class definition for the `Constraint` class in the `System.Data` namespace. The class is abstract and serves as a base class for specific constraint types like `UniqueConstraint` and `ForeignKeyConstraint`. It provides common functionality for constraint handling, such as name changes, property collection access, and constraint validation.

Let me know if you'd like to",lcc,1fbe52a6ae333eb46f1ea6000375cec54d0c1377ea171db3,lcc,"Next line of code:
",,,['\t\tinternal abstract bool IsColumnContained (DataColumn column);']
1.0,655,csharp,84,"```csharp
            item.CanMoveFiles.Should().BeTrue();
        }
    }
}
```

### Explanation:
This line of code is part of a test method that checks whether a completed download item should be allowed to move files if it has reached the maximum idle time and is paused.

- `item.CanMoveFiles.Should().BeTrue();` asserts that the `CanMoveFiles` property of the `Download",lcc,83459d6f1f2adf3b906ee4a28eaf21c3a195f75ae100c64b,lcc,"Next line of code:
",,,['            var item = Subject.GetItems().Single();']
1.0,1227,python,84,"```python
    def repair(self, rebuild_index=True, rebuild_relationships=True):
        """"""Update all indexes and pointers in a model""""""
        if rebuild_index:  # DictList indexes
            self.reactions._generate_index()
            self.metabolites._generate_index()
            self.genes._generate_index()
        if rebuild_relationships:
            for met in self.metabolites:
                met._reaction.clear",lcc,291eb52753b18a31b084cd6c13d64847dd010ab270cd7bff,lcc,"Next line of code:
",,,"['        for l in (self.reactions, self.genes, self.metabolites):']"
1.0,1021,csharp,84,"```csharp
sourceEventBinding.Bind( SourceEventName, sourceProperty, targetProperty );
```

Continuing the code:

```csharp
		}
	}
	#endregion
	#region Private methods
	private void bindSourceEvent()
	{
		if( sourceEventBinding != null )
		{
			sourceEventBinding.Unbind();
			Destroy( sourceEventBinding );
			sourceEventBinding = null;
",lcc,7a6b465ccf619db236b9ebaa5024b7f2602fd097e1f14af8,lcc,"Next line of code:
",,,['\t\tsourceEventBinding.DataSource = new dfComponentMemberInfo()']
1.0,2508,csharp,84,"```csharp
			if (a != null) return a;
			else return LeadingAny(p.next);
		}
		return null;
	}
```

Now, I'll complete the rest of the code with the missing parts. Here's the completed code:

```csharp
	//---------------------------------------------------------------------
	//  Symbol table management
	//---------------------------------------------------------------------
	
	static void CompFollow(Node p) {
		while (p",lcc,bca3c4560f23f25e2f915056e3c74f7832b570be4c2e30fb,lcc,"Next line of code:
",,,['\t\t\tif (a == null) a = LeadingAny(p.down);']
1.0,976,csharp,84,"```csharp
            if (Utility.Random(100) < chance)
                res = EnhanceResult.Success;
            else
                res = EnhanceResult.Failure;
        }
    }
}
```

### Explanation:
- The `CheckResult` method is used to determine whether the enhancement was successful or failed based on a random chance.
- `Utility.Random(100)` generates a number between ",lcc,218d7b3f8d5e93240d972dc518c5b9e0fe4372b38cd94b33,lcc,"Next line of code:
",,,['            int random = Utility.Random(100);']
1.0,772,csharp,84,"```csharp
                if (_diff > 0)
                {
                    await RecycleItems(session, cancellationToken, pinap, ItemId.ItemPinapBerry);
                }
                if (_diff > 0)
                {
                    await RecycleItems(session, cancellationToken, wepar, ItemId.ItemWeparBerry);
                }
            }
        }
```

This completes the `OptimizedRecycleBerries` method",lcc,a35dec5733725ddbb50c8215f4db5a1bb8d03ea5bf6f87c7,lcc,"Next line of code:
",,,['                if (_diff > 0)']
1.0,475,java,84,"```java
		damage = compound.getInteger(""ToolDamage"");
		sharpness = compound.getInteger(""Sharpness"");
		fire = compound.getInteger(""Fire"");
		blast = compound.getInteger(""Blast"");
		smite = compound.getInteger(""Smite"");
		bane = compound.getInteger(""Bane"");
	}
```

Now, let's complete the full class with the missing `readFromNBT` and `",lcc,2abe780e4777e159876fcba6fb9c21888d8a0782e7499c3e,lcc,"Next line of code:
",,,"['\t\tdamageCooldown = compound.getInteger(""DamageCooldown"");']"
1.0,498,java,84,"```java
assertEquals(found.size(), 3);
```

Here's the completed test method:

```java
    @Test(dependsOnMethods = ""shouldUpdateStack"")
    public void shouldFindStacksWithSpecifiedTags() throws Exception {
        stacks[0].getTags().addAll(asList(""search-tag1"", ""search-tag2""));
        stacks[1].getTags().addAll(asList(""search-tag",lcc,1dba3395659d0bbbbc35a3da100e582c60c44de0cdd4c2e8,lcc,"Next line of code:
",,,['        for (StackImpl stack : stacks) {']
1.0,1519,python,84,"```python
        cat = getToolByName(self.context, 'uid_catalog')
        resbrains = cat.searchResults(query)
        if len(resbrains) == 1:
            contobj = resbrains[0].getObject()
            if contobj.isDiscussable() and canreply(contobj):
                mtool = getToolByName(self.context, 'portal_membership')
                username = mtool.getAuthenticatedMember().getId",lcc,b581893ac400757aaad32eed292afd06559e04175e8d6fdf,lcc,"Next line of code:
",,,"[""        cat = getToolByName(self.context, 'uid_catalog')""]"
1.0,715,csharp,84,"```csharp
				if (typeAttribute != null)
				{
					_type = typeAttribute.Value;
				}
			}
			// process return type
			if (!string.IsNullOrEmpty(_type))
			{
				_returnType = Context.TypeCreator.CreateType(_type, this);
			}
		}
		//--------------------------------------------------------------------
		// Private Methods
		//--------------------------------------------------------------------
		",lcc,65e83568eadd384a035b2d009ca4b6e8962b6a6b11a58326,lcc,"Next line of code:
",,,['\t\t\t\tif (typeAttribute != null)']
1.0,549,csharp,84,"```csharp
            Hue = CraftResources.GetHue(_Resource);
```

Here's the completed code with the missing line added:

```csharp
private void UpdateItemID()
{
    Hue = CraftResources.GetHue(_Resource);
    Weight = 1.0; // They seem to have no weight on OSI ?!
    InvalidateProperties();
}
```

### Full Completed Code:
```csharp",lcc,b293cf5f342371e0bf71c2612684f816f33409393283da9c,lcc,"Next line of code:
",,,['            if (Keys.Count < 1)']
1.0,692,csharp,84,"```csharp
this.butAttach.Location = new System.Drawing.Point(97, 23);
this.butAttach.Name = ""butAttach"";
this.butAttach.Size = new System.Drawing.Size(82, 20);
this.butAttach.TabIndex = 8;
this.butAttach.Text = ""Attach"";
this.butAttach.Click += new System.EventHandler(this.butAttach_Click);
```

Continuing the form designer code",lcc,c4cefa2a1ddbaac52ded7360c79296813666aad6d9e178b1,lcc,"Next line of code:
",,,"['\t\t\tthis.butAttach.Location = new System.Drawing.Point(738, 2);']"
1.0,808,csharp,84,"```csharp
                pt = (POINT)c.ReadToStructure(0, typeof(POINT));
                c.Dispose();
                return pt;
            }
        }
        /// <summary>
        /// The index of this item in the list view.
        /// </summary>
        public int Index
        {
            get { return index; }
        }
        /// <summary>
        /// The title of this item.
       ",lcc,faeb4c1f5b91b0308378f17f35d5be9bb0bb461449205814,lcc,"Next line of code:
",,,"['                pt = (POINT)c.ReadToStructure(0, typeof(POINT));']"
1.0,675,java,84,"```java
        CreateUtkastRequest utkastRequest = buildRequest(intygsTyp);
        utkastRequest.setPatientEfternamn(Strings.repeat(""a"", 255));
        Response response = utkastController.createUtkast(intygsTyp, utkastRequest);
        assertEquals(OK.getStatusCode(), response.getStatus());
    }
```

---

### Explanation:

This test",lcc,641e1c881986075c2c1d4de3afcfdf28d45ea43407457b7d,lcc,"Next line of code:
",,,['        CreateUtkastRequest utkastRequest = buildRequest(intygsTyp);']
1.0,1183,csharp,84,"```csharp
			{
				var item = queue.FirstOrDefault(pi => pi.Item == itemName);
				if (item == null)
					return;

				if (numberToCancel == 0)
					return;

				if (item.RemainingTime > 0)
				{
					item.Paused = true;
					item.PausedBy = self.Owner;
					Game.Sound.PlayNotification(self.World.Map.R",lcc,f928fa8a814e6601eba3952b11bcbc31cc18a3d2f086048f,lcc,"Next line of code:
",,,['\t\t\tfor (var i = 0; i < numberToCancel; i++)']
1.0,588,python,84,"```python
        return self.get_queryset().filter(store__pootle_path__startswith=pootle_path)
```

Let me complete the rest of the code for the `UnitManager` class and continue with the rest of the `Unit` class:

```python
    def get_for_path(self, pootle_path, user):
        """"""Returns units that fall below the `pootle_path` umbrella",lcc,a8df204f2a859a703bf766e6567ed3d50e67fb8e91bc975b,lcc,"Next line of code:
",,,"['        lang, proj, dir_path, filename = split_pootle_path(pootle_path)']"
1.0,961,java,84,"```java
            beanProperties.addPropertyValue(LegacyConfigPostProcessor.PROPERTY_LOCATIONS, newLocationList);
            return beanProperties;
        }
        else
        {
            // If the properties value already references the global-properties bean, we have nothing else to do.
            // So, we just return the existing property values.
            return beanProperties;
        }
    }
}
```

### Explanation:
- The",lcc,daa27a5d67ba9d011a6296ae7e7effeac588540b3e61d3e5,lcc,"Next line of code:
",,,['            if (newLocationList.size() > 0)']
1.0,1301,csharp,84,"```csharp
{
    // This range contains half-width kana.
    bytes[posn++] = (byte) (ch - 0xFF60 + 0xA1);
}
```

Then, the rest of the code continues with the encoding logic. Here's the full continuation of the `CP51932Encoder` class, including the remaining code for the `GetBytesImpl` method",lcc,774fe32bf5c3e50a3060d52bef095025decb114d4ab2a37b,lcc,"Next line of code:
",,,['\t\t\t\tvalue = ch - 0xFF60 + 0x8EA0;']
1.0,840,java,84,"```java
    return results;
  }
```

### Explanation:
This method `getStringArray` is intended to parse a comma-separated string (with optional quotes) from a `Properties` object and return it as a `String[]`.

The line:
```java
    return results;
```
completes the method by returning the parsed array of strings.

### Full completed method:
```java
  /**
  ",lcc,cdd96b1a6cdd32b52402ed8afa5c640bc81a206da183fee0,lcc,"Next line of code:
",,,['    if (results == null) {']
1.0,1735,java,84,"```java
		// Context Menus
		// This is where the context menu for the form is defined
		// You can add context menu items here if needed
		// For example:
		// ContextMenu contextMenu = new ContextMenu(form, ""MyContextMenu"");
		// contextMenu.addMenuItem(""MenuItem1"", ""My Menu Item 1"", this::onMenuItem1",lcc,caf4ee2315e7782e651f443c2b635e258cb5c7aea3ede55c,lcc,"Next line of code:
",,,['\t\tcontextMenus = new ContextMenus();']
1.0,599,csharp,84,"```csharp
            ptr_of_this_method = ILIntepreter.Minus(__esp, 1);
            ptr_of_this_method = ILIntepreter.GetObjectAndResolveReference(ptr_of_this_method);
            UnityEngine.Ray instance_of_this_method = (UnityEngine.Ray)typeof(UnityEngine.Ray).CheckCLRTypes(StackObject.ToObject(ptr_of_this_method, __domain, __mStack));
            var result",lcc,f0c18c81b769fb90470c8df8bae97ef061380d5b8dcb9b40,lcc,"Next line of code:
",,,"['            ptr_of_this_method = ILIntepreter.Minus(__esp, 1);']"
1.0,854,csharp,84,"```csharp
                from.SendLocalizedMessage(1019002); // You are too far away to use the gate.
            }
        }
    }
}
```

This is the continuation of the `OnResponse` method in the `InternalGump` class of the `MoonstoneCrystal` class. It checks if the button clicked corresponds to a valid location in the `MoonstoneCrystal.Locations",lcc,93191c3c840c04430c2e0222e3643013a8af4e2b709e6f95,lcc,"Next line of code:
",,,"['\t\t\t\tGump g = new Gump(0, 0);']"
1.0,824,python,84,"```python
        return CourseKeyFactory().from_string(
            u""{org}/{number}/{run}"".format(**self._course_dict)
        )
```

This completes the `_course_location` property method, which returns the course locator as a `CourseKey` object. This is used in various methods to reference the course in the system.

Here's the full completed code for the `_course_location` method:

```",lcc,09ae4ef8effb51b554602ffbe68a496389bb548ebc5983ad,lcc,"Next line of code:
",,,['        course_key = CourseKey.from_string(self._course_key)']
1.0,756,python,84,"```python
                im1L = im1.convert(""L"", rgb2I)
            elif channel == ""R"":
                im1L = im1.convert(""L"", rgb2r)
            elif channel == ""G"":
                im1L = im1.convert(""L"", rgb2g)
            else:
                im1L = im1.convert(""L"", rgb2b)
            h1 =",lcc,0c4383dd82b695a9c0f842643d57d89b5f9deac30eb27285,lcc,"Next line of code:
",,,"['                im1L = im1.convert(""L"", rgb2I)']"
1.0,1740,csharp,84,"```csharp
				break;
			case ""skill_campfire"":
				if (!HasSkill(SkillId.Campfire))
				{
					if (!HasKeyword(""deian_01""))
					{
						GiveItem(1012); // Campfire Manual
						GiveItem(63002, 5); // Firewood
						GiveKeyword(""de",lcc,2c8143e18e8a59b4e401fca8446e57b31d54c7fc033009c7,lcc,"Next line of code:
",,,"['\t\t\t\tMsg(""Welcome to the real world..."");']"
1.0,562,csharp,84,"```csharp
                return false;
            }
            return true;
        }
    }
}
```

### Explanation:
This line of code is the **return statement** for the `CanDetect` method in the `DetectHidden` class. It returns `false` if the conditions for detecting a hidden mobile are not met, and `true` otherwise.

### Full context:
The `CanDetect` method is used",lcc,ab64e80497dc29027b566fe583c6e6936d54fd063307f698,lcc,"Next line of code:
",,,['            return src.Map.Rules == MapRules.FeluccaRules;']
1.0,1328,java,84,"```java
        if (currentSession != null && currentSession.isOpened()) {
            Bundle parameters = new Bundle();
            parameters.putString(""fields"", REQUEST_FIELDS);
            parameters.putString(""callback"", ""com.facebook.widget.UserSettingsFragment$1"");
            new GraphRequest(currentSession, ""/me"", parameters, GraphRequest.Method.GET, new GraphRequest.Callback() {
                @Override
                public void onCompleted(GraphResponse response",lcc,1d185bc0190b4d50ec508a59208f05925712f6455d6ece65,lcc,"Next line of code:
",,,['        if (currentSession != null && currentSession.isOpened()) {']
1.0,1017,csharp,84,"```csharp
            return View(""Form"", new DelegateViewModel());
        }
        // remove a relationship (EventDelegate) between Event (parent) Delegate (child) 
        [HttpPost]
		[RolesRequired(""Admin"",""SaveEventDelegate"")]       
        public ActionResult UnLinkEventDelegate(int modelId , int[] items)
        {
            var result = true;
            try
            {
                items.DefaultIf",lcc,abeb767e6c37cee48470e6764ac480ad487fef3e3fc93bba,lcc,"Next line of code:
",,,"['            return View(""Form"", new DelegateViewModel());']"
1.0,799,java,84,"```java
        PlayerGroupMember oldLeader = group.getMember(player.getObjectId());
        if (oldLeader != null) {
            group.setLeader(new PlayerGroupMember(player));
            group.onEvent(new ChangeLeaderEvent(group, player, oldLeader));
        }
    }
```

Here's the completed method with explanation:

```java
    public static void changeLeader(Player player) {
        PlayerGroup group = player",lcc,67a6dc96ef742343a5472232bc814279dccd54c1055439e8,lcc,"Next line of code:
",,,['        PlayerGroup group = player.getPlayerGroup2();']
1.0,673,java,84,"```java
        for (int i = 0; i < ActiveWeapons.size(); i++) {
            ActiveWeapons.get(i).update(delta);
        }
```

This line of code is responsible for updating all active weapons in the game. It loops through each weapon in the `ActiveWeapons` list and calls the `update` method on it, passing in the `delta` value which represents the time elapsed since",lcc,d885bc25f6d6b7f2bed6c360c4182759018c010914bbd263,lcc,"Next line of code:
",,,['        for(int i = 0; i< myWeapons.length; i++) {']
1.0,2070,csharp,84,"```csharp
				foreach (ILNode child in block.Body) {
					if (child is ILBasicBlock) {
						FlattenBasicBlocks(child);
					} else {
						flatBody.Add(child);
					}
				}
				block.Body = flatBody;
			}
		}
```

This code continues the `FlattenBasicBlocks` method, which is responsible for flattening",lcc,d2cc14959cc14d9e5f5c314ff857cbc70f1ff16fa1441fa2,lcc,"Next line of code:
",,,['\t\t\t\tforeach (ILNode child in block.GetChildren()) {']
1.0,2179,python,84,"```python
                return result
        return None, False
    def _get_ocsp_must_staple(self):
        try:
            # This is for OpenSSL 1.1.0 and newer
            if self.cert.get_version() >= 3:
                # OpenSSL 1.1.0 or newer
                # Check for the TLSFeature extension
                try:
                    tlsfeature_ext =",lcc,71ce6181e5bc2ca033a59fff909ae4682cbb94f61145ba04,lcc,"Next line of code:
",,,"['                return sorted(result), bool(extension.get_critical())']"
1.0,924,java,84,"```java
        d.width = 20; // Minimum width for text
        d.height = 14; // Minimum height for text
        return d;
    }
```

This completes the `getMinimumSize()` method, which defines the minimum size of the text figure. It sets a default width of 20 and height of 14 pixels, ensuring that the figure doesn't shrink below",lcc,d18db499c41a15c135ce3f82d3cc62afdcd46c02c9a100e3,lcc,"Next line of code:
",,,['        if (font == null) {']
1.0,764,csharp,84,"```csharp
this.rptComboBox.Location = new System.Drawing.Point(91, 160);
this.rptComboBox.Name = ""rptComboBox"";
this.rptComboBox.Size = new System.Drawing.Size(264, 21);
this.rptComboBox.TabIndex = 196;
```

Continuing the rest of the code:
```csharp
// 
// label3
",lcc,94f4579778d0f769443d95027663337643885b8b0b67cd03,lcc,"Next line of code:
",,,"['            this.rptComboBox.Location = new System.Drawing.Point(92, 5);']"
1.0,5328,csharp,84,"```csharp
buff[4] = (byte)(address & 0x000000ff);
```

Continuing the code:

```csharp
// Write the report to the Wiimote
WriteReport(buff);

// Wait for the read to complete
if (!mReadDone.WaitOne(3000, false))
    throw new WiimoteException(""Timed out",lcc,8e0bd228e7aa848a9bf8109d86ecaf76dcf9e5dee02fba5e,lcc,"Next line of code:
",,,['\t\t\tbuff[4] = (byte)(address & 0x000000ff);']
1.0,431,java,84,"```java
                return new int[0];
            }
        };
    }

    @Nonnull
    public Project getProject()
    {
        return null;
    }

    @Nonnull
    public CaretModel getCaretModel()
    {
        return new CaretModel()
        {
            @Override
            public int getOffset()
            {
                return 0;
            }

            @Override
            public void",lcc,9ebf3a9f0f2f7e7496ccd13c44ec7354a4a0230fe1f15f47,lcc,"Next line of code:
",,,['\t\t\t\treturn new int[0];']
1.0,1086,csharp,84,"```csharp
this.label8 = new global::Gtk.Label ();
this.label8.Name = ""label8"";
this.label8.Xalign = 0F;
this.label8.LabelProp = global::Mono.Unix.Catalog.GetString (""_White spaces:"");
this.label8.UseUnderline = true;
this.hbox3.Add (this.label8);
global::Gtk.Box.BoxChild w28 = ((global::",lcc,79bfd01dfd65567d16786ba83d96abf2c1f32aed45f161f0,lcc,"Next line of code:
",,,['\t\t\tthis.label8 = new global::Gtk.Label ();']
1.0,3043,python,84,"```python
        for (plugname, plug) in self.loaded_plugins:
            try:
                self.soslog.info(_("" Collecting data from plugin %s"") % plugname)
                plug.collect()
            except (OSError, IOError) as e:
                if e.errno in fatal_fs_errors:
                    self.ui_log.error("""")
                    self.ui_log.error("" %s while collecting data"" % e.str",lcc,0040aff29f9f6ccd4819e0793a5a66b9d75d882f56fae40c,lcc,"Next line of code:
",,,['        for i in zip(self.loaded_plugins):']
1.0,831,python,84,"```python
                )
            else:
                return self.nullFunction(
                    functionName, dll=dll,
                    resultType=resultType, 
                    argTypes=argTypes,
                    doc = doc, argNames = argNames,
                    extension = extension,
                    deprecated = deprecated,
                )
        return func
    def nullFunction( 
        self, 
        functionName, 
        resultType=ctypes.c_int",lcc,e23602db74e35727f7f766eb0f92a05cdb9599280a144a07,lcc,"Next line of code:
",,,"[""        elif hasattr( original, 'originalFunction' ):""]"
1.0,864,csharp,84,"```csharp
{
    if (mobiles[i] is Mobile m && m != from && SpellHelper.ValidIndirectTarget(from, m) && from.CanBeHarmful(m, false))
    {
        from.DoHarmful(m);
        AOS.Damage(m, from, GetDamage(), 0, 100, 0, 0, 0);
        m.PlaySound",lcc,0e11139b864daa3a41696de69d95d0a294335165cb569f6a,lcc,"Next line of code:
",,,['                        Mobile m = mobiles[i];']
1.0,847,java,84,"```java
        DomainInfo domainInfo = manager.getDomainInfo(domain);
        request.setAttribute(""domainInfo"", domainInfo);
    }
```

### Explanation:
- The `doDomainInfo` method retrieves domain-specific information using the `MailManager`.
- It fetches the `DomainInfo` object for the given domain.
- This object is then stored in the request attributes so it can be used in the JSP",lcc,45be6133b10843a59b2ff2272116e322f7dd795025749020,lcc,"Next line of code:
",,,['        User user = getUser(request);']
1.0,746,python,84,"```python
        self.fields['email'].required = True
        self.fields['demographic_target_count'].required = True
        self.fields['purpose'].required = True
        self.fields['content_developer'].required = True
        self.fields['selection_criteria'].required = True
        self.fields['is_real_time'].required = True
```

This is the continuation of the `__init__`",lcc,bc922d0a7fcc0c037de90c7f575f1de8f8ac956e5c9e4e82,lcc,"Next line of code:
",,,['        self.member_groups = self.user.get_member_groups(self.groups)']
1.0,2896,java,84,"```java
                drawgfx(bitmap, Machine.gfx[5],
                        16 + (~stactics_display_buffer.read(i) & 0x0f),
                        16,
                        0, 0,
                        pixel_x, pixel_y,
                        Machine.visible_area, TRANSPARENCY_NONE, 0);
                pixel_x += 2;
            }
            /**
             * *** Draw Barriers",lcc,8d3d0541e92abe43d18a21fd5943d0fee67278670fbf48d8,lcc,"Next line of code:
",,,"['                        16 + (~stactics_display_buffer.read(i) & 0x0f),']"
1.0,515,java,84,"```java
				persons = loadFromFile();
			}
		}), 
		// Add more files as needed
		// For example:
		// FIRM, TIMED, SERVER, etc.
		// But since the code is incomplete, we'll assume the rest of the enum is properly defined
		// and the rest of the methods are implemented.
	};
```

###",lcc,04233bb10cad37ee372ddcc1ca95b3e2a853d217fa90929e,lcc,"Next line of code:
",,,['\t\t\t\tfirms = loadFromFile();']
1.0,1060,java,84,"```java
        if (maxTradePeriodDate == null && takeOfferDate != null) {
            maxTradePeriodDate = new Date(takeOfferDate.getTime() + getOffer().getPaymentMethod().getMaxTradePeriod());
        }
        return maxTradePeriodDate;
    }
```

Now, I'll complete the rest of the code to make it functional and consistent with the rest of the class.

###",lcc,23da8d9de20f882d02d5c855b1322a6bc6b13eebcf69be20,lcc,"Next line of code:
",,,['        if (halfTradePeriodDate == null && takeOfferDate != null)']
1.0,931,java,84,"```java
            else if (optval instanceof List) {
                List<?> list = (List<?>) optval;
                if (list.isEmpty()) {
                    tcpAcceptFilters.clear();
                } else {
                    tcpAcceptFilters.clear();
                    for (Object item : list) {
                        if (item instanceof TcpAddress.TcpAddressMask) {
                            tcpAcceptFilters.add((TcpAddress.TcpAddressMask) item",lcc,e183058d346d8baf870f97d2f9f4a343610cbd294e8bc9ff,lcc,"Next line of code:
",,,['            else if (filterStr.length() == 0 || filterStr.length() > 255) {']
1.0,807,csharp,84,"```csharp
					Log.Write(""server"", ""Rejected connection from {0}; incorrect password."", newConn.Socket.RemoteEndPoint);
					SendOrderTo(newConn, ""ServerError"", message);
					DropClient(newConn);
					return;
				}
				// Check if the client is banned
				if (TempBans.Contains(newConn.Socket.RemoteEndPoint.ToString()))
				{
					Log.Write(""server"",",lcc,cb8ef7b164c1f9b4d27225f6b8e45ea33c8096c073d82e27,lcc,"Next line of code:
",,,"['\t\t\t\t\tSendOrderTo(newConn, ""AuthenticationError"", message);']"
1.0,1045,python,84,"```python
    return aetypes.Range(dict)
```

Here's the completed code with the missing line filled in:

```python
def mkrange(dict):
    return aetypes.Range(dict)
```

### Final Completed Code

Here is the full completed code with the missing line filled in:

```python
#
# Tools for use in AppleEvent clients and servers:
# conversion between AE types and python types
#",lcc,6632f438b48e38612c7af5be064f73e8a4b86ead00fbda69,lcc,"Next line of code:
",,,"[""    return aetypes.Range(dict['star'], dict['stop'])""]"
1.0,2596,python,84,"```python
                ref_count[v] += sign * ref_count[edge.child]
                v = parent[v]
        for (left, right), edges_out, edges_in in ts.edge_diffs():
            for edge in edges_out:
                update_counts(edge, -1)
            for edge in edges_in:
                update_counts(edge, +1)
    # Finally, add the stats for the last tree and divide by",lcc,25409067cd0b9bd6ffc59d2ab30579edc2ec8b0a47154def,lcc,"Next line of code:
",,,['                sample_count[v] -= sample_count[edge.child]']
1.0,673,python,84,"```python
		elif self.tuning_type.value == ""predefined_transponder"":
			self.scan_nims.value = self.satfinder_scan_nims.value
			self.predefinedTerrTranspondersList()
			self.list.append(getConfigListEntry(_('Transponder'), self.TerrestrialTransponders))
```

This is the continuation of the `createConfig` method in the `Satfinder` class. It",lcc,f8ded3af8ef3545db8175306e099fcfdecc9a38e3633b747,lcc,"Next line of code:
",,,['\t\tself.feid = int(self.satfinder_scan_nims.value)']
1.0,1562,csharp,84,"```csharp
            // Validate that all discount criteria codes are unique
            foreach (string CriteriaCode in CriteriaCodesUsed)
            {
                int Count = 0;
                foreach (PcDiscountRow Row in DiscountTable.Rows)
                {
                    if (Row.DiscountCriteriaCode == CriteriaCode)
                    {
                        Count++;
                    }
                }
                if (Count > 1)
                {
                    // Display",lcc,56926abd2bf7483455bb0fefd23ad8e304fab1e8b70b8eee,lcc,"Next line of code:
",,,['            string[] CriteriaCodesUsedArray = CriteriaCodesUsed.ToArray();']
1.0,733,java,84,"```java
            if (bugAnnotation instanceof SourceLineAnnotation) {
                SourceLineAnnotation sla = (SourceLineAnnotation) bugAnnotation;
                if (sla.getFileName() == null) {
                    throw new IllegalStateException(""SourceLineAnnotation has no file name: "" + bugAnnotation);
                }
                if (sla.getStartLine() < 0) {
                    throw new IllegalStateException(""SourceLineAnnotation has start line < ",lcc,cb3e34be4795caaf719f520787549681e8b00fbac71530a7,lcc,"Next line of code:
",,,['            if (bugAnnotation instanceof PackageMemberAnnotation) {']
1.0,1100,java,84,"```java
return requestManaExact(stack, player, manaToGet, remove);
```

So the completed method is:

```java
	/**
	 * Requests an exact amount of mana from items in a given player's inventory. This version also
	 * checks for IManaDiscountArmor items equipped to lower the cost.
	 * @param manaToGet How much mana is to be requested, if less mana",lcc,b94c4100fcacf82ca0b3cf350411e8a6361c3aedbbb68172,lcc,"Next line of code:
",,,"['\t\treturn requestManaExact(stack, player, cost, remove);']"
1.0,1017,python,84,"```python
                except Exception as e:
                    output += ""Error: "" + str(e) + ""\n""
                output += ""\n""
        _file = open(filename, 'w+')
        _file.write(output)
        _file.close()
    def get_resolution_no_mat(self):
        return self.get_no_mat_resolution()
    def get_E_2_page(self):
        if not self.E_2",lcc,78fd6bbd4847ea904de30d888739147fe917202829362e1d,lcc,"Next line of code:
",,,"['                except (KeyError, AttributeError):']"
1.0,777,csharp,84,"```csharp
			base.Render (writer);
		}
	}
}
```

The `Render` method is the final part of the `MultiView` class implementation. It calls the base class's `Render` method to ensure the control is rendered properly. This is a standard pattern in ASP.NET Web Forms controls to allow the control to be rendered into the HTML output stream.

Here's the completed code with",lcc,5dbe65a9966abf6a6fdc04cf78e20977f8d24df06849e8e7,lcc,"Next line of code:
",,,['\t\t\tif ((Controls.Count == 0) && (initialIndex != -1)) ']
1.0,3107,java,84,"```java
                if ((l.status & VISITED) == 0) {
                    l.status |= VISITED;
                    l.srcAndRefPositions = new int[(nbSubroutines - 1) / 32 + 1];
                }
                l.srcAndRefPositions[(int) (id >>> 32)] |= (int) id;
                if (l.succ != null) {
",lcc,ccd61a72c442c4312744465333f1834fbb9aa1fdbd7f909c,lcc,"Next line of code:
",,,['                if ((l.status & VISITED2) != 0) {']
1.0,1083,java,84,"```java
        intTobytes(num, out, outOff);
```

So the completed method is:

```java
    private void intTobytes(
        int     num,
        byte[]  out,
        int     outOff)
    {
        out[outOff] = (byte) (num >> 24);
        out[outOff + 1] = (byte) (num >>",lcc,fe08dcb281de4c3a0e2cca60ae83b079f30ce3924ae5131b,lcc,"Next line of code:
",,,['            out[outOff + 3] = (byte)(num >>> 24);']
1.0,801,python,84,"```python
	    if n == 0:
	      status = 'w'
	    else:
	      status = 'a'
	    with open(name, status) as f_ID:
	      f_ID.write(str(body_types[i]) + '\n')
	      for j in range(body_types[i]):
		orientation = bodies[body_offset + j].orientation.entries
		f_ID.write('%s %s %s %s",lcc,ca3ae6a5d8c6865655de823a63f15080b5c10cc5843037df,lcc,"Next line of code:
",,,['\t    if total_rej == 1:']
1.0,484,java,84,"```java
			if (nbttagcompound == null)
			{
				nbttagcompound = new NBTTagCompound();
				stack.setTagCompound(nbttagcompound);
			}
			NBTTagCompound nbttagcompound1 = nbttagcompound.getCompoundTag(""display"");
			if (nbttagcompound1 == null)
			{
				nbttagcompound1 = new NBTTagCompound();
				n",lcc,3acf18da43544d1e056b344459d85b5599253c6ef78403fb,lcc,"Next line of code:
",,,['\t\t\tif (nbttagcompound == null)']
1.0,985,python,84,"```python
        or self._data_container.get_matching_errors({""relative"": True, ""axis"": 1})
    @property
    def data_cov_mat(self):
        """"""2D array of shape ``(N, N)`` containing the data *xy* covariance matrix (projected
        onto the *y* axis).
        :rtype: numpy.ndarray
        """"""
        return self._data_container.get_matching",lcc,846340ba2c3c023a2837435e9ce17bc793645f33a20dcb42,lcc,"Next line of code:
",,,['        projected onto the *y* axis. :py:obj:`None` if singular.']
1.0,701,python,84,"```python
        self.assertEqual(doc._delta(), ({'dict_field': 1}, {}))
```

The code is testing the `_delta()` method of a `Document` class in `MongoEngine`, which is used to compute the changes made to a document. The test is designed to verify that the `_delta()` method correctly captures both the updated values and the removed values (i.e., the ""deltas",lcc,a507514e59d02bec9d48f262b48dffcb180b6665ae945f96,lcc,"Next line of code:
",,,"['        p = Person.objects.get(name=""owner"")']"
1.0,2031,csharp,84,"```csharp
				}
			}
		}
		/// <summary>
		/// sends a message to a specific client
		/// </summary>
		/// <param name=""msg"">message to send</param>
		/// <param name=""client_number"">client number</param>
		public void Send(string msg, int client_number)
		{
			Socket worker",lcc,cf8e0d5f2adf8762eb153e24cdc6edacca8bb1e84f6b7c14,lcc,"Next line of code:
",,,"['\t\t\t\t    RemoveClient(i, m_workerSocketList, disconnect_client);']"
1.0,918,python,84,"```python
    if len(primary.keys()) > 0:
        print(""primary.xml contains packages:"")
        for key in primary.keys():
            pkg = primary.items[key]
            print(""\t"" + build_nevra(pkg.name, pkg.epoch, pkg.version, pkg.release, pkg.arch))
        raise AssertionError(""primary.xml contains packages"")
```

### Explanation:
- This step is designed to verify that the `",lcc,fd3a1a817ea75abb6d8f7040fcfb3ee43dbfe07e4e6d9408,lcc,"Next line of code:
",,,['    if (len(primary.keys()) > 0):']
1.0,1401,java,84,"```java
    if (!m_IgnoreChanges) {
      m_RecentItems.add(item);
      if (m_RecentItems.size() > m_MaxCount) {
        m_RecentItems.remove(0);
      }
      writeProps();
      updateMenu();
    }
  }
```

Here's the completed code with the missing part of the `addRecentItem` method:

```java
  /**
  ",lcc,e20af03f2ee467f621a8abf4253b8106ed16e82d2aeb0e8c,lcc,"Next line of code:
",,,['    item = fromString(toString(item));']
1.0,587,java,84,"```java
        if (mCallback != null) {
            try {
                mCallback.handleCallSessionEvent(event);
            } catch (RemoteException ignored) {
            }
        }
    }
```

### Explanation:
- This method `handleCallSessionEvent` is part of the `Connection.VideoProvider` interface.
- It is called when a call session event occurs (e.g., call state changes).
- The",lcc,eda13b1d2aeeeac450c99e7b1bd4ab5d92449eda79b54da5,lcc,"Next line of code:
",,,['        if (mCallback != null) {']
1.0,690,csharp,84,"```csharp
										{
											var slot = slot;
											if (slot.Value.IsReady)
												return;
											if (slot.Value.Client == null)
											{
												if (slot.Value.AllowBots)
												{
													if (botController != null)
													{
														var botName = botNames.FirstOrDefault(n => n != null && n != ""Player"");
														if (botName !=",lcc,944fd1f9c7ec90cdc70498975f2faf06111d7dfe2ae05e81,lcc,"Next line of code:
",,,['\t\t\t\t\t\t\t\t\t\tvar bot = botNames.Random(Game.CosmeticRandom);']
1.0,1146,csharp,84,"```csharp
var p = new DenseVector(input.Count);
```

Let me complete the `Solve` method for the `TFQMR` class, following the algorithm described in the reference (Yousef Saad's book on iterative methods for sparse linear systems, Chapter 7, section 7.4.3, page 219).

Here's the completed `Solve` method:

",lcc,85a1c12ae7813d7b73cbbf458fd9262e032bd9cc88005aa1,lcc,"Next line of code:
",,,['            var pseudoResiduals = new DenseVector(input);']
1.0,1452,java,84,"```java
	} while (parent != null && !(parent instanceof GridColumn));
```

Then, the full `doStartTag()` method would be:

```java
    @Override
    public int doStartTag() throws PageException {
        if (!StringUtil.isEmpty(values)) {
            column.setValues(ListUtil.toStringArray(ListUtil.listToArrayRemoveEmpty(values, valuesdelimiter)));
        }
        if (!StringUtil.isEmpty",lcc,a9f806dacfe9f5d8c7b09f082dcb1b2d02bd3ec0647bbbed,lcc,"Next line of code:
",,,['\t    if (parent instanceof Grid) {']
1.0,753,csharp,84,"```csharp
			PropertyService.Initialize(this);
			ResourceService.Initialize(this);
			// Initialize other core services if needed
		}
```

Here's the completed code with the missing part filled in:

```csharp
		/// <summary>
		/// Starts the core services.
		/// This initializes the PropertyService and ResourceService.
		/// </summary>
		public void Start",lcc,dc7f3a684d9468c9631828995c836b9722e18b4999cdd713,lcc,"Next line of code:
",,,['\t\t\tif (configDirectory == null)']
1.0,1059,java,84,"```java
                    vertices[x] = getVertex(getVertIndex(i, x));
                }
            }
        }
    }
```

Continuing the code:

```java
    /**
     * Returns the index of the vertex in the vertex array for the x-th vertex of the quad.
     * 
     * @param quadIndex
     *            The index of the quad.
     * @param x
    ",lcc,1354213b38f26ed15b8f898742ff5002cfb7db09baf32dd7,lcc,"Next line of code:
",,,['                    vertices[x] = new Vector3f();']
1.0,641,python,84,"```python
        view = navigate_to(self, 'Edit')
```

Let me complete the code for the `ComputeRateCollection` class and the remaining parts of the `EditStorageChargebackView` and `AddStorageChargebackView` classes.

### ✅ Completed Code

```python
        view = navigate_to(self, 'Edit')
        view.fill_with(
            {
                'description': self.description,
",lcc,2edf15bcbfcd4fcf56e4a6731116895a5ed5bb7b70ee804d,lcc,"Next line of code:
",,,"[""        view = navigate_to(self, 'Add')""]"
1.0,2752,python,84,"```python
        self._update_partition_id(0)
```

Continuing the test:

```python
        # Now change the user_partition_id to 1
        self._update_partition_id(1)
        # Verify that the number of children has changed to match the new partition
        self._assert_children(3)
        # Verify that the group names are correct
        vertical_0 = self.get",lcc,b55c3cd64c946848d39da7e77c7364582b5e7ab71a545f58,lcc,"Next line of code:
",,,['        split_test = self._update_partition_id(0)']
1.0,1331,java,84,"```java
        final File tmpDir = new File(System.getProperty(""java.io.tmpdir""));
        final File tmpFile = File.createTempFile(""bulkExport"", "".nt"", tmpDir);
        tmpFile.deleteOnExit();
        final TempTripleStore tmp = new TempTripleStore(tmpFile.getAbsolutePath(), properties);
```

Here's the completed code for the `bulkExport` method and the `main` method:

",lcc,0ab3fa6fa37f02b5f789515e8bd2a7357fa959242a06e4e3,lcc,"Next line of code:
",,,['        if (args.length < 2 || args.length > 3) {']
1.0,836,python,84,"```python
                            (code, from_date, to_date)
                return result
            def get(self, code, from_date, to_date=None):
                res = self._sum(code, from_date, to_date)
                return res
        class PayslipLine:
            def __init__(self, cr, uid, pid, context):
                self.cr = cr
                self.uid = uid
               ",lcc,7c44f14dfd55d7192d94587a0e3d0cb5b2dd53c6dd46b6f6,lcc,"Next line of code:
",,,"['                           (self.employee_id, from_date, to_date, code))']"
1.0,497,java,84,"```java
            return this == CREATIVE;
        }
    }
}
```

This completes the `isCreative()` method in the `GameType` enum, which checks if the game type is `CREATIVE`. The rest of the code is already provided, so this is the final line needed to close the method.",lcc,812a9c309ebcd63dc97a9d9c993e5afbcef9d934b3a428bf,lcc,"Next line of code:
",,,['            return this == CREATIVE;']
1.0,691,java,84,"```java
		return get(x, y, width, height, 0.0, 0.0, DEFAULT_FILL, anchor);
	}
```

So the completed code is:

```java
	/**
	 * Returns a GridBagConstraint
	 * @param x
	 * @param y
	 * @param width
	 * @param height
	 * @param anchor
	 *",lcc,9812a3e53ee25cf9a764b1de80d781f37d829475a8bf8980,lcc,"Next line of code:
",,,"['\t\treturn get(x, y, width, height, 0.0, 0.0, DEFAULT_FILL, anchor);']"
1.0,833,java,84,"```java
		{
			for(int i = 0; i < beans.length; i++)
			{
				coll.add(beans[i].buildVo());
			}
		}
		return coll;
	}
```

This line of code is part of the `buildFromBeanCollection` method, which is used to convert an array of `CatsReferralPendingEmergencyNonEDAdmission",lcc,6e13c44c01f4116cb114d1ed362252ac9e0da0ef7331a74b,lcc,"Next line of code:
",,,['\t\tif(beans == null)']
1.0,2189,python,84,"```python
class RunAsEffectiveUserTests(unittest.TestCase):
    """"""
    Test for the L{util.runAsEffectiveUser} function.
    """"""
    if getattr(os, ""geteuid"", None) is None:
        skip = ""geteuid/seteuid not available""
    def setUp(self):
        self.mockos = MockOS()
        self.patch(os, ""geteuid"", self.mockos",lcc,7e20f7645ae46306c1c075059d48f64e2003534e7b1502c4,lcc,"Next line of code:
",,,"['        self._testUIDGIDSwitch(1, 0, 2, 1, [0, 2, 0, 1], [1, 0])']"
1.0,6502,python,84,"```python
            if self.request.method in (""GET"", ""HEAD""):
                self.redirect(uri, permanent=True)
                return
        return method(self, *args, **kwargs)
    return wrapper
```

Continuing the code:

```python
def addslash(method):
    """"""Use this decorator to add a missing trailing slash to the request path.
    For example, a request to ``/foo`` would",lcc,d5dde130982bcbe6f095c65d1d5a928669bc3a458df26cc6,lcc,"Next line of code:
",,,"[""    like ``r'/foo/?'`` in conjunction with using the decorator.""]"
1.0,957,csharp,84,"```csharp
				jumpID = Convert.ToInt32(store.GetValue(iter, 0).ToString());
				string jumpType = (string)store.GetValue(iter, 1);
				if (jumpType == reactiveString) {
					string [] myStringFull = jump.split(new char[] {':'});
					double jumpWeightKg = Convert.ToDouble(Util.ChangeDecimalSeparator(myStringFull[8]));
					double jump",lcc,54df7435e6cdeb9cf80f52a45f4c173229b57b7dfcc77ad7,lcc,"Next line of code:
",,,['\t\t\t\tif(! option1) {']
1.0,669,java,84,"```java
        return (int) (Math.random() * size);
    }
```

Here's the completed method:

```java
    public int randomChoice(int size) {
        return (int) (Math.random() * size);
    }
```

This method is used to select a random index from a list, which is then used in the `getRandomNumber` method to randomly select elements from a",lcc,0a5fee26c27c916f5e6a6d4e21655aac2bf96a3c71502cab,lcc,"Next line of code:
",,,['        double value = (size - 1) * rnd.nextDouble();']
1.0,555,python,84,"```python
                        help='Do not remove the temporary directory after tests')
    parser.add_argument('--generate-configfile', action='store_true',
                        help='Generate a config file for testing')
    args = parser.parse_args()
    if args.keep_tempdir:
        global _keep_tempdir
        _keep_tempdir = True
    if args.generate_configfile:
        write_config_file(self.cfgfile, self",lcc,320e62adbcd607acda753d0d1559c566d029796c177de00e,lcc,"Next line of code:
",,,"['    options, args = parser.parse_known_args()']"
1.0,1212,csharp,84,"```csharp
                uiCRCITTSum = (uiCRCITTSum << 4) ^ ((uiCRCITTSum >> (order - 4)) & 0x0F);
                uiCRCITTSum = (uiCRCITTSum << 4) ^ ((uiCRCITTSum >> (order - 4)) & 0x0F);
                uiCRCITTSum = (uiCRCITT",lcc,cb8b4b2b743ae5c5feb0a78bada007e175140164e40f5a42,lcc,"Next line of code:
",,,['                for (int iBitIndex = 0; iBitIndex < 8; iBitIndex++)']
1.0,952,python,84,"```python
            return self._description
        else:
            return ""Unknown block type %u"" % self[""block_type""].value
```

Here's the completed code with the missing part of the `createDescription` method:

```python
    def createDescription(self):
        if self.desc_func:
            return self.desc_func(self)
        else:
            return ""Unknown block type %u"" % self",lcc,5772539578239747ccdb82c5a9bc47b7df833cf9c67b1225,lcc,"Next line of code:
",,,"['            return ""Block: %s"" % self[""type""].display']"
1.0,651,python,84,"```python
        form = ReportUserForm(request.POST)
        if form.is_valid():
            report = form.save(commit=False)
            report.reporter = request.user
            report.save()
            messages.success(request, ""Report submitted successfully!"")
            return HttpResponseRedirect(reverse('profile-user', args=[username]))
    else:
        form = ReportUserForm()
    return render_to_response('accounts/reportuser.html', {
        '",lcc,43b09bf2cf11206d57ef722d796e2250d60d38db8c309917,lcc,"Next line of code:
",,,['        form = ReportUserForm(request.POST)']
1.0,2841,csharp,84,"```csharp
			}
			else if (Method != null)
			{
				if (Class != null)
				{
					Type type = context.ClassLoader.LoadClassByDottedName(Class);
					MethodWrapper method = type.GetMethodWrapper(Method, Sig, false);
					if (method == null)
					{
						StaticCompiler.IssueMessage(Message.MapXmlUnableToResolveOpCode,",lcc,eb53d2d7980f93f767d7f4ca69e7c363d7a2bdffbbb04b9c,lcc,"Next line of code:
",,,['\t\t\telse if (Class != null && type == null)']
1.0,1128,python,84,"```python
                    la = LinkAnnotation()
                    la.subject = man_obj.uuid
                    la.subject_type = man_obj.item_type
                    la.project_uuid = man_obj.project_uuid
                    la.source_id = 'naa-annotation'
                    la.predicate_uri = old_link_anno.predicate_uri
                    la.object_uri = old_link_anno.object_uri
                    la.save()
```

This completes the `make_n",lcc,aa0355191116e9da144d262dfbaa191cd76f4cdbf90c55e2,lcc,"Next line of code:
",,,['                    la = LinkAnnotation()']
1.0,1985,java,84,"```java
		// The name is constructed from the field's name and the class name
		for (IField field : fields) {
			final String name = field.getName().toString();
			List<IField> named = name2Field.get(name);
			if (named == null) {
				named = new ArrayList<IField>(3);
				name2Field.put(name, named);
			}
",lcc,1e32291c11bc48e0917860b1de8446dde3fedecd450ef073,lcc,"Next line of code:
",,,['\t\tfor(IField field : fields) { ']
1.0,1549,python,84,"```python
  PrintLongLine('                               %s%s>' % (method_types, optional_comma))
  print '    %s' % function_name
  for i in xrange(bind_count):
    print '    , a%d' % i
  if is_method:
    print '    , object'
  print '    ;'
  print '  }'
  print ''
  # The non-single",lcc,b8ddcb433aa1bfe07017e01e1c838c3c2d78b8b973eabc54,lcc,"Next line of code:
",,,['  if bind_count > 0 or exec_count > 0:']
1.0,783,java,84,"```java
    for (java.util.Date exceptionDate : exceptionDates) {
      exDateList.add(new Date(exceptionDate));
    }
    return new ExDate(exDateList);
  }
```

Now, let's complete the rest of the code to make it fully functional. Here's the full completed class:

```java
  /**
   * Generates the dates at which it exist some exceptions in the periodicity",lcc,0467947f0aca59814dfee0185e479155997e02d24818a1ab,lcc,"Next line of code:
",,,['    for (java.util.Date anExceptionDate : exceptionDates) {']
1.0,813,java,84,"```java
        if ((this.userErrorMessage == null)) {
            if ((other.userErrorMessage != null))
                return false;
        } else if ((!this.userErrorMessage.equals(other.userErrorMessage)))
            return false;
        if ((this.actionTraceList == null)) {
            if ((other.actionTraceList != null))
                return false;
        } else if ((!this.actionTraceList.equals(other.actionTraceList)))
           ",lcc,9de1c2d790d0cfc4b8f31402e8be6b0d06aa0e2623207f6a,lcc,"Next line of code:
",,,['        if ((this.userErrorMessage == null)) {']
