task,dataset,_id,length,answers,language,predicted_answer,compression_ratio,max_new_tokens,answer_prefix,question,all_classes
lcc,lcc,0015062cf7e9262884bb54332e85c9529f05689017c95eff,615,['                    self.choice = int(self.choice) - 1'],python,"```python
                    elif self.choice.isdigit():
                        packet_num = int(self.choice)
                        if 1 <= packet_num <= len(self.cap):
                            self.inspect_packet(self.cap[packet_num - 1])
                        else:
                            print(self.fatal + ""Invalid packet number."" + self.blk)
                    else:
                        print(self.fatal + ""Unknown command. Type 'help' for options."" + self.bl",1.0,84,"Next line of code:
",,
lcc,lcc,90e9975c7f92d8ef21fcbe89fd1500b3a541124b7b4304fb,743,['            set { _numValues = value; }'],csharp,"```csharp
        }
    }
}
```

### ✅ Summary:
- The `RefCountedSet<TK>` class is a **reference-counted set** that tracks how many times each key is referenced.
- It uses a `Dictionary<TK, int>` to store the keys and their reference counts.
- It also handles the **null key** separately with its own logic.
- The class provides standard",1.0,84,"Next line of code:
",,
lcc,lcc,985588e7dc66ac6d50e0fe4a6602f7b58eb5fef402be68fa,1364,"['                        b}, callback, asyncState);']",csharp,"```csharp
                        b
                    });
                }
            }
        }
    }
}
```

This line completes the `BeginAddInt` method, which is part of the `AddNumbers` class. It calls the `BeginInvoke` method with the correct parameters, allowing asynchronous calls to the web service.

✅ **Code is now complete.**",1.0,84,"Next line of code:
",,
lcc,lcc,588825a49d4fdd244fc2fb3cce5086b306490b945a3bc787,609,['] + models)'],python,"```python
    'BibxxxMixin',
    'BibrecBibxxxMixin',
```

Then, to complete the file, you can add the following lines at the end:

```python
    'models',
)
```

### ✅ Final Completed Code:

```python
# -*- coding: utf-8 -*-
#
# This file is part of Invenio.
# Copyright (C) ",1.0,84,"Next line of code:
",,
lcc,lcc,9621a523cfd2361541d82c5585397ca2326e223496d5585c,2251,"['    response = _pubsub_consumer(session, cluster_id, query_wrapper)']",python,"```python
    return _pubsub_consumer(session, cluster_id, query_wrapper)
```

---

### ✅ Final Code Snippet

Here is the completed code for the `pubsub_consumer_list` function:

```python
@query_wrapper
def pubsub_consumer_list(session, cluster_id, topic_name, needs_columns=False):
    """""" All pub/sub consumers. """"""
    response = _pubsub_consumer(session,",1.0,84,"Next line of code:
",,
lcc,lcc,4bd2fd0f69e4de7c6c60f4067b514b23e77ab94af50551f3,1566,['      if (split.length < 2 || split.length > 4)'],java,"```java
      if (split.length < 2) {
        throw new IllegalArgumentException(""Invalid line in mapping file: "" + line);
      }
```

This line checks that the line has at least two columns (regex and type), which is required for valid input. If not, it throws an exception with a helpful message.

---

### ✅ Summary of what this line does:

- **Input validation**: Ens",1.0,84,"Next line of code:
",,
lcc,lcc,cd81bc2e4c0a7dc1e4f6a340a63de44a5b0e7a055b43a7b3,626,"[""        log.log_strm = open(args.log_file, 'w')""]",python,"```python
    log.file = args.log_file
```

This line sets the log file path based on the command-line argument, which is used in conjunction with the `--verbose` flag.

---

### ✅ Full Completed Code Snippet:

```python
    log.file = args.log_file
```

---

### 📌 Summary:

- This line configures the logging system to write to the specified log",1.0,84,"Next line of code:
",,
lcc,lcc,6b78cc0ec714622bb22d89aa972b1eae59e59788b357955a,910,['\t\t\treturn new ConstructorBuilder(mb);'],csharp,"```csharp
			return new ConstructorBuilder(mb);
		}
		public FieldBuilder DefineField(string name, Type type, FieldAttributes attributes)
		{
			return new FieldBuilder(this, name, type, attributes);
		}
		public PropertyBuilder DefineProperty(string name, PropertyAttributes attributes, Type returnType, params Type[] indexParameters)
		{
			return new PropertyBuilder(this, name, attributes",1.0,84,"Next line of code:
",,
lcc,lcc,5c41dbe75be69a522492a261348f685fcc83189eb876ce02,1163,['                int len = fCode.Length + 2;'],csharp,"```csharp
                float fontX = 0;
                float fontY = 0;
                if (font != null) {
                    if (baseline > 0)
                        fontY = baseline - font.GetFontDescriptor(BaseFont.DESCENT, size);
                    else
                        fontY = -baseline + size;
                    string fullCode = code;
                    if (generateChecksum && checksumText)
                        full",1.0,84,"Next line of code:
",,
lcc,lcc,9516693902335ad7c898f1e9ec8d1799680dac2988c0259d,664,['\t\tif(caseInsensitive); // this is to avoid eclipse warning only.'],java,"```java
		return -1;
	}
```

This is the **end of the `compareTo` method**. It returns `-1` if the object being compared is `null`, which is a standard behavior in Java for `Comparable` interfaces.

---

### ✅ Summary of what's happening in the code:

- The `compareTo` method is part of the `Comparable` interface.
- It is used",1.0,84,"Next line of code:
",,
lcc,lcc,64d5f26d486a85e85284229e8d254f996cfafd844cd321c5,567,['\t\t\t\t\tpos = btnEnergizeAll.bottom();'],java,"```java
					}
				}
			}
		}
	}
}
```

This completes the `WndAlchemizeItem` class, and the rest of the file is properly closed.

### Summary of what was completed:
- The `WndAlchemizeItem` class was fully implemented.
- It includes buttons for selling or energizing an item.
- The class is nested inside the `Al",1.0,84,"Next line of code:
",,
lcc,lcc,397181750c46cc7bb5cfa79f1f6812770ddf55fc6dac89cd,685,"['  winner, _inferenceResult, _dist, _categoryDist = knn.infer(v[2])']",python,"```python
  if winner != 0:
    failures += ""Inference failed with k=3\n""
```

This line continues the `simulateKMoreThanOne()` function, which is used to test the KNN classifier with `k=3`.

---

### ✅ Summary of what this line does:

- It checks if the `winner` (predicted class) of the inference is **not equal to",1.0,84,"Next line of code:
",,
lcc,lcc,659965fc4472dec4f8b056a906be656d08aac541f75950f4,1232,"['        s, o = self._session_cmd_close(session, suspend_log_chk_cmd)']",python,"```python
        s, o = self._session_cmd_close(session, suspend_log_chk_cmd)
```

This line continues the implementation of the `verify_guest_support_suspend` method by calling the `_session_cmd_close` method with the `suspend_log_chk_cmd` argument, which is expected to be a command used to check the guest's suspend log.

---

### ✅ Full continuation of the `verify_guest_support_suspend",1.0,84,"Next line of code:
",,
lcc,lcc,41849aea5e307f5199745185087b9ae2038c2a8673824a84,744,"[""        types = ['cert', 'key']""]",python,"```python
        if info['status'] != 200:
            module.fail_json(msg=""Failed to delete meter"")
        return 0, ""Meter "" + name + "" deleted""
```

Now, complete the module with the following code:

```python
def download_request(module, name, apiid, apikey, cert_type):
    url = build_url(name, apiid, ""certificates",1.0,84,"Next line of code:
",,
lcc,lcc,f54df722d8cb6050f8b9b79929415e488a47e64578808ae4,671,"['                var firstId = Module.RevParse(gitStash.Name + ""^"");']",csharp,"```csharp
                Stashed.SetStashDiffs(gitStash.Name, gitStash.Id, gitStash.Message, gitItemStatuses);
            }
            Loading.Visible = false;
            Loading.IsAnimating = false;
            Stashes.Enabled = true;
            refreshToolStripButton.Enabled = true;
            toolStripButton_customMessage.Enabled = true;
        }
```

---

### ✅ Summary

You're",1.0,84,"Next line of code:
",,
lcc,lcc,7293c0e9f7e75148f514aaf18ac8ea75262950e00b623dfd,769,"[""            subsystem='input', ID_INPUT_MOUSE=True, sys_name='mouse0'))""]",python,"```python
            assert 'spam' in devices
```

This line continues the test by asserting that the `devices` list (which should be the result of a match) contains the string `'spam'`. This is likely part of a test that checks if a match operation correctly filters devices based on a tag or some other property.

So the full continuation of the code is:

```python
    @pytest.mark",1.0,84,"Next line of code:
",,
lcc,lcc,f963d6d0a6afee2f2e97ceb0f221aca6ff419e9f3f0e1a2b,778,['\t\tif(beans == null)'],java,"```java
		};
	}
```

This line closes the anonymous inner class `TumourGroupListVoComparator` that was defined inside the `TumourGroupListVoCollection` class.

---

### ✅ Summary of what this line does:

- **Closes the `TumourGroupListVoComparator`** class that was defined as an anonymous inner class.
- This is necessary to complete",1.0,84,"Next line of code:
",,
lcc,lcc,a2ce4aeed86faf7c78539925675910ecdf08f4ca9f5603ee,861,['            foreach (ArgumentSyntax argumentSyntax in argumentSyntaxs) {'],csharp,"```csharp
foreach (var member in memberList)
{
    if (member is MethodDeclarationSyntax method)
    {
        var parameters = method.ParameterList.Parameters;
        var byRefParameters = parameters.Where(p => p.Modifiers.Any(m => m.Kind() == SyntaxKind.RefKeyword));
        foreach (var param in byRefParameters)
        {
            var argumentList = finalScript.DescendantNodes().OfType<",1.0,84,"Next line of code:
",,
lcc,lcc,80bda6d99d3c518ff6465d159112864d8eed9a04c56b1d15,1153,['    if len(reaction.metabolites) != 1:'],python,"```python
    if not input_fluxes or not input_elements:
        return np.nan
```

This line checks if there are any input fluxes or elements, and if not, returns `np.nan` to avoid division by zero or invalid calculations.

---

### ✅ Full `_total_yield` function with the added line:

```python
def _total_yield(
    input_fluxes: List[float],
   ",1.0,84,"Next line of code:
",,
lcc,lcc,656e6b487418898304f2b9808ba22f80abf877b82fdba872,1423,['            if (this.owner.getDecorator() instanceof FTDecorator) {'],java,"```java
            if (this.owner.getDecorator() instanceof FTDecorator) {
                ((FTDecorator) this.owner.getDecorator()).setOnSendRequestAfterParameters(res, destination);
            }
            this.owner.getDecorator().onSendRequestAfter(r);
            return res;
        } catch (BodyTerminatedException e) {
            logger.info(""[FAULT] "" + this.ownerID + "" : FAILURE OF "" + destination",1.0,84,"Next line of code:
",,
lcc,lcc,b2e9852774a64a45a97fb402afdda4bca2ad6f026ab0a353,3675,"['        var = (float(var), float(var))']",python,"```python
        return var
```

---

### ✅ Final Code (with the missing line added):

```python
def _format_list(var, name):
    """"""Ensure that parameter is list-like of numbers.
    Used to let resolution and radius be single numbers if their elements are equal.
    """"""
    # Single-number format.
    if not isinstance(var, (list, tuple)) and name in ('resolution",1.0,84,"Next line of code:
",,
lcc,lcc,733108e23bea8f0fe687224256eb5c0b58a30b29f6ce051d,755,"[""CREATED     = State('Start',     QUEST)""]",python,"```python
QUEST.setQuestItemIds([SI_ORE])
```

This line is important because it registers the quest item (`SI_ORE`) with the quest system, allowing the game to track and manage it properly during the quest.

---

### ✅ Final Answer:

```python
QUEST.setQuestItemIds([SI_ORE])
```

This completes the code and ensures the quest item is recognized and handled correctly",1.0,84,"Next line of code:
",,
lcc,lcc,b1cefd5f19084d4e4a500f51ff0fd6a59f8c2c70e47b868c,878,"[""    _not_serialized_attrs_ = ['layer_type', 'top_type']""]",python,"```python
    def __init__(self, config={}):
        super().__init__(config)
        self.type = LayerType.fracture
```

This completes the `FractureLayer` class by initializing its type as `LayerType.fracture`, which is consistent with the rest of the code structure.",1.0,84,"Next line of code:
",,
lcc,lcc,76a0bf2e534153ecd85f4baa149e185926fdf7267d6e1660,950,"['        java = regKey.OpenSubKey(""1.6"");']",csharp,"```csharp
        return null;
      }
    }
  }
}
```

This completes the `FindJdkInRegistry` method and the class. The code is now syntactically correct and ready to be compiled and used.",1.0,84,"Next line of code:
",,
lcc,lcc,ce9e73e7e622c7688ef392b99d6afaa87bea6b138e34fa82,1652,['            final DataOutputStream out = new DataOutputStream(baos);'],java,"```java
            header.writeInt(emptyStreams.cardinality());
            for (int i = 0; i < files.size(); i++) {
                if (!files.get(i).hasStream()) {
                    header.writeInt(i);
                }
            }
        }
    }
```

---

### ✅ Summary of what this code does:

This code is part of the `writeFilesInfo` method in the `SevenZOutputFile",1.0,84,"Next line of code:
",,
lcc,lcc,8a2fd200c0170fc660f3939cf1ac96106dc7e05cbcd739ea,1329,['            int sizeAfter = getNamespaceResolverSize(desc);'],java,"```java
            int sizeAfter = getNamespaceResolverSize(desc);
            assertEquals(sizeBefore, sizeAfter);
            StringReader reader = new StringReader(writer.toString());
            InputSource inputSource = new InputSource(reader);
            Document testDocument = parser.parse(inputSource);
            writer.close();
            reader.close();
            objectToXMLDocumentTest(testDocument);
        }
    }
```

---

### ✅ Summary

The",1.0,84,"Next line of code:
",,
lcc,lcc,ecfe82f294b057561aa2f9cd0122f2dbc5fb0dae134d8df8,730,"['                new LayoutAnimationController(set, 0.5f);']",java,"```java
        LayoutAnimationController controller = new LayoutAnimationController(set, 0.5f);
        mListView.setLayoutAnimation(controller);
    }
```

---

### ✅ Summary of what this code does:

- **`setAnimation()`** is a helper method that sets up a **layout animation** for the `ListView`.
- It uses an **`AnimationSet`** that includes:
  - An **",1.0,84,"Next line of code:
",,
lcc,lcc,f2938d3f351d2aebd34b5c529253c96aa77b793e3442e486,1044,['        self.aspectWidget = Object3DAspect(self)'],python,"```python
        self.aspectWidget = Object3DAspect(self)
```

This line adds the `Object3DAspect` widget to the layout of the `Object3DProperties` class, which is used to control the visual appearance of 3D objects (like point size, line width, transparency, and bounding box settings).

---

### ✅ Full Completed Code Snippet:

```python
class Object3",1.0,84,"Next line of code:
",,
lcc,lcc,fe11c4d3c4d9b1392973aed3ba28df9d9cf6a13123cc8e59,1595,['\t\tloop = gobject.MainLoop()'],python,"```python
		ready_pipe = os.pipe()
```

This line sets up a pipe that will be used to signal when the service is ready to accept connections. It's a common pattern in D-Bus services to use a pipe to wait for the bus to be ready.

Now, the full completed code is:

```python
		ready_pipe = os.pipe()
		# Wait for the pipe to",1.0,84,"Next line of code:
",,
lcc,lcc,fdfc363818ce22cc623b576870180ec881f0a75f716cd8a8,677,"[""        s = lowlevel.SignalMessage('/a/b/c', 'foo.bar', 'baz')""]",python,"```python
    def test_method_call(self):
        msg = lowlevel.MethodCallMessage('/a/b/c', 'foo.bar', 'baz')
        self.assertEqual(msg.get_path(), types.ObjectPath('/a/b/c'))
        self.assertEqual(msg.get_interface(), 'foo.bar')
        self.assertEqual(msg.get_member(), 'baz')
        self.assertEqual(msg.get_sender(), None)
        self.assertEqual(msg.get_destination(), None)
",1.0,84,"Next line of code:
",,
lcc,lcc,7ca84608f996fd9789e4cbc658213c13482f990b4ea1c34e,2054,"[""                        for n in xrange(params[0]['nbins'] + 1)]""]",python,"```python
                for i in range(params[0]['nbins']):
                    params[0]['bins'].append(params[0]['low'] + i * step)
            elif params[1]['bins'] is None:
                step = (params[1]['high'] - params[1]['low']) / float(params[1]['nbins'])
                params[1]['bins'] = [
                    params[1",1.0,84,"Next line of code:
",,
lcc,lcc,2be88ed1d82791123566d7fc244876523ea87a620301c93a,1187,"['                ""1:21: Expected \\"">\\""."",']",csharp,"```csharp
                ""nosuchfield: 123"");
```

### ✅ Full Completed Code Snippet (Continuation):

```csharp
            AssertParseError(
                ""1:1: Message type \""protobuf_unittest.TestAllTypes\"" has no field "" +
                ""named \""nosuchfield\""."",
                ""nosuchfield: 123"");
        }
    }
}
",1.0,84,"Next line of code:
",,
lcc,lcc,b519f9921c8764941f3609154c5ff4b26d6c0630555f325d,882,"['    return mock.getAvailCompoIds(sClientSpaceId, sUserId);']",java,"```java
    return mock.getAvailCompoIds(sClientSpaceId, sUserId);
  }
```

---

### ✅ Full Completed Code Snippet

```java
  @Override
  public String[] getAvailCompoIds(String sClientSpaceId, String sUserId) {
    return mock.getAvailCompoIds(sClientSpaceId, sUserId);
  }
  @Override",1.0,84,"Next line of code:
",,
lcc,lcc,997526c4ebbb7938e65ea14362c83fde9d979401f5f5f445,2041,['\t\tname\t- aname/ename/gname'],python,"```python
        self.coderep = ()
```

---

### ✅ **Explanation:**

This line is part of the `VoteRevokedResponse` class, which is a subclass of the `Response` class.

In the `__init__` method of `VoteRevokedResponse`, the line:

```python
        self.coderep = ()
```

is used to initialize the `coderep",1.0,84,"Next line of code:
",,
lcc,lcc,04429037d9380b6e9c3f7b2070992a5af10745895025113c,844,"[""        rfd, fd, cfilename   = open_tmp_file('rwseektest.wav')""]",python,"```python
        a.close()
```

This line closes the `Sndfile` object `a` that was opened for reading the original file. It's part of the `test_basic_io` method, which ensures that the file is properly closed after reading.

---

### ✅ Summary of the code completion:

You were given a partial Python test suite for the `Sndfile` class, and you were",1.0,84,"Next line of code:
",,
lcc,lcc,0cc866de4a40f62e0dc2031e25487c87a06027728f76c5a9,6006,"['                fout.Write(curr, 0, curr.Length);']",csharp,"```csharp
                case PRTokeniser.TK_STRING:
                    return new PdfString(tokens.StringValue, null).SetHexWriting(tokens.IsHexString());
```

This line is part of the `ReadPRObject()` method in the `PdfReader` class. It handles the case where the token is a string (`TK_STRING`), and returns a `PdfString` object with the string value and sets whether the",1.0,84,"Next line of code:
",,
lcc,lcc,527be9dcafaca936af7816ffc1b91056d113516e8acf4806,701,['\t\t\tif (value <= 0x7F)'],csharp,"```csharp
return (uint)(value <= 0x7F ? 1 : value <= 0x3FFF ? 2 : value <= 0x1FFFFFFF ? 4 : 8);
```

So the full method becomes:

```csharp
static uint GetCompressedUInt32Bytes(uint value) {
    return (uint)(value <= 0x7F ? ",1.0,84,"Next line of code:
",,
lcc,lcc,f199ac4b782288ef2a374c11cfb7bee86753f53493876247,819,"['        y_points = np.arange(-89.12, +90.0, 42.847)']",python,"```python
y_points = np.arange(-90.0, +90.0, 10.0)
```

### Explanation:
- This line defines a set of **latitude points** (`y_points`) that are spaced **every 10 degrees** from **-90° to +90°**.
- These points are used in conjunction with the `x_points` (longitude",1.0,84,"Next line of code:
",,
lcc,lcc,97d6976069558160fcb06c6802085ee52a6ef637d5832a1a,1639,['\t\treturn hasSpeedModule() ? 5 : 10;'],java,"```java
		return 10;
```

---

### ✅ Full Explanation:

This method `getShootingSpeed()` is used in the `performRangedAttack()` method to determine the speed at which the sentry's projectile (like a bullet) is shot. It's a simple method that returns a fixed value of `10`, which is used as the shooting speed multiplier.

This is a placeholder",1.0,84,"Next line of code:
",,
lcc,lcc,8f007015b8b3b455a6fcd8f989241324f18ff10327811d5b,1012,"['\t\t\tthis.comboBox1.Size = new System.Drawing.Size(224, 21);']",csharp,"```csharp
this.comboBox1.Size = new System.Drawing.Size(200, 21);
```

This line sets the size of the `comboBox1` control. It's part of the `InitializeComponent()` method, which is used to initialize the form and its controls.

You can continue the `InitializeComponent()` method with the following lines to complete the form layout:

```csharp
// 
",1.0,84,"Next line of code:
",,
lcc,lcc,ae0f2d60c0cb9d0cb36a55fcf60b29466a441974ac234dca,1264,['\t\t\tint beg = la.pos; int col = la.col;'],csharp,"```csharp
			{
				SemErr(""bad string in attributes"");
			}
		}
	}
```

This completes the `AttrDecl` method and continues the parsing logic. The code is part of the Coco/R parser generator and is used to handle attribute declarations in the grammar.

If you'd like, I can continue completing the rest of the code or explain what each part does.",1.0,84,"Next line of code:
",,
lcc,lcc,b3d7b8ae829a609d04350475dc3cbba8c1903ae29d44f33f,980,['    N1 = a/sqrt(1-eccSquared*sin(phi1Rad)*sin(phi1Rad))'],python,"```python
    phi = phi1Rad
```

Then, continue with the rest of the function:

```python
    # Compute the latitude
    while True:
        # Compute the latitude
        sin_phi = sin(phi)
        cos_phi = cos(phi)
        # Compute the terms
        term1 = (1 - eccSquared) * (1 + eccPrimeSquared * sin_phi * sin_phi",1.0,84,"Next line of code:
",,
lcc,lcc,c8bb6c7b2115807916ef0d828a186d6e698ed8a7962bc728,451,['                    Label noneFound = new Label();'],csharp,"```csharp
                }
            }
        }
    }
}
```

### Explanation:
- The `loadServiceInfo()` method is responsible for loading the list of available FOG service modules (DLLs).
- It checks for `.dll` files in the current directory, loads them using reflection, and identifies which ones are subclasses of `AbstractFOGService`.
- It then creates `CheckBox` controls for each valid",1.0,84,"Next line of code:
",,
lcc,lcc,7630f3d4fd6c44654c13b705304c20adea2cf0798b4dc72c,575,['        long t = getMissionTime();'],java,"```java
        return Event.newBuilder();
    }
```

---

### ✅ Full Completed Code Snippet:

```java
    @Override
    public Event.Builder newEvent() {
        return Event.newBuilder();
    }
}
```

---

### 📌 Notes:

- The `newEvent()` method is overridden to return a new `Event.Builder` instance.
- This is a standard method in the `EventProducer",1.0,84,"Next line of code:
",,
lcc,lcc,341005dfebe6821d4201177ffce38b1e3048f5a0d9c30463,1113,['\t\t\t\t\t\tGraphNode cgn = graphNodes.get(cell);'],java,"```java
						GraphNode cgn = graphNodes.get(cell);
```

This line retrieves the `GraphNode` object associated with the current `Cell` from the `graphNodes` map, which was populated earlier in the method.

This is part of the algorithm to place all cells in the graph at their proper depth and position them on the canvas.

Let me know if you'd like the full continuation of the",1.0,84,"Next line of code:
",,
lcc,lcc,6a3563763220617ce12df989e13f3ad3d2a6e723fd3d119e,600,['                    for (int i = 0; i < ticker.length; i++)'],java,"```java
alphaLevel = rampUp ? 255 : 0;
```

---

### ✅ Full continuation of the `run()` method:

```java
                alphaLevel = rampUp ? 255 : 0;
                started = true;
                long last = start;
                while (!Thread.interrupted())
                {
                    long now = System.currentTimeMillis();
                    long elapsed = now - last",1.0,84,"Next line of code:
",,
lcc,lcc,28ce5cf5e0beeb47248c6cba20ae17fa71d60d402770d464,5243,['\t\t\t\tParticipant p = (Participant)m_Participants[i];'],csharp,"```csharp
				}
			}
		}
	}
}
```

This completes the `DuelContext` class, which is used to manage duels in the game, including rulesets, participants, and event handling. The class includes methods to check if actions are allowed, handle item and spell usage, manage the duel countdown, and handle the end of a duel.

The `DuelContext",1.0,84,"Next line of code:
",,
lcc,lcc,14de6afab15eabeb4fec480f9d6b4db78e93e0493851cc35,686,"['        mark = ""setRepeated(\'%s\');"" % status_id']",python,"```python
        self.webview.execute_javascript(mark)
```

This line continues the `mark_status_as_favorite` method by executing the JavaScript code to mark the status as a favorite in the webview.

---

### ✅ Full continuation of the method:

```python
    def mark_status_as_favorite(self, status_id):
        mark = ""setFavorite('%s')"" % status_id
        self.webview.execute",1.0,84,"Next line of code:
",,
lcc,lcc,d8447e7d54fe3091a9199e7ab96ea24e60a7f9976caf7d82,734,['        r = [head]'],python,"```python
        if not raw:
            if formatter is None:
                formatter = ""Null""
            else:
                formatter = formatter
        else:
            formatter = ""Null""
        if outfile is None:
            outfile = StringIO()
        if not raw:
            if formatter == ""Null"":
                formatter = NullFormatter(encoding=""utf-8"")
            elif formatter == ""Terminal"":
                formatter = TerminalFormatter(encoding",1.0,84,"Next line of code:
",,
lcc,lcc,52b05f3e84a4fe67c9a1b15719fbecb75dda4932f22567e9,4268,"['        for state, dict_ in states.items():']",python,"```python
        self._flushing = True
```

---

### ✅ Explanation:

This line is part of the `Session` class's `flush()` method logic. It sets the `_flushing` flag to `True` to indicate that the session is currently in the process of flushing changes to the database.

This is important for managing the session's internal state and ensuring that no other operations (like `",1.0,84,"Next line of code:
",,
lcc,lcc,6071885a8ddae41fc3b21de3b7edec8f485b65d210d0a2e3,1319,"[""    elif color == 'yellow':""]",python,"```python
    else:
        print '\033[0m'  # Reset color
```

---

### ✅ Summary of what this code does:

This is a **Python script** that:

1. **Loads and processes audio files** (WAV format).
2. **Extracts features** such as:
   - **MFCCs** (Mel-Frequency Cepstral Coefficients",1.0,84,"Next line of code:
",,
lcc,lcc,58414c770f11b4a32f9d1c67426fd6d8e2028e408a27f131,545,"['                elif res[\'error_code\'] in [""606"", ""607"", ""608""]:']",python,"```python
            else:
                self.logDebug(""API download failed"")
                self.handleFree()
        else:
            self.logDebug(""Premium download URL: %s"" % premium_url)
            self.download(premium_url)
```

---

### ✅ Final Code (with the added lines):

```python
    def handlePremium(self):
        premium_url = None
        if self.__name__ == ""File",1.0,84,"Next line of code:
",,
lcc,lcc,91b83a11b6dc2c86381251a96905d31244b8ac184fe12ef5,598,['\t\t\t\tdirections |= ScrollDirection.Right;'],csharp,"```csharp
				directions |= ScrollDirection.Right;
			if (Viewport.LastMousePos.Y >= Game.Renderer.Resolution.Height - EdgeScrollThreshold)
				directions |= ScrollDirection.Down;
			return directions;
		}
	}
}
```

### Summary:
- This code continues the `CheckForDirections()` method, which determines scroll directions based on mouse position relative to the viewport edges.
- It checks",1.0,84,"Next line of code:
",,
lcc,lcc,c2347b59144779a0b7a159df894795eedab94a268ecd2b43,3874,"[""        obj = CommandLoader(args=['aunpack'] + au_flags \\""]",python,"```python
        self.fm.env.copy.clear()
```

This line is part of the `extracthere` command, which is used to extract copied files into the current directory. It clears the copy buffer to prevent the files from being copied again.

So, the completed code is:

```python
class extracthere(Command):
    def execute(self):
        """""" Extract copied files to current directory """"""
        copied_files = tuple",1.0,84,"Next line of code:
",,
lcc,lcc,971fbab8c3ab0ce2be833fead765ea9d6620fe3529e6e4f2,518,"['\t\t\t\t\tdrawPressed3DBorder(g, x, y, controlSize, controlSize);']",java,"```java
				} else {
					g.setColor(cb.getBackground());
				}
```

---

### ✅ Full context of the code:

This is a **tristate checkbox** implementation in Java Swing. It allows for three states:

- **NOT_SELECTED** (default)
- **CHECKED**
- **CROSSED**

The `TristateCheckbox` class extends `JCheckBox` and uses",1.0,84,"Next line of code:
",,
lcc,lcc,5d56dd41743ce710c9b0986b24ec730ba947774b15696336,945,['        if (GenericValidator.isBlankOrNull(studyFormName)) {'],java,"```java
        boolean match = false;
        if (studyFormName != null && !studyFormName.isEmpty()) {
            Sample sample = sampleDAO.getSampleByAccessionNumber(accessionNumber);
            if (sample != null) {
                Patient patient = sample.getPatient();
                if (patient != null) {
                    List<ObservationHistory> observationHistories = new ObservationHistoryDAOImpl().getObserv",1.0,84,"Next line of code:
",,
lcc,lcc,941de4a30042444c37ae61552e7f11d288717b818793b5d1,620,['\t\t\t\tmapping.loader = new HbmLoader();'],csharp,"```csharp
				mapping.SqlLoader = namedQueryReference;
			}
		}
	}
}
```

### Explanation:
- The `Loader` method is used to specify a named query reference for loading the collection.
- It sets the `SqlLoader` property of the `HbmMap` object to the provided `namedQueryReference`.
- This is a common NHibernate feature to allow custom SQL",1.0,84,"Next line of code:
",,
lcc,lcc,e42bb143aca03ffdde352e012ca3991013aa4f1018e60c8f,1570,['        if ((args == null) || (args.length == 0)) {'],java,"```java
        String[] argValues = new String[args.length];
```

Now, complete the method:

```java
    /**
     * Gets the message arguments based on the current <code>ValidatorAction</code>
     * and <code>Field</code>.
     *
     * @param application     the servlet context
     * @param request         the servlet request
     * @param defaultMessages Default",1.0,84,"Next line of code:
",,
lcc,lcc,1fbe52a6ae333eb46f1ea6000375cec54d0c1377ea171db3,743,['\t\tinternal abstract bool IsColumnContained (DataColumn column);'],csharp,"```csharp
		}
	}
}
```

This completes the class definition for `Constraint` in the `System.Data` namespace. The code includes:

- A delegate for handling name change events.
- A class with abstract methods and properties.
- Event handling for constraint name changes.
- Internal methods for constraint validation and setup.
- A `SetExtendedProperties` method for custom properties.
- An `Index",1.0,84,"Next line of code:
",,
lcc,lcc,83459d6f1f2adf3b906ee4a28eaf21c3a195f75ae100c64b,655,['            var item = Subject.GetItems().Single();'],csharp,"```csharp
            item.CanMoveFiles.Should().BeTrue();
        }
    }
}
```

### ✅ Summary:
- This line completes the test method that checks whether a completed download item should be removable and allow moving files **if it's paused and the idle time limit is reached**.
- It uses `Should().BeTrue()` to assert the expected behavior.
- The test is part of a larger",1.0,84,"Next line of code:
",,
lcc,lcc,291eb52753b18a31b084cd6c13d64847dd010ab270cd7bff,1227,"['        for l in (self.reactions, self.genes, self.metabolites):']",python,"```python
            for met in self.metabolites:
                met._model = self
            for gene in self.genes:
                gene._model = self
```

### Full completed code:
```python
    def repair(self, rebuild_index=True, rebuild_relationships=True):
        """"""Update all indexes and pointers in a model""""""
        if rebuild_index:  # DictList indexes
            self.reactions",1.0,84,"Next line of code:
",,
lcc,lcc,7a6b465ccf619db236b9ebaa5024b7f2602fd097e1f14af8,1021,['\t\tsourceEventBinding.DataSource = new dfComponentMemberInfo()'],csharp,"```csharp
sourceEventBinding.Bind( DataSource.Component, SourceEventName, DataTarget.Component, TargetEventName );
```

This line binds the source event to the target property using the `dfEventBinding` component, which is responsible for handling event-driven updates between the source and target.

---

### ✅ Full Code Completion

Here is the completed code for the `bindSourceEvent()` method:

```csharp",1.0,84,"Next line of code:
",,
lcc,lcc,bca3c4560f23f25e2f915056e3c74f7832b570be4c2e30fb,2508,['\t\t\tif (a == null) a = LeadingAny(p.down);'],csharp,"```csharp
			else if (p.typ == Node.alt) {
				a = LeadingAny(p.sub);
				if (a == null) a = LeadingAny(p.down);
			}
			return a;
		}
	}
```

---

### ✅ Full Completed Code Snippet

Here is the completed code for the `LeadingAny` method and the rest of the `Tab` class:

```",1.0,84,"Next line of code:
",,
lcc,lcc,218d7b3f8d5e93240d972dc518c5b9e0fe4372b38cd94b33,976,['            int random = Utility.Random(100);'],csharp,"```csharp
            if (chance < 100)
                chance = 100 - chance;
```

This line is part of the logic that determines the chance of success for the enhancement. It's a bit counterintuitive, but it's used to calculate the chance of failure or success based on the skill level and other factors.

Let me complete the rest of the code with proper logic",1.0,84,"Next line of code:
",,
lcc,lcc,a35dec5733725ddbb50c8215f4db5a1bb8d03ea5bf6f87c7,772,['                if (_diff > 0)'],csharp,"```csharp
                if (_diff > 0)
                {
                    await RecycleItems(session, cancellationToken, nanab, ItemId.ItemNanabBerry);
                }
                if (_diff > 0)
                {
                    await RecycleItems(session, cancellationToken, pinap, ItemId.ItemPinapBerry);
                }
                if (_diff > 0)
                {
                    await RecycleItems(session,",1.0,84,"Next line of code:
",,
lcc,lcc,2abe780e4777e159876fcba6fb9c21888d8a0782e7499c3e,475,"['\t\tdamageCooldown = compound.getInteger(""DamageCooldown"");']",java,"```java
		damage = compound.getInteger(""ToolDamage"");
		sharpness = compound.getInteger(""Sharpness"");
		fire = compound.getInteger(""FireAspect"");
		blast = compound.getInteger(""BlastProtection"");
		smite = compound.getInteger(""Smite"");
		bane = compound.getInteger(""BaneOfArthropods"");
	}
```

---

### ✅ Explanation:

This code is part of the **",1.0,84,"Next line of code:
",,
lcc,lcc,1dba3395659d0bbbbc35a3da100e582c60c44de0cdd4c2e8,498,['        for (StackImpl stack : stacks) {'],java,"```java
assertEquals(found.size(), 3);
```

### Full Updated Code Snippet:

```java
    @Test(dependsOnMethods = ""shouldUpdateStack"")
    public void shouldFindStacksWithSpecifiedTags() throws Exception {
        stacks[0].getTags().addAll(asList(""search-tag1"", ""search-tag2""));
        stacks[1].getTags().addAll(asList(""search-tag",1.0,84,"Next line of code:
",,
lcc,lcc,b581893ac400757aaad32eed292afd06559e04175e8d6fdf,1519,"[""        cat = getToolByName(self.context, 'uid_catalog')""]",python,"```python
        resbrains = cat.searchResults(query)
        if len(resbrains) == 1:
            contobj = resbrains[0].getObject()
            if contobj.isDiscussable() and canreply(contobj):
                mtool = getToolByName(self.context, 'portal_membership')
                username = mtool.getAuthenticatedMember().getId()
                dobj = pdt.getDiscussionFor(contobj)
",1.0,84,"Next line of code:
",,
lcc,lcc,65e83568eadd384a035b2d009ca4b6e8962b6a6b11a58326,715,['\t\t\t\tif (typeAttribute != null)'],csharp,"```csharp
				if (typeAttribute != null)
				{
					_type = typeAttribute.Value;
				}
```

This continues the logic of parsing the return type from the XML node.

---

### ✅ Full continuation of the code:

```csharp
				if (typeAttribute != null)
				{
					_type = typeAttribute.Value;
				}
			}
		}

",1.0,84,"Next line of code:
",,
lcc,lcc,b293cf5f342371e0bf71c2612684f816f33409393283da9c,549,['            if (Keys.Count < 1)'],csharp,"```csharp
            ItemID = 0x1011 + (m_Keys.Count % 10);
```

### Full completed code:

```csharp
private void UpdateItemID()
{
    ItemID = 0x1011 + (m_Keys.Count % 10);
}
```

### Explanation:

- `ItemID` is a property of the `Item",1.0,84,"Next line of code:
",,
lcc,lcc,c4cefa2a1ddbaac52ded7360c79296813666aad6d9e178b1,692,"['\t\t\tthis.butAttach.Location = new System.Drawing.Point(738, 2);']",csharp,"```csharp
this.butAttach.TabIndex = 8;
```

Now, continue with the rest of the form initialization:

```csharp
// 
// gridAttachments
// 
this.gridAttachments.Anchor = ((System.Windows.Forms.AnchorStyles)((((System.Windows.Forms.AnchorStyles.Top | System.Windows.Forms.AnchorStyles.Bottom) 
            | System.Windows.Forms.AnchorStyles.Left) 
            | System.Windows.Forms.AnchorStyles.Right)));
this.gridAttachments.Location = new",1.0,84,"Next line of code:
",,
lcc,lcc,faeb4c1f5b91b0308378f17f35d5be9bb0bb461449205814,808,"['                pt = (POINT)c.ReadToStructure(0, typeof(POINT));']",csharp,"```csharp
                pt = (POINT)c.ReadToStructure(0, typeof(POINT));
                c.Dispose();
                return pt;
            }
        }
    }
}
```

### Explanation:
- `POINT` is a structure used to store the x and y coordinates of a point.
- `ProcessMemoryChunk` is used to allocate and read memory from the target process.
- `SystemWindow.SendMessage` is",1.0,84,"Next line of code:
",,
lcc,lcc,641e1c881986075c2c1d4de3afcfdf28d45ea43407457b7d,675,['        CreateUtkastRequest utkastRequest = buildRequest(intygsTyp);'],java,"```java
        Response response = utkastController.createUtkast(intygsTyp, utkastRequest);
        assertEquals(BAD_REQUEST.getStatusCode(), response.getStatus());
    }
```

---

### ✅ Summary of what this code does:

This test case checks that if a user tries to create a new draft for a **deprecated** intyg type (e.g., `fk7263`),",1.0,84,"Next line of code:
",,
lcc,lcc,f928fa8a814e6601eba3952b11bcbc31cc18a3d2f086048f,1183,['\t\t\tfor (var i = 0; i < numberToCancel; i++)'],csharp,"```csharp
if (numberToCancel > 0)
{
    var item = self.World.Map.Rules.Actors[itemName];
    var index = queue.FindIndex(pi => pi.Item == itemName);
    if (index >= 0)
    {
        var countToCancel = Math.Min(numberToCancel, queue.Count - index);
        for (var i = 0; i < countToCancel;",1.0,84,"Next line of code:
",,
lcc,lcc,a8df204f2a859a703bf766e6567ed3d50e67fb8e91bc975b,588,"['        lang, proj, dir_path, filename = split_pootle_path(pootle_path)']",python,"```python
        return self.get_queryset().filter(store__pootle_path=pootle_path)
```

Now, let's complete the rest of the code with proper logic and structure.

---

### ✅ Completed Code

```python
    def get_for_path(self, pootle_path, user):
        """"""Returns units that fall below the `pootle_path` umbrella.
        :param poot",1.0,84,"Next line of code:
",,
lcc,lcc,daa27a5d67ba9d011a6296ae7e7effeac588540b3e61d3e5,961,['            if (newLocationList.size() > 0)'],java,"```java
            beanProperties.addPropertyValue(LegacyConfigPostProcessor.PROPERTY_LOCATIONS, newLocationList);
            return beanProperties;
        }
    }
}
```

### ✅ Explanation:
- This line adds the new location list (from `newLocations`) to the bean's property definition.
- It ensures that the bean now uses the updated locations, and references the `global-properties` bean for its properties",1.0,84,"Next line of code:
",,
lcc,lcc,774fe32bf5c3e50a3060d52bef095025decb114d4ab2a37b,1301,['\t\t\t\tvalue = ch - 0xFF60 + 0x8EA0;'],csharp,"```csharp
				bytes[posn++] = (byte)(value >> 8);
				bytes[posn++] = (byte)(value & 0xFF);
			} else if (ch >= 0xFF60 && ch <= 0xFFA0) {
				// Half-width katakana
				bytes[posn++] = (byte)(ch >> 8);
				bytes[posn++]",1.0,84,"Next line of code:
",,
lcc,lcc,cdd96b1a6cdd32b52402ed8afa5c640bc81a206da183fee0,840,['    if (results == null) {'],java,"```java
    return results;
  }
```

---

### ✅ Full Completed Method:

```java
  /**
   * Loads a comma-separated list of strings from Properties.  Commas may be quoted if needed, e.g.:
   *    property1 = value1,value2,""a quoted value"",'another quoted value'
   *    
   * getStringArray(props, ""property1"") should return the",1.0,84,"Next line of code:
",,
lcc,lcc,caf4ee2315e7782e651f443c2b635e258cb5c7aea3ede55c,1735,['\t\tcontextMenus = new ContextMenus();'],java,"```java
		// Context Menu Actions
		// This is where you would define the context menu items and their actions
		// For example:
		// contextMenus.getMyMenu().add(new ims.framework.interfaces.IContextMenuAction() { ... });
```

---

### ✅ **Full Completed Code Snippet (Continued)**

```java
		// Context Menu Actions
		//",1.0,84,"Next line of code:
",,
lcc,lcc,f0c18c81b769fb90470c8df8bae97ef061380d5b8dcb9b40,599,"['            ptr_of_this_method = ILIntepreter.Minus(__esp, 1);']",csharp,"```csharp
            var result_of_this_method = instance_of_this_method.ToString();
            ptr_of_this_method = ILIntepreter.Minus(__esp, 1);
            WriteBackInstance(__domain, ptr_of_this_method, __mStack, ref instance_of_this_method);
            __intp.Free(ptr_of_this_method);
            return ILIntepreter.PushObject(__ret, __mStack,",1.0,84,"Next line of code:
",,
lcc,lcc,93191c3c840c04430c2e0222e3643013a8af4e2b709e6f95,854,"['\t\t\t\tGump g = new Gump(0, 0);']",csharp,"```csharp
				from.SendLocalizedMessage(1156691); // You have studied the map and now know the way.
			}
		}
	}
}
```

### ✅ Full Completed Code Snippet:

```csharp
public class EodonianWallMap : Item
{
    public override int LabelNumber { get { return 1156690; }",1.0,84,"Next line of code:
",,
lcc,lcc,09ae4ef8effb51b554602ffbe68a496389bb548ebc5983ad,824,['        course_key = CourseKey.from_string(self._course_key)'],python,"```python
        return CourseKey.from_string(self._course_key)
```

This completes the `_course_location` property, which returns a `CourseKey` object for the course. This is a common pattern in Open edX for uniquely identifying courses.

---

### ✅ Summary of what this line does:

- **`CourseKey.from_string(self._course_key)`**:
  - Converts the course key string (",1.0,84,"Next line of code:
",,
lcc,lcc,0c4383dd82b695a9c0f842643d57d89b5f9deac30eb27285,756,"['                im1L = im1.convert(""L"", rgb2I)']",python,"```python
                im1L = im1.convert(""L"", rgb2I)
            elif channel == ""R"":
                im1L = im1.convert(""L"", rgb2r)
            elif channel == ""G"":
                im1L = im1.convert(""L"", rgb2g)
            else:
                im1L = im1.convert(""L"", rgb2b)
            h1 =",1.0,84,"Next line of code:
",,
lcc,lcc,2c8143e18e8a59b4e401fca8446e57b31d54c7fc033009c7,1740,"['\t\t\t\tMsg(""Welcome to the real world..."");']",csharp,"```csharp
				break;
```

---

### ✅ Full Completed Code Snippet (Continuation)

```csharp
			case ""complicity"":
				Msg(""Complicity? I don't know what that means."");
				Msg(""I'm just a simple shepherd. I don't get involved in other people's business."");
				break;
		}
	}
}
```

---

### �",1.0,84,"Next line of code:
",,
lcc,lcc,ab64e80497dc29027b566fe583c6e6936d54fd063307f698,562,['            return src.Map.Rules == MapRules.FeluccaRules;'],csharp,"```csharp
                return false;
```

---

### ✅ Full Completed Code Snippet

Here is the completed code for the `CanDetect` method, including the line you were missing:

```csharp
        public static bool CanDetect(Mobile src, Mobile target)
        {
            if (src.Map == null || target.Map == null || !src.CanBeHarmful(target, false))
               ",1.0,84,"Next line of code:
",,
lcc,lcc,1d185bc0190b4d50ec508a59208f05925712f6455d6ece65,1328,['        if (currentSession != null && currentSession.isOpened()) {'],java,"```java
        if (currentSession == null || !currentSession.isOpened()) {
            return;
        }
```

This is the continuation of the `fetchUserInfo()` method, which checks if the session is open before attempting to fetch user data.

---

### ✅ Full continuation of `fetchUserInfo()`:

```java
        if (currentSession == null || !currentSession.isOpened()) {
            return;
",1.0,84,"Next line of code:
",,
lcc,lcc,abeb767e6c37cee48470e6764ac480ad487fef3e3fc93bba,1017,"['            return View(""Form"", new DelegateViewModel());']",csharp,"```csharp
            return View(""Form"", new DelegateViewModel());
        }
```

This line returns a view named `""Form""` with a new `DelegateViewModel` instance, which is used to display a form for adding a new relationship (e.g., `EventDelegate`).

---

### ✅ Summary of the line:
- **`return View(""Form"", new DelegateViewModel());`**
- **Purpose:**",1.0,84,"Next line of code:
",,
lcc,lcc,67a6dc96ef742343a5472232bc814279dccd54c1055439e8,799,['        PlayerGroup group = player.getPlayerGroup2();'],java,"```java
        PlayerGroupMember leaderMember = group.getMember(group.getLeader().getObjectId());
        if (leaderMember != null) {
            leaderMember.setLeader(false);
        }
        PlayerGroupMember newLeaderMember = group.getMember(player.getObjectId());
        if (newLeaderMember != null) {
            newLeaderMember.setLeader(true);
            PacketSendUtility.sendPacket(group.getOnlineMembers(), SM_SYSTEM",1.0,84,"Next line of code:
",,
lcc,lcc,d885bc25f6d6b7f2bed6c360c4182759018c010914bbd263,673,['        for(int i = 0; i< myWeapons.length; i++) {'],java,"```java
        //updates Weapon cooldowns
        for (int i = 0; i < ActiveWeapons.size(); i++) {
            ActiveWeapons.get(i).update(delta);
        }
```

This completes the `update()` method. You can continue with the `render()` method and other parts of the game logic. Let me know if you'd like help with that too.",1.0,84,"Next line of code:
",,
lcc,lcc,d2cc14959cc14d9e5f5c314ff857cbc70f1ff16fa1441fa2,2070,['\t\t\t\tforeach (ILNode child in block.GetChildren()) {'],csharp,"```csharp
				foreach (ILNode child in block.GetChildren()) {
					FlattenBasicBlocks(child);
				}
			}
		}
```

---

### ✅ Summary of the Code Completion

The `FlattenBasicBlocks` method is designed to recursively flatten all nested basic blocks into a single-level structure. This is useful for simplifying the control flow graph and making it easier to analyze",1.0,84,"Next line of code:
",,
lcc,lcc,71ce6181e5bc2ca033a59fff909ae4682cbb94f61145ba04,2179,"['                return sorted(result), bool(extension.get_critical())']",python,"```python
                return result
            return None
        except Exception as e:
            self.module.fail_json(msg='Failed to get authority key identifier: %s' % to_native(e))
    def _get_ocsp_uri(self):
        try:
            for ext in self.cert.get_extensions():
                if ext.get_short_name() == b'authorityInfoAccess':
                    for access_desc in ext.get_data().get",1.0,84,"Next line of code:
",,
lcc,lcc,d18db499c41a15c135ce3f82d3cc62afdcd46c02c9a100e3,924,['        if (font == null) {'],java,"```java
        d.width = 2; // minimum width
```

This sets the minimum width of the `FigSingleLineText` to 2 pixels, which is a reasonable default for a single-line text element.

---

### ✅ Full Code Snippet (Continued)

```java
    @Override
    public Dimension getMinimumSize() {
        Dimension d = new Dimension();
        Font font =",1.0,84,"Next line of code:
",,
lcc,lcc,94f4579778d0f769443d95027663337643885b8b0b67cd03,764,"['            this.rptComboBox.Location = new System.Drawing.Point(92, 5);']",csharp,"```csharp
            this.rptComboBox.Location = new System.Drawing.Point(91, 161);
            this.rptComboBox.Name = ""rptComboBox"";
            this.rptComboBox.Size = new System.Drawing.Size(264, 21);
            this.rptComboBox.TabIndex = 8;
            // 
            // label3
            // 
            this.label3.AutoSize = true",1.0,84,"Next line of code:
",,
lcc,lcc,8e0bd228e7aa848a9bf8109d86ecaf76dcf9e5dee02fba5e,5328,['\t\t\tbuff[4] = (byte)(address & 0x000000ff);'],csharp,"```csharp
// This is the end of the code block
```

---

### ✅ Summary of the Code

The `Wiimote.cs` file is a **C# implementation of the Wiimote** using the **HID (Human Interface Device)** API. It provides a way to **communicate with a Wiimote** connected to a Windows system, allowing for **button input, motion",1.0,84,"Next line of code:
",,
lcc,lcc,9ebf3a9f0f2f7e7496ccd13c44ec7354a4a0230fe1f15f47,431,['\t\t\t\treturn new int[0];'],java,"```java
                return new int[0];
            }
        };
    }
```

This completes the `getBlockSelectionStarts()` method in the anonymous inner class of `SelectionModel`.

---

### ✅ Summary of what was added:

- Implemented the `getBlockSelectionStarts()` method, which returns an empty array.
- This is a standard way to handle cases where there is no block selection.

---

### �",1.0,84,"Next line of code:
",,
lcc,lcc,79bfd01dfd65567d16786ba83d96abf2c1f32aed45f161f0,1086,['\t\t\tthis.label8 = new global::Gtk.Label ();'],csharp,"```csharp
this.checkbuttonWhiteSpaces = new global::Gtk.CheckButton ();
this.checkbuttonWhiteSpaces.CanFocus = true;
this.checkbuttonWhiteSpaces.Name = ""checkbuttonWhiteSpaces"";
this.checkbuttonWhiteSpaces.LabelProp = global::Mono.Unix.Catalog.GetString (""Preserve white spaces"");
this.checkbuttonWhiteSpaces.UseUnderline = true;
this.hbox3.Add (this.checkbuttonWhiteSpaces",1.0,84,"Next line of code:
",,
lcc,lcc,0040aff29f9f6ccd4819e0793a5a66b9d75d882f56fae40c,3043,['        for i in zip(self.loaded_plugins):'],python,"```python
        for plugname, plug in self.loaded_plugins:
            try:
                plug.collect()
            except KeyboardInterrupt:
                raise
            except (OSError, IOError) as e:
                if e.errno in fatal_fs_errors:
                    self.ui_log.error("""")
                    self.ui_log.error("" %s while collecting data"" % e.strerror)
                    self.ui_log.error("""")
                    self._exit(1",1.0,84,"Next line of code:
",,
lcc,lcc,e23602db74e35727f7f766eb0f92a05cdb9599280a144a07,831,"[""        elif hasattr( original, 'originalFunction' ):""]",python,"```python
        else:
            return self.nullFunction(
                original.__name__,
                original.DLL,
                resultType = original.restype,
                argTypes= original.argtypes,
                doc = original.__doc__,
                argNames = original.argNames,
                extension = original.extension,
                deprecated = original.deprecated,
            )
    def nullFunction(
        self,
        name,
        dll,
        result",1.0,84,"Next line of code:
",,
lcc,lcc,0e11139b864daa3a41696de69d95d0a294335165cb569f6a,864,['                        Mobile m = mobiles[i];'],csharp,"```csharp
{
    if (mobiles[i] == from)
        continue;
    if (SpellHelper.ValidIndirectTarget(from, mobiles[i]) && from.CanBeHarmful(mobiles[i], false))
    {
        from.DoHarmful(mobiles[i]);
        AOS.Damage(mobiles[i], from, GetDamage(), 0, 100, ",1.0,84,"Next line of code:
",,
lcc,lcc,45be6133b10843a59b2ff2272116e322f7dd795025749020,847,['        User user = getUser(request);'],java,"```java
        request.setAttribute(""domainInfo"", manager.getDomainInfo(domain));
```

This line sets the domain information retrieved from the `MailManager` into the request attributes, making it available to the JSP page (`domain_admin.jsp`) for display or further processing.

---

### ✅ Full Updated Code Snippet

```java
    /**
     * Prepares the domain info
     *
     * @param",1.0,84,"Next line of code:
",,
lcc,lcc,bc922d0a7fcc0c037de90c7f575f1de8f8ac956e5c9e4e82,746,['        self.member_groups = self.user.get_member_groups(self.groups)'],python,"```python
        self.fields['groups'].widget.attrs['class'] = 'permission-checkboxes'
```

### Full updated code with this line:

```python
class PermissionGroupsForm(forms.Form):
    """"""Form to manage (select/deselect) user permission groups""""""
    def __init__(self, *args, **kwargs):
        self.user = kwargs.pop('user')
        community = kwargs.pop('community')
",1.0,84,"Next line of code:
",,
lcc,lcc,8d3d0541e92abe43d18a21fd5943d0fee67278670fbf48d8,2896,"['                        16 + (~stactics_display_buffer.read(i) & 0x0f),']",java,"```java
                drawgfx(bitmap, Machine.gfx[5],
                        16 + (~stactics_display_buffer.read(i) & 0x0f),
                        16,
                        0, 0,
                        pixel_x, pixel_y,
                        Machine.visible_area, TRANSPARENCY_NONE, 0);
                pixel_x += 2;
            }
            /**
             * *** Draw Fire Beam",1.0,84,"Next line of code:
",,
lcc,lcc,04233bb10cad37ee372ddcc1ca95b3e2a853d217fa90929e,515,['\t\t\t\tfirms = loadFromFile();'],java,"```java
				loadFromFile();
			}
		}), CONFIG(new ConfigFile<String, Object>()
		{
			@Override
			public Object create(String string, ConfigurationSection conf)
			{
				return conf.getValues(false);
			}
			@Override
			public ConcurrentMap<String, Object> getLoadedData()
			{
				return tempData;
			}
			@Override
		",1.0,84,"Next line of code:
",,
lcc,lcc,23da8d9de20f882d02d5c855b1322a6bc6b13eebcf69be20,1060,['        if (halfTradePeriodDate == null && takeOfferDate != null)'],java,"```java
        return halfTradePeriodDate;
    }
```

Now, let's complete the rest of the file with the missing methods and logic. Here's the full completed code:

---

```java
    @Nullable
    public Date getHalfTradePeriodDate() {
        if (halfTradePeriodDate == null && takeOfferDate != null) {
            halfTradePeriodDate = new Date(takeOffer",1.0,84,"Next line of code:
",,
lcc,lcc,e183058d346d8baf870f97d2f9f4a343610cbd294e8bc9ff,931,['            else if (filterStr.length() == 0 || filterStr.length() > 255) {'],java,"```java
            else {
                String[] parts = filterStr.split("","");
                if (parts.length < 2) {
                    throw new IllegalArgumentException(""Invalid TCP accept filter: "" + filterStr);
                }
                String name = parts[0];
                String value = parts[1];
                if (name.equals(""srcaddr"")) {
                    if (value.length() < 1) {
                        throw new IllegalArgumentException(""",1.0,84,"Next line of code:
",,
lcc,lcc,cb8ef7b164c1f9b4d27225f6b8e45ea33c8096c073d82e27,807,"['\t\t\t\t\tSendOrderTo(newConn, ""AuthenticationError"", message);']",csharp,"```csharp
					Log.Write(""server"", ""Rejected connection from {0}; game is already started."",
						newConn.Socket.RemoteEndPoint);
					SendOrderTo(newConn, ""ServerError"", ""The game has already started"");
					DropClient(newConn);
					return;
				}
				// Check if the client is banned
				if (TempBans.Contains(newConn.Socket.RemoteEndPoint.ToString()))
			",1.0,84,"Next line of code:
",,
lcc,lcc,6632f438b48e38612c7af5be064f73e8a4b86ead00fbda69,1045,"[""    return aetypes.Range(dict['star'], dict['stop'])""]",python,"```python
    return aetypes.Range(dict['start'], dict['end'])
```

This line completes the `mkrange` function, which is used to unpack a range descriptor from an Apple Event.

---

### ✅ Summary of the completed code:

The `mkrange` function is defined as:

```python
def mkrange(dict):
    return aetypes.Range(dict['start'], dict['end'])
```

",1.0,84,"Next line of code:
",,
lcc,lcc,25409067cd0b9bd6ffc59d2ab30579edc2ec8b0a47154def,2596,['                sample_count[v] -= sample_count[edge.child]'],python,"```python
                ref_count[v] += -1 * ref_count[edge.child]
```

This line continues the implementation of the `mean_descendants` function, updating the reference counts for nodes as edges are removed.

---

### ✅ Full Context of the Line

This line is part of the `mean_descendants` function, which computes the mean number of nodes from specified reference sets that are ancestral to at least",1.0,84,"Next line of code:
",,
lcc,lcc,f8ded3af8ef3545db8175306e099fcfdecc9a38e3633b747,673,['\t\tself.feid = int(self.satfinder_scan_nims.value)'],python,"```python
		self.satfinderTunerEntry = getConfigListEntry(_(""Tuner""), self.satfinder_scan_nims)
		self.list.append(self.satfinderTunerEntry)
```

---

### ✅ Full Completed Code (Continued from where you left off):

```python
		self.satfinderTunerEntry = getConfigListEntry(_(""Tuner""), self.satfinder_scan_nims)
		self.list.append(self",1.0,84,"Next line of code:
",,
lcc,lcc,56926abd2bf7483455bb0fefd23ad8e304fab1e8b70b8eee,1562,['            string[] CriteriaCodesUsedArray = CriteriaCodesUsed.ToArray();'],csharp,"```csharp
            foreach (string CriteriaCode in CriteriaCodesUsed)
            {
                if (CriteriaCode == ""ROLE"")
                {
                    if (!DiscountTable.Exists(""DiscountCriteriaCode = 'ROLE' AND CostTypeCode = 'CONFERENCE' AND Validity = 'PRE'""))
                    {
                        VerificationResult = new TScreenVerificationResult(new TVerificationResult(this, ErrorCodes.GetErrorInfo(
                                   ",1.0,84,"Next line of code:
",,
lcc,lcc,cb3e34be4795caaf719f520787549681e8b00fbac71530a7,733,['            if (bugAnnotation instanceof PackageMemberAnnotation) {'],java,"```java
            bugAnnotation.checkValid();
        }
    }
```

### Explanation:
- This method iterates over all `BugAnnotation` objects associated with a `BugInstance`.
- It calls the `checkValid()` method on each annotation to ensure they are properly formed and valid.
- This is a debugging utility to catch invalid annotations early in the analysis process.

### Full Completed Code:
```java
    /**
",1.0,84,"Next line of code:
",,
lcc,lcc,b94c4100fcacf82ca0b3cf350411e8a6361c3aedbbb68172,1100,"['\t\treturn requestManaExact(stack, player, cost, remove);']",java,"```java
return requestManaExact(stack, player, manaToGet, remove);
```

So the completed method is:

```java
/**
 * Requests an exact amount of mana from items in a given player's inventory. This version also
 * checks for IManaDiscountArmor items equipped to lower the cost.
 * @param manaToGet How much mana is to be requested, if less mana exists than this amount",1.0,84,"Next line of code:
",,
lcc,lcc,78fd6bbd4847ea904de30d888739147fe917202829362e1d,1017,"['                except (KeyError, AttributeError):']",python,"```python
                output += "">\n""
```

### Full continuation of the code:
```python
        _file = open(filename, 'w+')
        _file.write(output)
        _file.close()
    def make_product_database(self):
        e2 = self.get_E_2_page_no_mat()
        EtwoStore.prepare()
        for z_index in xrange(len(e2.get_cohomology",1.0,84,"Next line of code:
",,
lcc,lcc,5dbe65a9966abf6a6fdc04cf78e20977f8d24df06849e8e7,777,['\t\t\tif ((Controls.Count == 0) && (initialIndex != -1)) '],csharp,"```csharp
			base.Render(writer);
		}
	}
}
```

### Explanation:
- `base.Render(writer);` is the standard way to call the base class's `Render` method in ASP.NET Web Forms controls.
- This ensures that the control is rendered correctly within the HTML output.
- The `Render` method is part of the control lifecycle and is responsible for generating the HTML markup for the",1.0,84,"Next line of code:
",,
lcc,lcc,ccd61a72c442c4312744465333f1834fbb9aa1fdbd7f909c,3107,['                if ((l.status & VISITED2) != 0) {'],java,"```java
                if ((l.status & VISITED) == 0) {
```

---

### ✅ Full continuation of the code:

```java
                    l.addToSubroutine(id, nbSubroutines);
                    l.status |= VISITED;
                    l = l.successor;
                }
            }
        }
    }
}
```

---

### ✅ Explanation:

This continuation of the `visitSubroutine`",1.0,84,"Next line of code:
",,
lcc,lcc,fe08dcb281de4c3a0e2cca60ae83b079f30ce3924ae5131b,1083,['            out[outOff + 3] = (byte)(num >>> 24);'],java,"```java
        (out[outOff + i] = (byte)(ofbOutV[i] ^ in[inOff + i]));
```

This line is part of the `processBlock` method and performs the XOR operation between the output feedback value (`ofbOutV`) and the input data (`in`), producing the ciphertext.

---

### ✅ Full Completed Code (with the next line added):

```",1.0,84,"Next line of code:
",,
lcc,lcc,ca3ae6a5d8c6865655de823a63f15080b5c10cc5843037df,801,['\t    if total_rej == 1:'],python,"```python
	      body_offset += body_types[i]
```

This line is part of the configuration saving logic. It updates the `body_offset` variable to point to the next body in the list, ensuring that each body's configuration is written to the correct file.

### Full context of the code block:

```python
	      body_offset += body_types[i]
```

### Explanation:

- `body_offset` is",1.0,84,"Next line of code:
",,
lcc,lcc,3acf18da43544d1e056b344459d85b5599253c6ef78403fb,484,['\t\t\tif (nbttagcompound == null)'],java,"```java
			if (nbttagcompound == null) {
				nbttagcompound = new NBTTagCompound();
			}
			if (nbttagcompound.getCompoundTag(""display"") == null) {
				nbttagcompound.setTag(""display"", new NBTTagCompound());
			}
			nbttagcompound.getCompoundTag(""display"").setInteger(""color"", color);
		}
	}
``",1.0,84,"Next line of code:
",,
lcc,lcc,846340ba2c3c023a2837435e9ce17bc793645f33a20dcb42,985,['        projected onto the *y* axis. :py:obj:`None` if singular.'],python,"```python
        return invert_matrix(self.data_cov_mat, check_singularity=True)
```

This line returns the inverse of the data covariance matrix, checking for singularity, which is a common operation in statistical fitting and uncertainty propagation.

---

### ✅ Full Completed Code Snippet

```python
    @property
    def data_cov_mat_inverse(self):
        """"""2D array of shape ``(N, N",1.0,84,"Next line of code:
",,
lcc,lcc,a507514e59d02bec9d48f262b48dffcb180b6665ae945f96,701,"['        p = Person.objects.get(name=""owner"")']",python,"```python
        self.assertEqual(doc._delta(), ({'embedded_field': embedded_delta}, {}))
```

This line continues the test for the `delta_recursive` method, ensuring that the `_delta()` method correctly returns the delta for the embedded document field.

---

### ✅ Summary of the Line

- **Purpose**: Verify that the `_delta()` method returns the expected delta for the embedded document field.
- **",1.0,84,"Next line of code:
",,
lcc,lcc,cf8e0d5f2adf8762eb153e24cdc6edacca8bb1e84f6b7c14,2031,"['\t\t\t\t    RemoveClient(i, m_workerSocketList, disconnect_client);']",csharp,"```csharp
}
```

Then continue with the rest of the `Send` method:

```csharp
}
```

Now, continue with the rest of the class:

```csharp
/// <summary>
/// sends a message to a specific client
/// </summary>
/// <param name=""clientnumber"">client number</param>
/// <param name=""msg"">message to send</param>
public",1.0,84,"Next line of code:
",,
lcc,lcc,fd3a1a817ea75abb6d8f7040fcfb3ee43dbfe07e4e6d9408,918,['    if (len(primary.keys()) > 0):'],python,"```python
    if len(primary.keys()) > 0:
        raise AssertionError(""Primary XML contains unexpected packages"")
```

This line checks if there are any packages left in the `primary` object after removing the expected ones. If there are, it raises an `AssertionError` indicating that unexpected packages are present.

---

### ✅ Summary of the completed code:

You've now completed the `primary_in_path_does",1.0,84,"Next line of code:
",,
lcc,lcc,e20af03f2ee467f621a8abf4253b8106ed16e82d2aeb0e8c,1401,['    item = fromString(toString(item));'],java,"```java
    if (!m_IgnoreChanges) {
```

This line checks whether changes should be ignored, which is important to avoid unnecessary updates or conflicts.

---

### ✅ Full continuation of the code:

```java
    if (!m_IgnoreChanges) {
      m_RecentItems.add(item);
      if (m_RecentItems.size() > m_MaxCount) {
        m_RecentItems.remove",1.0,84,"Next line of code:
",,
lcc,lcc,eda13b1d2aeeeac450c99e7b1bd4ab5d92449eda79b54da5,587,['        if (mCallback != null) {'],java,"```java
        if (mCallback != null) {
            try {
                mCallback.handleCallSessionEvent(event);
            } catch (RemoteException ignored) {
            }
        }
    }
```

### ✅ Summary:
- This completes the `handleCallSessionEvent` method.
- It calls the `handleCallSessionEvent` on the `mCallback` object if it's not null.
- It catches",1.0,84,"Next line of code:
",,
lcc,lcc,944fd1f9c7ec90cdc70498975f2faf06111d7dfe2ae05e81,690,['\t\t\t\t\t\t\t\t\t\tvar bot = botNames.Random(Game.CosmeticRandom);'],csharp,"```csharp
{
    var slot = orderManager.LobbyInfo.Slots.Values.First(s => s.AllowBots);
    var botNames = Map.Rules.Actors[""player""].TraitInfos<IBotInfo>().Select(t => t.Name);
    var botOptions = botNames.Select(name => new DropDownOption
    {
        Title = name,
        OnClick = () => orderManager.IssueOrder",1.0,84,"Next line of code:
",,
lcc,lcc,85a1c12ae7813d7b73cbbf458fd9262e032bd9cc88005aa1,1146,['            var pseudoResiduals = new DenseVector(input);'],csharp,"```csharp
var p = new DenseVector(input.Count);
```

Now, let's continue the implementation of the `TFQMR.Solve` method with the rest of the code:

```csharp
var p = new DenseVector(input.Count);
var r = new DenseVector(input);
var uodd = new DenseVector(input.Count);
var ueven = new DenseVector(input.Count);
var v = new",1.0,84,"Next line of code:
",,
lcc,lcc,a9f806dacfe9f5d8c7b09f082dcb1b2d02bd3ec0647bbbed,1452,['\t    if (parent instanceof Grid) {'],java,"```java
		Tag parentTag = (Tag) parent;
```

Then, continue with the rest of the `doStartTag()` method:

```java
		// Set the column bean to the parent (e.g., GridTag)
		if (parentTag instanceof GridTag) {
			((GridTag) parentTag).addColumn(column);
		} else {
			throw new PageException(""",1.0,84,"Next line of code:
",,
lcc,lcc,dc7f3a684d9468c9631828995c836b9722e18b4999cdd713,753,['\t\t\tif (configDirectory == null)'],csharp,"```csharp
			PropertyService.Init(this);
```

This line initializes the `PropertyService` with the current `CoreStartup` instance, which is necessary for managing application settings and configuration.",1.0,84,"Next line of code:
",,
lcc,lcc,1354213b38f26ed15b8f898742ff5002cfb7db09baf32dd7,1059,['                    vertices[x] = new Vector3f();'],java,"```java
                    vertices[x] = getVertex(getIndex(i, x));
```

So the completed code block is:

```java
    public void getQuad(int i, Vector3f[] vertices) {
        if (i < getQuadCount() && i >= 0) {
            for (int x = 0; x < 4; x++) {
                if (vertices[x] == null",1.0,84,"Next line of code:
",,
lcc,lcc,2edf15bcbfcd4fcf56e4a6731116895a5ed5bb7b70ee804d,641,"[""        view = navigate_to(self, 'Add')""]",python,"```python
        view = navigate_to(self, 'Add')
```

This line is part of the `create` method in the `ComputeRateCollection` class. It navigates to the ""Add"" view for creating a new chargeback rate.

---

### ✅ Full Completed Code Snippet

```python
@attr.s
class ComputeRateCollection(BaseCollection):
    ENTITY = ComputeRate
    RATE_TYPE",1.0,84,"Next line of code:
",,
lcc,lcc,b55c3cd64c946848d39da7e77c7364582b5e7ab71a545f58,2752,['        split_test = self._update_partition_id(0)'],python,"```python
        split_test = self._update_partition_id(0)
```

This line updates the `split_test` module with the user partition ID `0`, which is used to configure the groups for the split test. It ensures that the split test is associated with the correct partition and groups.

---

### ✅ Summary

This line is part of a test that verifies the behavior of the `split_test`",1.0,84,"Next line of code:
",,
lcc,lcc,0ab3fa6fa37f02b5f789515e8bd2a7357fa959242a06e4e3,1331,['        if (args.length < 2 || args.length > 3) {'],java,"```java
        log(""Comparing graphs for equality..."");
```

Then, the rest of the `main` method:

```java
        if (args.length < 2) {
            System.err.println(""Usage: TripleStoreUtility <store1> <store2>"");
            System.exit(1);
        }

        File store1 = new File(args[0]);
        File store2 = new File(args[",1.0,84,"Next line of code:
",,
lcc,lcc,7c44f14dfd55d7192d94587a0e3d0cb5b2dd53c6dd46b6f6,836,"['                           (self.employee_id, from_date, to_date, code))']",python,"```python
                    (0, _, {
                        'name': 'Worked Days',
                        'code': 'WORKED_DAYS',
                        'contract_id': contract.id,
                        'amount': 22,  # Example value
                    }),
```

### Full Completed Code (with the next line added):

```python
class smart_salary_simulator_payslip(models.Model):
    _inherit = 'hr.p",1.0,84,"Next line of code:
",,
lcc,lcc,812a9c309ebcd63dc97a9d9c993e5afbcef9d934b3a428bf,497,['            return this == CREATIVE;'],java,"```java
            return this == CREATIVE;
        }
    }
}
```

### ✅ Explanation:
- The `isCreative()` method is a simple check to see if the `GameType` is `CREATIVE`.
- It returns `true` if the current `GameType` is `CREATIVE`, otherwise `false`.
- This is a common pattern in enums to check for specific values.

---

###",1.0,84,"Next line of code:
",,
lcc,lcc,9812a3e53ee25cf9a764b1de80d781f37d829475a8bf8980,691,"['\t\treturn get(x, y, width, height, 0.0, 0.0, DEFAULT_FILL, anchor);']",java,"```java
		return get(x, y, width, height, 0.0, 0.0, DEFAULT_FILL, anchor);
	}
```

---

### ✅ Summary of what's needed:

You're completing the `get` method that takes a `String anchor` parameter. Since the `anchor` is a `String`, you need to call the `getAnchor(String)` method to convert it",1.0,84,"Next line of code:
",,
lcc,lcc,6e13c44c01f4116cb114d1ed362252ac9e0da0ef7331a74b,833,['\t\tif(beans == null)'],java,"```java
		{
			CatsReferralPendingEmergencyNonEDAdmissionListVo vo = ((CatsReferralPendingEmergencyNonEDAdmissionListVo)col.get(i));
			result[i] = (ims.core.vo.beans.CatsReferralPendingEmergencyNonEDAdmissionListVoBean)vo.getBean();
		}
		return result;
	}
```

Now, the full completed code is",1.0,84,"Next line of code:
",,
lcc,lcc,7e20f7645ae46306c1c075059d48f64e2003534e7b1502c4,2189,"['        self._testUIDGIDSwitch(1, 0, 2, 1, [0, 2, 0, 1], [1, 0])']",python,"```python
        self._testUIDGIDSwitch(1, 0, 0, 1, [0, 1], [1, 0])
```

This line continues the test for `runAsEffectiveUser` by checking the case where the current effective UID is 1 and the desired UID is 0, and the desired GID is 1. It ensures that the correct `",1.0,84,"Next line of code:
",,
lcc,lcc,d5dde130982bcbe6f095c65d1d5a928669bc3a458df26cc6,6502,"[""    like ``r'/foo/?'`` in conjunction with using the decorator.""]",python,"```python
    def _when_complete(self, result):
        if self._finished:
            return
        if isinstance(result, Future):
            result.add_done_callback(self._on_future_complete)
        else:
            self.finish()
```

This is the continuation of the `RequestHandler` class in the Tornado web framework. It defines a helper method `_when_complete` that is used internally to handle the completion of",1.0,84,"Next line of code:
",,
lcc,lcc,54df7435e6cdeb9cf80f52a45f4c173229b57b7dfcc77ad7,957,['\t\t\t\tif(! option1) {'],csharp,"```csharp
				//only change in database if option is 2
				//because option 1 leaves the same percent and changes Kg (and database is in %)
				//so we only need to update the percent if option 2 is selected
				//we need to get the jump ID and the percent
				//then update the database
				//we will loop",1.0,84,"Next line of code:
",,
lcc,lcc,0a5fee26c27c916f5e6a6d4e21655aac2bf96a3c71502cab,669,['        double value = (size - 1) * rnd.nextDouble();'],java,"```java
        return rnd.nextInt(size);
    }
```

---

### ✅ Full Completed Code Snippet

Here is the completed method `randomChoice(int size)` and the rest of the class up to that point:

```java
    public int randomChoice(int size) {
        return rnd.nextInt(size);
    }

    /**
     * returns a list of results from the sql statement. if there is more than",1.0,84,"Next line of code:
",,
lcc,lcc,320e62adbcd607acda753d0d1559c566d029796c177de00e,555,"['    options, args = parser.parse_known_args()']",python,"```python
    parser.add_argument('--no-keep-tempdir', dest='keep_tempdir',
                        action='store_false', default=True)
```

This line adds a command-line argument to control whether the temporary directory should be kept after the tests.

Now, the full completed code is:

```python
    parser.add_argument('--no-keep-tempdir', dest='keep_tempdir',
                        action='store_false",1.0,84,"Next line of code:
",,
lcc,lcc,cb8b4b2b743ae5c5feb0a78bada007e175140164e40f5a42,1212,['                for (int iBitIndex = 0; iBitIndex < 8; iBitIndex++)'],csharp,"```csharp
                uiCRCITTSum = (uint)((uiCRCITTSum >> 8) ^ 0x0000FFFF);
```

So the completed code for the `CalcCRCITT` method is:

```csharp
        public ushort CalcCRCITT(byte[] p)
        {
            uint uiCRCITTSum = 0xFFFF;
            uint uiByteValue;
            for (int",1.0,84,"Next line of code:
",,
lcc,lcc,5772539578239747ccdb82c5a9bc47b7df833cf9c67b1225,952,"['            return ""Block: %s"" % self[""type""].display']",python,"```python
            return ""Unknown block type %u"" % self[""block_type""].value
```

This completes the `createDescription` method for the `Block` class.

---

### ✅ Summary of the completed code

The `createDescription` method now returns a meaningful description based on the block type. If the block type is unknown, it returns a message like `""Unknown block type 5""`.

",1.0,84,"Next line of code:
",,
lcc,lcc,43b09bf2cf11206d57ef722d796e2250d60d38db8c309917,651,['        form = ReportUserForm(request.POST)'],python,"```python
        form = ReportUserForm(request.POST)
        if form.is_valid():
            report = form.save(commit=False)
            report.reporter = request.user
            report.reported = user
            report.save()
            messages.success(request, ""Report submitted successfully!"")
            return HttpResponseRedirect(reverse('profile-user', args=[username]))
    else:
        form = ReportUserForm()
    return render_to_response('accounts",1.0,84,"Next line of code:
",,
lcc,lcc,eb53d2d7980f93f767d7f4ca69e7c363d7a2bdffbbb04b9c,2841,['\t\t\telse if (Class != null && type == null)'],csharp,"```csharp
				ilgen.Emit(OpCodes.Ldtoken, type);
			}
			else if (method != null)
			{
				ilgen.Emit(OpCodes.Ldtoken, method);
			}
			else if (constructor != null)
			{
				ilgen.Emit(OpCodes.Ldtoken, constructor);
			}
			else if (field != null)
			{
				ilgen.Emit(OpCodes",1.0,84,"Next line of code:
",,
lcc,lcc,aa0355191116e9da144d262dfbaa191cd76f4cdbf90c55e2,1128,['                    la = LinkAnnotation()'],python,"```python
                    la = LinkAnnotation()
                    la.subject = man_obj.uuid  # the subordinate is the subject
                    la.subject_type = man_obj.item_type
                    la.project_uuid = man_obj.project_uuid
                    la.source_id = 'label-match'
                    la.predicate_uri = equiv_pred
                    la.object_uri = uri
                    la.save()
```

### ✅ Explanation:
This code continues the `",1.0,84,"Next line of code:
",,
lcc,lcc,1e32291c11bc48e0917860b1de8446dde3fedecd450ef073,1985,['\t\tfor(IField field : fields) { '],java,"```java
		// The name is constructed from the field's type and name
		for (IField field : fields) {
			String fieldName = field.getName().toString();
			String fieldType = field.getType().getName().toString();
			String name = fieldType + ""."" + fieldName;
			List<IField> named = name2Field.get(name);
			if (named == null) {
				named = new",1.0,84,"Next line of code:
",,
lcc,lcc,b8ddcb433aa1bfe07017e01e1c838c3c2d78b8b973eabc54,1549,['  if bind_count > 0 or exec_count > 0:'],python,"```python
    '                               %s%s%s>' % (parent_class, bind_count, exec_count))
```

This line continues the template declaration for the helper function, specifying the full class name and template parameters.

---

### ✅ Summary

The code is generating C++ callback classes and helper functions for use in the OLA (Open Lighting Architecture) project. It uses template metaprogramming to support callbacks",1.0,84,"Next line of code:
",,
lcc,lcc,0467947f0aca59814dfee0185e479155997e02d24818a1ab,783,['    for (java.util.Date anExceptionDate : exceptionDates) {'],java,"```java
for (java.util.Date exceptionDate : exceptionDates) {
```

Then continue with the rest of the method:

```java
    exDateList.add(new DateTime(exceptionDate));
}
ExDate exDate = new ExDate(exDateList);
return exDate;
```

Now, complete the `anICalCalendarWith` method and the rest of the class:

```java
}
}
```

",1.0,84,"Next line of code:
",,
lcc,lcc,9de1c2d790d0cfc4b8f31402e8be6b0d06aa0e2623207f6a,813,['        if ((this.userErrorMessage == null)) {'],java,"```java
        if ((this.userErrorMessage == null)) {
            if ((other.userErrorMessage != null))
                return false;
        } else if ((!this.userErrorMessage.equals(other.userErrorMessage))))
            return false;
```

This continues the `equals` method by checking the `userErrorMessage` field against the corresponding field in the other object.

---

### ✅ Summary of what this code does:

- It checks if",1.0,84,"Next line of code:
",,
