answer_prefix,all_classes,task,predicted_answer,compression_ratio,length,_id,max_new_tokens,answers,language,question,dataset
"Next line of code:
",,lcc,"```python
                        elif self.choice.lower() == 'help':
                            print(self.grn + ""[*] Available commands:"" + self.blk)
                            print(""list - List all packets"")
                            print(""help - Show this help"")
                            print(""exit - Exit inspection mode"")
                            print(""inspect <packet number> - Inspect a specific packet"")
                            print(""help - Show this help"")
                            print(""",1.0,615,0015062cf7e9262884bb54332e85c9529f05689017c95eff,84,['                    self.choice = int(self.choice) - 1'],python,,lcc
"Next line of code:
",,lcc,"```csharp
        }
    }
}
```

### Final Code

Here is the completed code with the missing closing brace and the final line:

```csharp
///////////////////////////////////////////////////////////////////////////////////////
// Copyright (C) 2006-2019 Esper Team. All rights reserved.                           //
// http://esper.codehaus.org                                                          //
// ---------------------------------------------------------------------------------- //
// The software in this package is published under the terms",1.0,743,90e9975c7f92d8ef21fcbe89fd1500b3a541124b7b4304fb,84,['            set { _numValues = value; }'],csharp,,lcc
"Next line of code:
",,lcc,"```csharp
                        b
                    });
                }
                return (int)(results[0]);
            }
        }
    }
}
```

### ✅ Final Completed Code

Here is the completed code for the `AddNumbers` class and the rest of the file:

```csharp
        public System.IAsyncResult BeginAddInt(int a, int b, System.AsyncCallback callback, object asyncState) {
           ",1.0,1364,985588e7dc66ac6d50e0fe4a6602f7b58eb5fef402be68fa,84,"['                        b}, callback, asyncState);']",csharp,,lcc
"Next line of code:
",,lcc,"```python
from invenio.ext.sqlalchemy import db
```

Now, let's complete the code with the missing part.

---

### ✅ Final Completed Code

```python
from invenio.ext.sqlalchemy import db
```

---

### ✅ Full Completed Code

```python
# -*- coding: utf-8 -*-
#
# This file is part of Invenio.
# Copyright (C",1.0,609,588825a49d4fdd244fc2fb3cce5086b306490b945a3bc787,84,['] + models)'],python,,lcc
"Next line of code:
",,lcc,"```python
    return response
```

Here's the completed code:

```python
@query_wrapper
def pubsub_consumer_list(session, cluster_id, topic_name, needs_columns=False):
    """""" All pub/sub consumers.
    """"""
    response = _pubsub_consumer(session, cluster_id, query_wrapper)
    if topic_name:
        response = response.filter(PubSubTopic.name == topic_name)
    return",1.0,2251,9621a523cfd2361541d82c5585397ca2326e223496d5585c,84,"['    response = _pubsub_consumer(session, cluster_id, query_wrapper)']",python,,lcc
"Next line of code:
",,lcc,"```java
      if (split.length < 2) {
        log.warn(""Line "" + lineCount + "" in mapping file has less than 2 columns. Ignoring."");
        continue;
      }
```

Now, let's complete the code from where we left off.

### Full completed code for the `readEntries` method:

```java
      String regexStr = split[0];
      String type",1.0,1566,4bd2fd0f69e4de7c6c60f4067b514b23e77ab94af50551f3,84,['      if (split.length < 2 || split.length > 4)'],java,,lcc
"Next line of code:
",,lcc,"```python
    log_file = None
    if args.log_file:
        log_file = open(args.log_file, 'a')
    else:
        log_file = sys.stdout
    log.set_output(log_file)
```

Then:
```python
    archive_index = load_archive_index(args.index)
    if args.func == 'encrypt':
        encrypt_archive(archive_index, args)
    elif args.func == '",1.0,626,cd81bc2e4c0a7dc1e4f6a340a63de44a5b0e7a055b43a7b3,84,"[""        log.log_strm = open(args.log_file, 'w')""]",python,,lcc
"Next line of code:
",,lcc,"```csharp
			return new ConstructorBuilder(mb);
		}
		public MethodBuilder DefineMethod(string name, MethodAttributes attribs, Type[] parameterTypes)
		{
			return DefineMethod(name, attribs, CallingConvention.Default, null, null, null, parameterTypes, null, null);
		}
		public MethodBuilder DefineMethod(string name, MethodAttributes attribs, CallingConvention callingConvention, Type[]",1.0,910,6b78cc0ec714622bb22d89aa972b1eae59e59788b357955a,84,['\t\t\treturn new ConstructorBuilder(mb);'],csharp,,lcc
"Next line of code:
",,lcc,"```csharp
                float fontX = font.GetWidthPoint(altText != null ? altText : fCode, size);
```

Continuing the code:
```csharp
                float fontY = baseline - font.GetFontDescriptor(BaseFont.DESCENT, size);
                float width = fontX;
                float height = barHeight;
                if (text != null && text.Length > 0)",1.0,1163,5c41dbe75be69a522492a261348f685fcc83189eb876ce02,84,['                int len = fCode.Length + 2;'],csharp,,lcc
"Next line of code:
",,lcc,"```java
			return compareValueObject((ValueObject) obj, caseInsensitive);
		}
	}
}
```

Here is the completed code:

```java
		}
	}
}
```

### Final Code:

```java
		}
	}
}
```

### Full Completed Code:

```java
		}
	}
}
```

### Summary:

- The `OrderInvestigationForStatus",1.0,664,9516693902335ad7c898f1e9ec8d1799680dac2988c0259d,84,['\t\tif(caseInsensitive); // this is to avoid eclipse warning only.'],java,,lcc
"Next line of code:
",,lcc,"```java
					}
				}
			}
		}
	}
}
```

Here's the completed code for the `Alchemize` class:

```java
package com.shatteredpixel.shatteredpixeldungeon.items.spells;

import com.shatteredpixel.shatteredpixeldungeon.Assets;
import com.shatteredpixel.shatteredpixeldungeon.Dungeon;
import com.shatteredpixel.shattered",1.0,567,64d5f26d486a85e85284229e8d254f996cfafd844cd321c5,84,['\t\t\t\t\tpos = btnEnergizeAll.bottom();'],java,,lcc
"Next line of code:
",,lcc,"```python
    return failures
```

Here's the completed code with the missing `return` statement:

```python
def simulateKMoreThanOne():
  """"""A small test with k=3""""""
  failures = """"
  LOGGER.info(""Testing the sparse KNN Classifier with k=3"")
  knn = KNNClassifier(k=3)
  v = numpy.zeros((6, 2))
 ",1.0,685,397181750c46cc7bb5cfa79f1f6812770ddf55fc6dac89cd,84,"['  winner, _inferenceResult, _dist, _categoryDist = knn.infer(v[2])']",python,,lcc
"Next line of code:
",,lcc,"```python
        s, o = self._check_guest_suspend_log(**args)
```

Here's the completed code with the missing line:

```python
    def verify_guest_support_suspend(self, **args):
        s, _ = self._check_guest_suspend_log(**args)
        if s:
            raise exceptions.TestError(""Guest doesn't support suspend."")
```

So the full completed code is:

```python",1.0,1232,659965fc4472dec4f8b056a906be656d08aac541f75950f4,84,"['        s, o = self._session_cmd_close(session, suspend_log_chk_cmd)']",python,,lcc
"Next line of code:
",,lcc,"```python
        # Remove the certificate files
        for cert_type in types:
            cert_file_path = os.path.join(config_directory, f""{name}.{cert_type}"")
            try:
                os.remove(cert_file_path)
            except OSError:
                pass
        return 0, ""Meter "" + name + "" deleted""
```

Here is the completed code:

```python
def download_request(module, name,",1.0,744,41849aea5e307f5199745185087b9ae2038c2a8673824a84,84,"[""        types = ['cert', 'key']""]",python,,lcc
"Next line of code:
",,lcc,"```csharp
                Stashed.SetStashDiffs(gitStash, gitItemStatuses);
            }
            Loading.Visible = false;
            Loading.IsAnimating = false;
            Stashes.Enabled = true;
            refreshToolStripButton.Enabled = true;
            toolStripButton_customMessage.Enabled = true;
        }
        private void LoadGitItemStatuses(IReadOnlyList<GitItemStatus> gitItemStatuses)
",1.0,671,f54df722d8cb6050f8b9b79929415e488a47e64578808ae4,84,"['                var firstId = Module.RevParse(gitStash.Name + ""^"");']",csharp,,lcc
"Next line of code:
",,lcc,"```python
            ))
        assert devices
```

So the completed code is:

```python
    def test_list_devices(self, context):
        devices = list(context.list_devices())
        assert devices
```

Here is the full completed code for the `TestContext` class:

```python
class TestContext(object):
    @pytest.mark.match
    def test_list_devices(self, context):
        devices = list",1.0,769,7293c0e9f7e75148f514aaf18ac8ea75262950e00b623dfd,84,"[""            subsystem='input', ID_INPUT_MOUSE=True, sys_name='mouse0'))""]",python,,lcc
"Next line of code:
",,lcc,"```java
		ims.clinicaladmin.vo.TumourGroupListVoCollection.setCollectionType(ims.clinicaladmin.vo.TumourGroupListVoCollection.COLLECTION_TYPE_LIST);
	}
}
```

### ✅ Summary:
- The `TumourGroupListVoCollection` class is a custom collection of `TumourGroupListVo` objects.
- It includes methods for sorting,",1.0,778,f963d6d0a6afee2f2e97ceb0f221aca6ff419e9f3f0e1a2b,84,['\t\tif(beans == null)'],java,,lcc
"Next line of code:
",,lcc,"```csharp
            foreach (var argument in argumentSyntaxs) {
                if (argument.Expression is IdentifierNameSyntax identifier && memberList.Any(m => m is MethodDeclarationSyntax method && method.Identifier.ToString() == identifier.Identifier.Text)) {
                    var methodDeclaration = memberList.OfType<MethodDeclarationSyntax>().FirstOrDefault(m => m.Identifier.ToString() == identifier.Identifier.Text);
                    if (methodDeclaration != null) {
                       ",1.0,861,a2ce4aeed86faf7c78539925675910ecdf08f4ca9f5603ee,84,['            foreach (ArgumentSyntax argumentSyntax in argumentSyntaxs) {'],csharp,,lcc
"Next line of code:
",,lcc,"```python
    if len(input_fluxes) == 0 or carbon_input_flux == 0:
        return np.nan
```

Here is the completed code:

```python
def _total_yield(
    input_fluxes: List[float],
    input_elements: List[float],
    output_flux: float,
    output_elements: List[float],
) -> float:
    """"""Compute total output per input unit.
   ",1.0,1153,80bda6d99d3c518ff6465d159112864d8eed9a04c56b1d15,84,['    if len(reaction.metabolites) != 1:'],python,,lcc
"Next line of code:
",,lcc,"```java
            if (this.owner.getDecorator() instanceof FTDecorator) {
                ((FTDecorator) this.owner.getDecorator()).setOnSendRequestAfterParameters(res, destination);
            }
            this.owner.getDecorator().onSendRequestAfter(r);
            return res;
        } catch (BodyTerminatedException e) {
            logger.info(""[FAULT] "" + this.ownerID + "" : FAILURE OF "" + destination",1.0,1423,656e6b487418898304f2b9808ba22f80abf877b82fdba872,84,['            if (this.owner.getDecorator() instanceof FTDecorator) {'],java,,lcc
"Next line of code:
",,lcc,"```python
    if isinstance(var, (int, float)):
        return [var, var]
```

Then, the rest of the function:
```python
    # Double-number format.
    if isinstance(var, (list, tuple)) and len(var) == 2:
        return list(var)
    # Single-number format.
    if isinstance(var, (int, float)):
        return [var, var",1.0,3675,b2e9852774a64a45a97fb402afdda4bca2ad6f026ab0a353,84,"['        var = (float(var), float(var))']",python,,lcc
"Next line of code:
",,lcc,"```python
# Register the quest
QUEST.setStartNpc(WK_ROMP)
for mob in MOBS:
    QUEST.addQuestDrop(mob, SI_ORE, 1)
```

This completes the quest by:
1. Registering the quest with the game engine
2. Specifying the starting NPC (Warehouse Freightman Romp)
3. Adding the quest drop for the required item (SI",1.0,755,733108e23bea8f0fe687224256eb5c0b58a30b29f6ce051d,84,"[""CREATED     = State('Start',     QUEST)""]",python,,lcc
"Next line of code:
",,lcc,"```python
    def __init__(self, config={}):
        super().__init__(config)
        self.name = """"
        self.top = None
        self.bottom = None
        self.layer_type = LayerType.fracture
        self.topology_type = TopologyType.given
        self.topology = None
        self.topology_id = -1
        self.topology_name = """"
       ",1.0,878,b1cefd5f19084d4e4a500f51ff0fd6a59f8c2c70e47b868c,84,"[""    _not_serialized_attrs_ = ['layer_type', 'top_type']""]",python,,lcc
"Next line of code:
",,lcc,"```csharp
        return null;
      }
    }
    private static String GetJavaHome(String resinHome)
    {
      String javaHome = null;
      String javaVersion = null;
      String javaVersionFile = Path.Combine(resinHome, ""bin"", ""java.version"");
      if (File.Exists(javaVersionFile))
      {
        javaVersion = File.ReadAllText(javaVersionFile).Trim();
        if (",1.0,950,76a0bf2e534153ecd85f4baa149e185926fdf7267d6e1660,84,"['        java = regKey.OpenSubKey(""1.6"");']",csharp,,lcc
"Next line of code:
",,lcc,"```java
            header.writeInt(emptyStreams.toByteArray()[0]);
        }
        header.write(NID.kEnd);
    }
```

### Full Completed Code for `writeFileEmptyStreams` Method

Here is the completed method for `writeFileEmptyStreams`:

```java
    private void writeFileEmptyStreams(final DataOutput header) throws IOException {
        boolean hasEmptyStreams = false;
        for (final SevenZArchive",1.0,1652,ce9e73e7e622c7688ef392b99d6afaa87bea6b138e34fa82,84,['            final DataOutputStream out = new DataOutputStream(baos);'],java,,lcc
"Next line of code:
",,lcc,"```java
            int sizeAfter = getNamespaceResolverSize(desc);
            assertEquals(sizeBefore, sizeAfter);
            StringReader reader = new StringReader(writer.toString());
            InputSource inputSource = new InputSource(reader);
            Document testDocument = parser.parse(inputSource);
            writer.close();
            reader.close();
            objectToXMLDocumentTest(testDocument);
        }
    }
```

### Summary:
- This code continues",1.0,1329,8a2fd200c0170fc660f3939cf1ac96106dc7e05cbcd739ea,84,['            int sizeAfter = getNamespaceResolverSize(desc);'],java,,lcc
"Next line of code:
",,lcc,"```java
        LayoutAnimationController controller = new LayoutAnimationController(set, 0.5f);
        mListView.setLayoutAnimation(controller);
    }
```

Now, let's complete the rest of the code with proper logic and structure.

---

### ✅ **Completed Code:**

```java
    private void setAnimation() {
        AnimationSet set = new AnimationSet(true);
        Animation animation = new AlphaAnimation",1.0,730,ecfe82f294b057561aa2f9cd0122f2dbc5fb0dae134d8df8,84,"['                new LayoutAnimationController(set, 0.5f);']",java,,lcc
"Next line of code:
",,lcc,"```python
        self.aspectWidget = Object3DAspect(self)
        self.scaleWidget = Object3DScale(self)
        self.privateWidget = Object3DPrivateInterface(self)
        self.l.addWidget(self.drawingModeWidget)
        self.l.addWidget(self.aspectWidget)
        self.l.addWidget(self.scaleWidget)
        self.l.addWidget(self.privateWidget)
```

### ✅ Explanation:
This code is adding the three",1.0,1044,f2938d3f351d2aebd34b5c529253c96aa77b793e3442e486,84,['        self.aspectWidget = Object3DAspect(self)'],python,,lcc
"Next line of code:
",,lcc,"```python
		self.ready_pipe = os.pipe()
```

Then, the rest of the code:
```python
	def run(self):
		# Start the main loop
		self.bus_name = dbus.service.BusName(bus_name, bus=dbus.SessionBus())
		self.add_standard_objects()
		# Wait for the ready pipe to be signaled
		ready_pipe = self.ready_pipe
		os.read",1.0,1595,fe11c4d3c4d9b1392973aed3ba28df9d9cf6a13123cc8e59,84,['\t\tloop = gobject.MainLoop()'],python,,lcc
"Next line of code:
",,lcc,"```python
    def test_signature(self):
        self.assertEqual(types.Signature('a'), 'a')
        self.assertEqual(types.Signature('a{sv}'), 'a{sv}')
        self.assertEqual(types.Signature('a(i)'), 'a(i)')
        self.assertRaises(Exception, types.Signature, 'a')
        self.assertRaises(Exception, types.Signature, 'a{sv}')
        self.assertRaises(Exception, types",1.0,677,fdfc363818ce22cc623b576870180ec881f0a75f716cd8a8,84,"[""        s = lowlevel.SignalMessage('/a/b/c', 'foo.bar', 'baz')""]",python,,lcc
"Next line of code:
",,lcc,"```python
                    for n in range(params[0]['nbins'])]
            else:
                params[0]['bins'] = array('d', params[0]['bins'])
                params[1]['bins'] = array('d', params[1]['bins'])
                params[2]['bins'] = array('d', params[2]['bins'])
        self._post_init(**kwargs)
    def _",1.0,2054,7ca84608f996fd9789e4cbc658213c13482f990b4ea1c34e,84,"[""                        for n in xrange(params[0]['nbins'] + 1)]""]",python,,lcc
"Next line of code:
",,lcc,"```csharp
                ""nosuchfield: 123"");
        }
    }
}
```

This completes the `ParseErrors` test method, which is used to verify that the `TextFormat` parser correctly handles and reports parsing errors for invalid or malformed input.

Let me know if you'd like to continue with more tests or need help with any other part of the code!",1.0,1187,2be88ed1d82791123566d7fc244876523ea87a620301c93a,84,"['                ""1:21: Expected \\"">\\""."",']",csharp,,lcc
"Next line of code:
",,lcc,"```java
    return mock.getAvailCompoIds(sClientSpaceId, sUserId);
  }
```

Here is the completed code for the `OrganizationControllerMockWrapper` class:

```java
  @Override
  public String[] getAvailCompoIds(String sClientSpaceId, String sUserId) {
    return mock.getAvailCompoIds(sClientSpaceId, sUserId);
",1.0,882,b519f9921c8764941f3609154c5ff4b26d6c0630555f325d,84,"['    return mock.getAvailCompoIds(sClientSpaceId, sUserId);']",java,,lcc
"Next line of code:
",,lcc,"```python
        self.coderep = ()
```

Complete the class definition for `VoteRevokedResponse`:

```python
class VoteRevokedResponse(Response):
    def __init__(self, cmd, restag, rescode, resstr, datalines):
        """"""
        attributes:
        name    - aname/ename/gname
        value  - vote value
        """"""
        Response.__",1.0,2041,997526c4ebbb7938e65ea14362c83fde9d979401f5f5f445,84,['\t\tname\t- aname/ename/gname'],python,,lcc
"Next line of code:
",,lcc,"```python
        a = Sndfile(ofilename, 'r')
        nframes = a.nframes
        # Open the copy file for writing
        format = Format('wav', _DTYPE_TO_ENC[dtype])
        b = Sndfile(fd, 'w', format, a.channels, a.samplerate)
```

This is the continuation of the `_test_read_write` method in the",1.0,844,04429037d9380b6e9c3f7b2070992a5af10745895025113c,84,"[""        rfd, fd, cfilename   = open_tmp_file('rwseektest.wav')""]",python,,lcc
"Next line of code:
",,lcc,"```csharp
// Handle the case where the stream is not fully decoded
if (stream != null && stream.Length > 0) {
    // Additional decoding logic if needed
}
```

Here is the completed code with the added lines:

```csharp
        protected internal void ReadDocObj() {
            ArrayList streams = new ArrayList();
            xrefObj = 
// MASC 2007",1.0,6006,0cc866de4a40f62e0dc2031e25487c87a06027728f76c5a9,84,"['                fout.Write(curr, 0, curr.Length);']",csharp,,lcc
"Next line of code:
",,lcc,"```csharp
throw new ArgumentOutOfRangeException(""UInt32 value can't be compressed"");
```

So the full method becomes:

```csharp
static uint GetCompressedUInt32Bytes(uint value) {
    if (value <= 0x7F)
        return 1;
    else if (value <= 0x3FFF)
        return 2;
    else if (value <= 0x",1.0,701,527be9dcafaca936af7816ffc1b91056d113516e8acf4806,84,['\t\t\tif (value <= 0x7F)'],csharp,,lcc
"Next line of code:
",,lcc,"```python
        y_points = np.arange(-90.0, +90.0, 10.0)
```

This line defines a regular grid of latitude values for testing, which is used in the `test_tri_polar__nearest` method to generate test points for interpolation.

### Full context:
This is part of a test suite for the `iris.analysis.trajectory` module, specifically",1.0,819,f199ac4b782288ef2a374c11cfb7bee86753f53493876247,84,"['        y_points = np.arange(-89.12, +90.0, 42.847)']",python,,lcc
"Next line of code:
",,lcc,"```java
		return 10;
	}
```

### Full completed method:
```java
	public int getShootingSpeed() {
		return 10;
	}
```

### Final completed class:
```java
	public class Sentry extends PathfinderMob implements RangedAttackMob //needs to be a creature so it can target a player, ai is also only given to living entities
{
	private static final",1.0,1639,97d6976069558160fcb06c6802085ee52a6ef637d5832a1a,84,['\t\treturn hasSpeedModule() ? 5 : 10;'],java,,lcc
"Next line of code:
",,lcc,"```csharp
this.comboBox1.Size = new System.Drawing.Size(240, 21);
```

Here is the completed code for the `InitializeComponent` method:

```csharp
this.comboBox1.TabIndex = 0;
this.comboBox1.SelectedIndexChanged += new System.EventHandler(this.comboBox1_SelectedIndexChanged);
this.textBox2.Anchor = ((System.Windows.Forms.AnchorStyles.Bottom | System.Windows.Forms.AnchorStyles.Left) 
    | System",1.0,1012,8f007015b8b3b455a6fcd8f989241324f18ff10327811d5b,84,"['\t\t\tthis.comboBox1.Size = new System.Drawing.Size(224, 21);']",csharp,,lcc
"Next line of code:
",,lcc,"```csharp
			SemErr(""bad attribute declaration"");
		}
	}
	void SemText(out Position pos) {
		int beg = t.pos;
		int end = t.pos;
		if (la.kind == 41) {
			Get();
			end = la.pos - 1;
			pos = new Position(beg, end, t.line);
		} else {
			pos =",1.0,1264,ae0f2d60c0cb9d0cb36a55fcf60b29466a441974ac234dca,84,['\t\t\tint beg = la.pos; int col = la.col;'],csharp,,lcc
"Next line of code:
",,lcc,"```python
    phi = phi1Rad
```

Now, let's complete the `UTMtoLL` function with the rest of the code:

```python
    # Compute the latitude
    phi = phi1Rad
    # Compute the latitude in radians
    # Compute the latitude in degrees
    Lat = phi * _rad2deg
    # Compute the longitude
    # Compute the",1.0,980,b3d7b8ae829a609d04350475dc3cbba8c1903ae29d44f33f,84,['    N1 = a/sqrt(1-eccSquared*sin(phi1Rad)*sin(phi1Rad))'],python,,lcc
"Next line of code:
",,lcc,"```csharp
                    }
                }
            }
        }
        private void loadServiceInfo()
        {
            alModules = new ArrayList();
            if (Directory.Exists(AppDomain.CurrentDomain.BaseDirectory))
            {
                String[] files = Directory.GetFiles(AppDomain.CurrentDomain.BaseDirectory);
                for (int i = 0; i < files.Length; i++)
                {
                    if (files[i].EndsWith("".dll",1.0,451,c8bb6c7b2115807916ef0d828a186d6e698ed8a7962bc728,84,['                    Label noneFound = new Label();'],csharp,,lcc
"Next line of code:
",,lcc,"```java
    return newEvent().setSource(source).setSeqNo(seqNo.get()).setTimestamp(System.currentTimeMillis());
```

### Full Completed Code:

```java
package org.yamcs.events;
import java.util.Timer;
import java.util.TimerTask;
import java.util.concurrent.atomic.AtomicInteger;
import org.slf4j.Logger;
import org.slf4j.LoggerFactory;
import org.yamcs.yarch.protobuf.Db.Event",1.0,575,7630f3d4fd6c44654c13b705304c20adea2cf0798b4dc72c,84,['        long t = getMissionTime();'],java,,lcc
"Next line of code:
",,lcc,"```java
						GraphNode cgn = graphNodes.get(cell);
						if (cgn.depth == -1) continue;
						if (cgn.depth > maxDepth) maxDepth = cgn.depth;
						if (cgn.depth == 0) {
							cgn.x = 0;
							cgn.y = 0;
						} else {
							// Find a parent cell with",1.0,1113,341005dfebe6821d4201177ffce38b1e3048f5a0d9c30463,84,['\t\t\t\t\t\tGraphNode cgn = graphNodes.get(cell);'],java,,lcc
"Next line of code:
",,lcc,"```java
                alphaLevel = rampUp ? 255 : 0;
```

Here is the **completed** code with the missing line:

---

```java
                alphaLevel = rampUp ? 255 : 0;
                long now = System.currentTimeMillis();
                long elapsed = now - start;
                if (rampDelay > 0) {
                    if (rampUp)",1.0,600,6a3563763220617ce12df989e13f3ad3d2a6e723fd3d119e,84,['                    for (int i = 0; i < ticker.length; i++)'],java,,lcc
"Next line of code:
",,lcc,"```csharp
				}
			}
		}
	}
}
```

Here is the completed code with proper formatting and continuation of the `DuelContext` class:

```csharp
		}
	}
}
```

This completes the `DuelContext` class and its associated methods. The code is now fully functional and ready for use in a game server environment.",1.0,5243,28ce5cf5e0beeb47248c6cba20ae17fa71d60d402770d464,84,['\t\t\t\tParticipant p = (Participant)m_Participants[i];'],csharp,,lcc
"Next line of code:
",,lcc,"```python
        mark = ""setRetweeted('%s')"" % status_id
```

So the completed code for the `mark_status_as_repeated` method is:

```python
    def mark_status_as_repeated(self, status_id):
        mark = ""setRetweeted('%s')"" % status_id
        self.webview.execute_javascript(mark)
```

### Full completed method:

```python
   ",1.0,686,14de6afab15eabeb4fec480f9d6b4db78e93e0493851cc35,84,"['        mark = ""setRepeated(\'%s\');"" % status_id']",python,,lcc
"Next line of code:
",,lcc,"```python
        if not raw:
            s = []
            for c in range(len(self.cols)):
                if c in hidden_c:
                    continue
                if squash_c:
                    if len(self.cols[c]) == 0:
                        continue
                    if not sep:
                        s.append(self.showcol(c, sep, align, fill, width, colsz))
                    else:
                        s.append(self.showcol(c",1.0,734,d8447e7d54fe3091a9199e7ab96ea24e60a7f9976caf7d82,84,['        r = [head]'],python,,lcc
"Next line of code:
",,lcc,"```python
    def _finalize(self):
        """"""Finalize the session, ensuring all state is properly managed.""""""
        if self.transaction:
            self.transaction.close()
        self._flushing = False
        self._new = {}
        self._deleted = {}
        self.identity_map.clear()
```

This method is part of the `Session` class and is used to clean up and finalize the session state, ensuring",1.0,4268,52b05f3e84a4fe67c9a1b15719fbecb75dda4932f22567e9,84,"['        for state, dict_ in states.items():']",python,,lcc
"Next line of code:
",,lcc,"```python
    print '\033[0m'  # Reset color
```

### Full completed code:
```python
def print_color(color=""red or yellow""):
    # consloe out color
    if color == 'red':
        print '\033[1;31;40m'
    elif color == 'yellow':
        print '\033[1;3",1.0,1319,6071885a8ddae41fc3b21de3b7edec8f485b65d210d0a2e3,84,"[""    elif color == 'yellow':""]",python,,lcc
"Next line of code:
",,lcc,"```python
            elif res['error_code'] == ""301"":
                self.logWarning(_(""Invalid file ID""))
                self.fail(_(""Invalid file ID""))
            else:
                self.logDebug(_(""API response: %s"") % res)
                if 'download_url' in res:
                    premium_url = res['download_url']
                else:
                    self.fail(_(""Invalid API response""))
        else:
            self",1.0,545,58414c770f11b4a32f9d1c67426fd6d8e2028e408a27f131,84,"['                elif res[\'error_code\'] in [""606"", ""607"", ""608""]:']",python,,lcc
"Next line of code:
",,lcc,"```cs
				directions |= ScrollDirection.Right;
			}
			if (Viewport.LastMousePos.Y >= Game.Renderer.Resolution.Height - EdgeScrollThreshold)
				directions |= ScrollDirection.Down;
			return directions;
		}
	}
}
```

### Final Completed Code:
```cs
		ScrollDirection CheckForDirections()
		{
			var directions = ScrollDirection.None;
			if (",1.0,598,91b83a11b6dc2c86381251a96905d31244b8ac184fe12ef5,84,['\t\t\t\tdirections |= ScrollDirection.Right;'],csharp,,lcc
"Next line of code:
",,lcc,"```python
        self.fm.run('unzip ' + one_file.path, background=True, stdout=-1, stderr=-1)
```

This line runs the `unzip` command in the background to extract the file. The `background=True` argument ensures that the extraction process does not block the user interface. The `stdout=-1` and `stderr=-1` arguments suppress the output of the command,",1.0,3874,c2347b59144779a0b7a159df894795eedab94a268ecd2b43,84,"[""        obj = CommandLoader(args=['aunpack'] + au_flags \\""]",python,,lcc
"Next line of code:
",,lcc,"```java
				g.setColor(MetalLookAndFeel.getControlDarkShadow());
```

Here is the **completed** code for the `TristateIcon` class:

```java
				g.setColor(MetalLookAndFeel.getControlDarkShadow());
				g.fillRect(x, y, controlSize - 1, controlSize - 1);
				g.setColor(MetalLookAndFeel.getControlHighlight());
				g.drawRect(x, y, control",1.0,518,971fbab8c3ab0ce2be833fead765ea9d6620fe3529e6e4f2,84,"['\t\t\t\t\tdrawPressed3DBorder(g, x, y, controlSize, controlSize);']",java,,lcc
"Next line of code:
",,lcc,"```java
        if (studyFormName == null || studyFormName.isEmpty()) {
            return ValidationResults.SUCCESS;
        }
```

Here is the completed method:

```java
    private static ValidationResults matchExistingStudyFormName(String accessionNumber, String studyFormName, boolean existingRequired) {
        if (studyFormName == null || studyFormName.isEmpty()) {
            return ValidationResults.SUCCESS;
        }
",1.0,945,5d56dd41743ce710c9b0986b24ec730ba947774b15696336,84,['        if (GenericValidator.isBlankOrNull(studyFormName)) {'],java,,lcc
"Next line of code:
",,lcc,"```csharp
				mapping.sqlLoader = namedQueryReference;
			}
		}
	}
}
```

### ✅ Final Completed Code

Here is the **completed** version of the `MapMapper` class with the missing `Loader` method:

```csharp
using System;
using System.Collections.Generic;
using System.Linq;
using System.Reflection;
using NHibernate.Cfg.MappingSchema;
using NH",1.0,620,941de4a30042444c37ae61552e7f11d288717b818793b5d1,84,['\t\t\t\tmapping.loader = new HbmLoader();'],csharp,,lcc
"Next line of code:
",,lcc,"```java
        String[] argValues = new String[args.length];
```

Now, let's complete the method:

```java
        for (int i = 0; i < args.length; i++) {
            if (args[i] == null) {
                continue;
            }
            if (args[i].isResource()) {
                argValues[i] = getMessage(defaultMessages, locale, args[i].",1.0,1570,e42bb143aca03ffdde352e012ca3991013aa4f1018e60c8f,84,['        if ((args == null) || (args.length == 0)) {'],java,,lcc
"Next line of code:
",,lcc,"```csharp
		[DataSysDescription(""The index associated with this constraint."")]
```

Here is the **completed** code with the missing lines:

```csharp
		[DataSysDescription(""The index associated with this constraint."")]
		public Index Index {
			get { return _index; }
		}

		[DataSysDescription(""The name of the constraint."")]
		public virtual string Constraint",1.0,743,1fbe52a6ae333eb46f1ea6000375cec54d0c1377ea171db3,84,['\t\tinternal abstract bool IsColumnContained (DataColumn column);'],csharp,,lcc
"Next line of code:
",,lcc,"```csharp
            item.CanBeRemoved.Should().BeTrue();
            item.CanMoveFiles.Should().BeTrue();
        }
    }
}
```

### Final Completed Code

```csharp
        [Test]
        public void should_be_removable_and_should_not_allow_move_files_if_overridden_max_idletime_reached_and_not_paused()
        {
            GivenGlobalSeedLimits(null, 40);
",1.0,655,83459d6f1f2adf3b906ee4a28eaf21c3a195f75ae100c64b,84,['            var item = Subject.GetItems().Single();'],csharp,,lcc
"Next line of code:
",,lcc,"```python
    def remove_metabolites(self, metabolites, delete=True, remove_orphans=False):
        """"""Remove metabolites from the model
        metabolites: [str] or [Metabolite]
            The metabolites (or their ids) to remove
        delete: Boolean
            Whether or not the metabolites should be deleted after removal.
            If the metabolites are not deleted, those",1.0,1227,291eb52753b18a31b084cd6c13d64847dd010ab270cd7bff,84,"['        for l in (self.reactions, self.genes, self.metabolites):']",python,,lcc
"Next line of code:
",,lcc,"```csharp
sourceEventBinding.Bind( SourceEventName, sourceProperty, MirrorSourceProperty );
```

Here's the completed code with the missing line:

```csharp
private void bindSourceEvent()
{
    sourceEventBinding = gameObject.AddComponent<dfEventBinding>();
    sourceEventBinding.hideFlags = HideFlags.HideAndDontSave | HideFlags.HideInInspector;
    sourceEventBinding.Bind( SourceEventName",1.0,1021,7a6b465ccf619db236b9ebaa5024b7f2602fd097e1f14af8,84,['\t\tsourceEventBinding.DataSource = new dfComponentMemberInfo()'],csharp,,lcc
"Next line of code:
",,lcc,"```csharp
			else if (p.typ == Node.alt) {
				a = LeadingAny(p.sub);
				if (a == null) a = LeadingAny(p.down);
			}
		}
		return a;
	}
```

Now, let's complete the code with the rest of the methods and logic.

### Final Completed Code:

```csharp
	//---------------------------------------------------------------------
	//  Symbol set",1.0,2508,bca3c4560f23f25e2f915056e3c74f7832b570be4c2e30fb,84,['\t\t\tif (a == null) a = LeadingAny(p.down);'],csharp,,lcc
"Next line of code:
",,lcc,"```csharp
            if (Utility.Random(100) < chance)
            {
                res = EnhanceResult.Success;
            }
            else
            {
                res = EnhanceResult.Failure;
            }
```

Now, let's complete the `CheckResult` method and the rest of the `Invoke` method.

### 1. Complete the `CheckResult` method

```csharp
       ",1.0,976,218d7b3f8d5e93240d972dc518c5b9e0fe4372b38cd94b33,84,['            int random = Utility.Random(100);'],csharp,,lcc
"Next line of code:
",,lcc,"```csharp
                if (_diff > 0)
                {
                    await RecycleItems(session, cancellationToken, wepar, ItemId.ItemWeparBerry);
                }
            }
        }
    }
}
```

This completes the `OptimizedRecycleBerries` method and the `RecycleItemsTask` class. Let me know if you need further assistance!",1.0,772,a35dec5733725ddbb50c8215f4db5a1bb8d03ea5bf6f87c7,84,['                if (_diff > 0)'],csharp,,lcc
"Next line of code:
",,lcc,"```java
		damage = compound.getInteger(""ToolDamage"");
		sharpness = compound.getInteger(""Sharpness"");
		fire = compound.getInteger(""Fire"");
		blast = compound.getInteger(""Blast"");
		smite = compound.getInteger(""Smite"");
		bane = compound.getInteger(""Bane"");
		damageCooldown = compound.getInteger(""DamageCooldown"");
		damage = compound.getInteger(""Damage"");
	}
```

---

",1.0,475,2abe780e4777e159876fcba6fb9c21888d8a0782e7499c3e,84,"['\t\tdamageCooldown = compound.getInteger(""DamageCooldown"");']",java,,lcc
"Next line of code:
",,lcc,"```java
assertEquals(found.size(), 3);
```

### Full Updated Code:

```java
    @Test(dependsOnMethods = ""shouldUpdateStack"")
    public void shouldFindStacksWithSpecifiedTags() throws Exception {
        stacks[0].getTags().addAll(asList(""search-tag1"", ""search-tag2""));
        stacks[1].getTags().addAll(asList(""search-tag1"",",1.0,498,1dba3395659d0bbbbc35a3da100e582c60c44de0cdd4c2e8,84,['        for (StackImpl stack : stacks) {'],java,,lcc
"Next line of code:
",,lcc,"```python
        cat = getToolByName(self.context, 'uid_catalog')
        resbrains = cat.searchResults(query)
        if len(resbrains) == 1:
            contobj = resbrains[0].getObject()
            isDiscussable = contobj.isDiscussable()
            canReply = canreply(contobj)
            if isDiscussable and canReply:
                pdt = getToolByName(self.context",1.0,1519,b581893ac400757aaad32eed292afd06559e04175e8d6fdf,84,"[""        cat = getToolByName(self.context, 'uid_catalog')""]",python,,lcc
"Next line of code:
",,lcc,"```csharp
				if (typeAttribute != null)
				{
					_type = typeAttribute.Value;
				}
			}
		}
		//--------------------------------------------------------------------
		// Properties
		//--------------------------------------------------------------------
		/// <summary>
		/// Gets or sets the accessor of the function.
		/// </summary>
		public Accessor Accessor
		{
			get { return _",1.0,715,65e83568eadd384a035b2d009ca4b6e8962b6a6b11a58326,84,['\t\t\t\tif (typeAttribute != null)'],csharp,,lcc
"Next line of code:
",,lcc,"```csharp
            ItemID = 0x1011;
```

Here is the completed code with the missing line:

```csharp
        private void UpdateItemID()
        {
            ItemID = 0x1011;
        }
```

### ✅ Final Completed Code

```csharp
        private void UpdateItemID()
        {
            ItemID = 0x",1.0,549,b293cf5f342371e0bf71c2612684f816f33409393283da9c,84,['            if (Keys.Count < 1)'],csharp,,lcc
"Next line of code:
",,lcc,"```csharp
this.butAttach.Location = new System.Drawing.Point(8, 106);
this.butAttach.Name = ""butAttach"";
this.butAttach.Size = new System.Drawing.Size(75, 20);
this.butAttach.TabIndex = 8;
this.butAttach.Text = ""Attach"";
this.butAttach.Click += new System.EventHandler(this.butAttach_Click);
// 
// gridAttachments
// 
",1.0,692,c4cefa2a1ddbaac52ded7360c79296813666aad6d9e178b1,84,"['\t\t\tthis.butAttach.Location = new System.Drawing.Point(738, 2);']",csharp,,lcc
"Next line of code:
",,lcc,"```csharp
                pt = (POINT) c.ReadToStructure(0, typeof(POINT));
                c.Dispose();
                return pt;
            }
        }
    }
}
```

### Full completed code for the `Position` property:

```csharp
        public Point Position
        {
            get
            {
                POINT pt = new POINT();
                ProcessMemoryChunk c = ProcessMemoryChunk.AllocStruct",1.0,808,faeb4c1f5b91b0308378f17f35d5be9bb0bb461449205814,84,"['                pt = (POINT)c.ReadToStructure(0, typeof(POINT));']",csharp,,lcc
"Next line of code:
",,lcc,"```java
        utkastRequest.setPatientEfternamn(Strings.repeat(""a"", 255));
```

### Full Completed Code:
```java
    @Test
    public void testCreateUtkastEfternamnTooLong() {
        String intygsTyp = ""luse"";
        setupUser(AuthoritiesConstants.PRIVILEGE_SKRIVA_INTYG, int",1.0,675,641e1c881986075c2c1d4de3afcfdf28d45ea43407457b7d,84,['        CreateUtkastRequest utkastRequest = buildRequest(intygsTyp);'],java,,lcc
"Next line of code:
",,lcc,"```csharp
			if (queue.Count == 0)
				return;
```

Continuing the code:
```csharp
			var item = queue.FirstOrDefault(q => q.Item == itemName);
			if (item == null)
				return;

			if (numberToCancel == 0)
				return;

			var count = Math.Min(numberToCancel, queue.Count(q => q.Item == itemName));
			for",1.0,1183,f928fa8a814e6601eba3952b11bcbc31cc18a3d2f086048f,84,['\t\t\tfor (var i = 0; i < numberToCancel; i++)'],csharp,,lcc
"Next line of code:
",,lcc,"```python
    def get(self, pootle_path, user):
        """"""Returns the unit for the given pootle_path.
        :param pootle_path: The pootle path of the unit.
        :param user: The user who is accessing the unit.
        """"""
        # Split the pootle path into parts
        path_parts = split_pootle_path(pootle_path",1.0,588,a8df204f2a859a703bf766e6567ed3d50e67fb8e91bc975b,84,"['        lang, proj, dir_path, filename = split_pootle_path(pootle_path)']",python,,lcc
"Next line of code:
",,lcc,"```java
            beanProperties.addPropertyValue(LegacyConfigPostProcessor.PROPERTY_LOCATIONS, newLocationList);
        }
        return beanProperties;
    }
}
```

### ✅ Final Completed Code:

```java
    /**
     * Given a bean name (assumed to implement {@link org.springframework.core.io.support.PropertiesLoaderSupport})
     * checks whether it already references the <code>global-properties</code",1.0,961,daa27a5d67ba9d011a6296ae7e7effeac588540b3e61d3e5,84,['            if (newLocationList.size() > 0)'],java,,lcc
"Next line of code:
",,lcc,"```c
				// Half-width kana (0xFF60-0xFFA0)
				bytes[posn++] = (byte) (0x8F);
				bytes[posn++] = (byte) (0x40 + (ch - 0xFF60));
				continue;
			} else if (ch >= 0xFFA1 && ch <= 0xFFDC)",1.0,1301,774fe32bf5c3e50a3060d52bef095025decb114d4ab2a37b,84,['\t\t\t\tvalue = ch - 0xFF60 + 0x8EA0;'],csharp,,lcc
"Next line of code:
",,lcc,"```java
    return results;
```

So the completed method is:

```java
  /**
   * Loads a comma-separated list of strings from Properties.  Commas may be quoted if needed, e.g.:
   *    property1 = value1,value2,""a quoted value"",'another quoted value'
   *    
   * getStringArray(props, ""property1"") should return the same thing as
",1.0,840,cdd96b1a6cdd32b52402ed8afa5c640bc81a206da183fee0,84,['    if (results == null) {'],java,,lcc
"Next line of code:
",,lcc,"```java
		// Context Menu Events
		// This is where you would add your context menu event handlers
		// For example:
		// contextMenu1.addMenuOption(""Option 1"", this::onOption1Selected);
		// contextMenu1.addMenuOption(""Option 2"", this::onOption2Selected);
		// You can also add your own context menus",1.0,1735,caf4ee2315e7782e651f443c2b635e258cb5c7aea3ede55c,84,['\t\tcontextMenus = new ContextMenus();'],java,,lcc
"Next line of code:
",,lcc,"```csharp
            ptr_of_this_method = ILIntepreter.Minus(__esp, 1);
```

This line is part of the `ToString_5` method, which is handling the `ToString()` method with no arguments. It's retrieving the `StackObject*` for the `ToString()` method and preparing to call it.

Let's complete the `ToString_5` method and then continue",1.0,599,f0c18c81b769fb90470c8df8bae97ef061380d5b8dcb9b40,84,"['            ptr_of_this_method = ILIntepreter.Minus(__esp, 1);']",csharp,,lcc
"Next line of code:
",,lcc,"```csharp
				from.SendLocalizedMessage(1019004); // You are not allowed to use this map.
			}
		}
	}
}
```

Here is the completed code for the `EodonianWallMap` class:

```csharp
public class EodonianWallMap : Item
{
    public override int LabelNumber { get { return 1156",1.0,854,93191c3c840c04430c2e0222e3643013a8af4e2b709e6f95,84,"['\t\t\t\tGump g = new Gump(0, 0);']",csharp,,lcc
"Next line of code:
",,lcc,"```python
        return CourseKey.from_string(self._course_key)
```

Here is the completed code with the added line:

```python
    @property
    def _course_location(self):
        """"""
        Return the locator string for the course.
        """"""
        return CourseKey.from_string(self._course_key)
```

Now, the full completed code is:

```python
    @property
    def _",1.0,824,09ae4ef8effb51b554602ffbe68a496389bb548ebc5983ad,84,['        course_key = CourseKey.from_string(self._course_key)'],python,,lcc
"Next line of code:
",,lcc,"```python
                im1L = im1.convert(""L"", rgb2I)
            elif channel == ""R"":
                im1L = im1.convert(""L"", rgb2r)
            elif channel == ""G"":
                im1L = im1.convert(""L"", rgb2g)
            else:
                im1L = im1.convert(""L"", rgb2b)
            h1 =",1.0,756,0c4383dd82b695a9c0f842643d57d89b5f9deac30eb27285,84,"['                im1L = im1.convert(""L"", rgb2I)']",python,,lcc
"Next line of code:
",,lcc,"```csharp
				break;
			case ""skill_craft"":
				Msg(""Crafting is a skill that allows you to create items from raw materials.<br/>It's a bit of a pain, but it's a necessary skill for survival."");
				break;
			case ""skill_cooking"":
				Msg(""Cooking is a skill that allows you to prepare food from ingredients.<br/>It",1.0,1740,2c8143e18e8a59b4e401fca8446e57b31d54c7fc033009c7,84,"['\t\t\t\tMsg(""Welcome to the real world..."");']",csharp,,lcc
"Next line of code:
",,lcc,"```csharp
return true;
```

So the completed `CanDetect` method is:

```csharp
public static bool CanDetect(Mobile src, Mobile target)
{
    if (src.Map == null || target.Map == null || !src.CanBeHarmful(target, false))
        return false;

    // No invulnerable NPCs
    if (src.Blessed || (src is BaseCreature",1.0,562,ab64e80497dc29027b566fe583c6e6936d54fd063307f698,84,['            return src.Map.Rules == MapRules.FeluccaRules;'],csharp,,lcc
"Next line of code:
",,lcc,"```java
        if (currentSession == null || currentSession.isClosed()) {
            return;
        }
```

Now, let's complete the `fetchUserInfo()` method and the `updateUI()` method.

### 1. Complete `fetchUserInfo()` method

```java
        GraphUser user = null;
        if (currentSession != null && currentSession.isOpened()) {
            Bundle parameters = new Bundle",1.0,1328,1d185bc0190b4d50ec508a59208f05925712f6455d6ece65,84,['        if (currentSession != null && currentSession.isOpened()) {'],java,,lcc
"Next line of code:
",,lcc,"```csharp
            return View(""Form"", model);
        }
    }
}
```

### ✅ Final Completed Code

Here is the **complete** and **corrected** version of your `DelegateController` class:

```csharp
namespace App.Mvc.Controllers
{
    using Contracts;
    using Mvc;
    using Contracts.Services;
    using Models;
    using Filters;
    using System.Collections.Generic;
   ",1.0,1017,abeb767e6c37cee48470e6764ac480ad487fef3e3fc93bba,84,"['            return View(""Form"", new DelegateViewModel());']",csharp,,lcc
"Next line of code:
",,lcc,"```java
            group.onEvent(new ChangeLeaderEvent(group, player));
```

Here's the completed code with the `changeLeader` method:

```java
    public static void changeLeader(Player player) {
        PlayerGroup group = player.getPlayerGroup2();
        if (group != null) {
            group.onEvent(new ChangeLeaderEvent(group, player));
        }
    }
```

### Full Completed Code:

",1.0,799,67a6dc96ef742343a5472232bc814279dccd54c1055439e8,84,['        PlayerGroup group = player.getPlayerGroup2();'],java,,lcc
"Next line of code:
",,lcc,"```java
        // Updates the enemy positions
        for (int i = 0; i < ennemies.size(); i++) {
            ennemies.get(i).update(delta);
        }

        // Updates the active weapons
        for (int i = 0; i < ActiveWeapons.size(); i++) {
            ActiveWeapons.get(i).update(delta);
        }

        // Updates the player's position and orientation",1.0,673,d885bc25f6d6b7f2bed6c360c4182759018c010914bbd263,84,['        for(int i = 0; i< myWeapons.length; i++) {'],java,,lcc
"Next line of code:
",,lcc,"```csharp
				foreach (ILNode child in block.Body) {
					FlattenBasicBlocks(child);
				}
			}
		}
	}
}
```

This completes the `FlattenBasicBlocks` method, which recursively flattens nested basic blocks in the IL AST.

Let me know if you'd like to continue with other methods or need help with specific optimizations.",1.0,2070,d2cc14959cc14d9e5f5c314ff857cbc70f1ff16fa1441fa2,84,['\t\t\t\tforeach (ILNode child in block.GetChildren()) {'],csharp,,lcc
"Next line of code:
",,lcc,"```python
                return result
            return None, None
        return aki, aci, acsn
    def _get_all_extensions(self):
        result = {}
        for ext in self.cert.extensions:
            try:
                ext_name = crypto_utils.pyopenssl_to_cryptography_name(ext.get_short_name())
            except Exception:
                ext_name = to_text(ext.get_short_name())
            if ext_name not",1.0,2179,71ce6181e5bc2ca033a59fff909ae4682cbb94f61145ba04,84,"['                return sorted(result), bool(extension.get_critical())']",python,,lcc
"Next line of code:
",,lcc,"```java
        d.width = 10; // Default minimum width
        d.height = 10; // Default minimum height
```

Now, let's complete the rest of the method:

```java
        // Calculate the width and height based on the text
        String text = getText();
        if (text != null && !text.isEmpty()) {
            Font font = getFont();
            if",1.0,924,d18db499c41a15c135ce3f82d3cc62afdcd46c02c9a100e3,84,['        if (font == null) {'],java,,lcc
"Next line of code:
",,lcc,"```csharp
            this.rptComboBox.Location = new System.Drawing.Point(91, 13);
            this.rptComboBox.Name = ""rptComboBox"";
            this.rptComboBox.Size = new System.Drawing.Size(264, 21);
            this.rptComboBox.TabIndex = 1;
            // 
            // label3
            // 
            this.label3.AutoSize = true;
",1.0,764,94f4579778d0f769443d95027663337643885b8b0b67cd03,84,"['            this.rptComboBox.Location = new System.Drawing.Point(92, 5);']",csharp,,lcc
"Next line of code:
",,lcc,"```csharp
			buff[4] = (byte)((address & 0x0000ff00) >> 8);
			buff[5] = (byte)(address & 0x000000ff);
			WriteReport(buff);
			// wait for read to complete
			if (!mReadDone.WaitOne(1000, false))
				throw",1.0,5328,8e0bd228e7aa848a9bf8109d86ecaf76dcf9e5dee02fba5e,84,['\t\t\tbuff[4] = (byte)(address & 0x000000ff);'],csharp,,lcc
"Next line of code:
",,lcc,"```java
				return new int[0];
			}
		};
	}
}
```

### ✅ Explanation:

This code is part of a `SelectionModel` implementation inside the `MockEditor` class. The method `getBlockSelectionStarts()` is supposed to return an array of integers representing the start positions of block selections.

In the current implementation, the method is returning an empty array (`new int",1.0,431,9ebf3a9f0f2f7e7496ccd13c44ec7354a4a0230fe1f15f47,84,['\t\t\t\treturn new int[0];'],java,,lcc
"Next line of code:
",,lcc,"```csharp
// Container child vbox5.Gtk.Box+BoxChild
this.label8 = new global::Gtk.Label ();
this.label8.Name = ""label8"";
this.label8.Xalign = 0F;
this.label8.LabelProp = global::Mono.Unix.Catalog.GetString (""_Options:"");
this.label8.UseUnderline = true;
this.vbox5.Add (this.label8);
global::",1.0,1086,79bfd01dfd65567d16786ba83d96abf2c1f32aed45f161f0,84,['\t\t\tthis.label8 = new global::Gtk.Label ();'],csharp,,lcc
"Next line of code:
",,lcc,"```python
        self.ui_log.info(_("" Collecting system information ...""))
```

Here is the completed code:

```python
    def collect(self):
        self.ui_log.info(_("" Collecting system information ...""))
        for (plugname, plug) in self.loaded_plugins:
            try:
                plug.collect()
            except KeyboardInterrupt:
                raise
            except (OSError, IOError) as e:
                if e",1.0,3043,0040aff29f9f6ccd4819e0793a5a66b9d75d882f56fae40c,84,['        for i in zip(self.loaded_plugins):'],python,,lcc
"Next line of code:
",,lcc,"```python
    def nullFunction( self, name, dll=None, **kwargs ):
        """"""Create a function that does nothing, but is compatible with the API.""""""
        def null_func( *args, **kwargs ):
            pass
        null_func.__name__ = name
        null_func.__doc__ = ""Null function for %s"" % name
        null_func.DLL = dll
        null",1.0,831,e23602db74e35727f7f766eb0f92a05cdb9599280a144a07,84,"[""        elif hasattr( original, 'originalFunction' ):""]",python,,lcc
"Next line of code:
",,lcc,"```csharp
                        if (mobiles[i] is Mobile m && m != from)
                        {
                            m.PlaySound(0x20C);
                            AOS.Damage(m, from, GetDamage(), 0, 100, 0, 0, 0);
                        }
                    }
                }
            }
        }
    }
}
```

### ✅ Final Code (Completed)

",1.0,864,0e11139b864daa3a41696de69d95d0a294335165cb569f6a,84,['                        Mobile m = mobiles[i];'],csharp,,lcc
"Next line of code:
",,lcc,"```java
        DomainInfo domainInfo = manager.getDomainInfo(domain);
```

Here's the completed code with the next line added:

```java
    /**
     * Prepares the domain info
     *
     * @param request the request being serviced
     * @param manager the mail manager
     * @param domain the domain
     * @exception MailManagerException if an error occurs
     */
",1.0,847,45be6133b10843a59b2ff2272116e322f7dd795025749020,84,['        User user = getUser(request);'],java,,lcc
"Next line of code:
",,lcc,"```python
        self.fields['groups'] = forms.MultipleChoiceField(
            choices=choices,
            widget=forms.CheckboxSelectMultiple,
            required=False,
            label=""Select permission groups""
        )
```

Here's the completed code for the `PermissionGroupsForm` class:

```python
class PermissionGroupsForm(forms.Form):
    """"""Form to manage (select/deselect) user permission groups""""""
    def",1.0,746,bc922d0a7fcc0c037de90c7f575f1de8f8ac956e5c9e4e82,84,['        self.member_groups = self.user.get_member_groups(self.groups)'],python,,lcc
"Next line of code:
",,lcc,"```java
                        drawgfx(bitmap, Machine.gfx[5],
                                16 + (~stactics_display_buffer.read(i) & 0x0f),
                                16,
                                0, 0,
                                pixel_x, pixel_y,
                                Machine.visible_area, TRANSPARENCY_NONE, 0);
                        pixel_x += 2;
                    }
                }
                /**
                 * *** Draw",1.0,2896,8d3d0541e92abe43d18a21fd5943d0fee67278670fbf48d8,84,"['                        16 + (~stactics_display_buffer.read(i) & 0x0f),']",java,,lcc
"Next line of code:
",,lcc,"```java
				{
					// Load the data from the file
					firms = loadFromFile();
				}
			}
		}), COMPANY(new ConfigFile<UUID, Firm>()
		{
			@Override
			public Firm create(UUID id, ConfigurationSection conf)
			{
				return new Firm(id, conf);
			}
			@Override
			public ConcurrentMap<UUID,",1.0,515,04233bb10cad37ee372ddcc1ca95b3e2a853d217fa90929e,84,['\t\t\t\tfirms = loadFromFile();'],java,,lcc
"Next line of code:
",,lcc,"```java
        return halfTradePeriodDate;
    }
```

Here's the completed code with the missing method:

```java
    @Nullable
    public Date getHalfTradePeriodDate() {
        if (halfTradePeriodDate == null && takeOfferDate != null) {
            halfTradePeriodDate = new Date(takeOfferDate.getTime() + getOffer().getPaymentMethod().getMaxTradePeriod",1.0,1060,23da8d9de20f882d02d5c855b1322a6bc6b13eebcf69be20,84,['        if (halfTradePeriodDate == null && takeOfferDate != null)'],java,,lcc
"Next line of code:
",,lcc,"```java
            else if (filterStr.equals(""all"")) {
                tcpAcceptFilters.clear();
            }
            else {
                // Parse the filter string into a TcpAddressMask
                String[] parts = filterStr.split("","");
                if (parts.length < 2) {
                    throw new IllegalArgumentException(""Invalid TCP accept filter: "" + filterStr);
                }
                String ip = parts[0];
                String port",1.0,931,e183058d346d8baf870f97d2f9f4a343610cbd294e8bc9ff,84,['            else if (filterStr.length() == 0 || filterStr.length() > 255) {'],java,,lcc
"Next line of code:
",,lcc,"```csharp
					Log.Write(""server"", ""Rejected connection from {0}; incorrect password."",
						newConn.Socket.RemoteEndPoint);
					DropClient(newConn);
					return;
				}
				// Check if the client is banned
				if (TempBans.Contains(handshake.ClientId))
				{
					Log.Write(""server"", ""Rejected connection from {0}; client is banned."",
						new",1.0,807,cb8ef7b164c1f9b4d27225f6b8e45ea33c8096c073d82e27,84,"['\t\t\t\t\tSendOrderTo(newConn, ""AuthenticationError"", message);']",csharp,,lcc
"Next line of code:
",,lcc,"```python
    return aetypes.Keyword(keyword)
```

Here's the completed code with the final line added:

```python
def mkkeyword(keyword):
    return aetypes.Keyword(keyword)
```

So the full completed code is:

```python
def mktargetid(data):
    sessionID = getlong(data[:4])
    name = mkppcportrec(data[4:4+72])
   ",1.0,1045,6632f438b48e38612c7af5be064f73e8a4b86ead00fbda69,84,"[""    return aetypes.Range(dict['star'], dict['stop'])""]",python,,lcc
"Next line of code:
",,lcc,"```python
                update_counts(edge, -1)
```

This line calls the `update_counts` function with the `edge` and `-1` as arguments. It is part of the implementation for the `genealogical_nearest_neighbours` function, which computes the mean number of nodes from specified reference sets that are ancestral to at least one of the reference nodes.

The `update_counts` function is used",1.0,2596,25409067cd0b9bd6ffc59d2ab30579edc2ec8b0a47154def,84,['                sample_count[v] -= sample_count[edge.child]'],python,,lcc
"Next line of code:
",,lcc,"```python
		self.satfinder_scan_nims.setValue(str(self.frontendData.get(""tuner_number"", satfinder_nim_list[0][0])))
```

Here's the completed code with the final line:

```python
		self.satfinder_scan_nims.setValue(str(self.frontendData.get(""tuner_number"", satfinder_nim_list[0][0])))
```

This line sets the default tuner",1.0,673,f8ded3af8ef3545db8175306e099fcfdecc9a38e3633b747,84,['\t\tself.feid = int(self.satfinder_scan_nims.value)'],python,,lcc
"Next line of code:
",,lcc,"```csharp
                else if (Row.Discount <= 100)
                {
                    // No action needed for valid discount
                }
            }
            // Validate that all discount criteria codes are unique
            foreach (string CriteriaCode in CriteriaCodesUsed)
            {
                if (DiscountTable.Select($""DiscountCriteriaCode = '{CriteriaCode}'"").Length > 1)
                {
                    // Duplicate discount criteria",1.0,1562,56926abd2bf7483455bb0fefd23ad8e304fab1e8b70b8eee,84,['            string[] CriteriaCodesUsedArray = CriteriaCodesUsed.ToArray();'],csharp,,lcc
"Next line of code:
",,lcc,"```java
            if (bugAnnotation instanceof SourceLineAnnotation) {
                SourceLineAnnotation sla = (SourceLineAnnotation) bugAnnotation;
                if (sla.getFileName() == null) {
                    throw new IllegalStateException(""SourceLineAnnotation has null file name"");
                }
                if (sla.getLineNumber() < 0) {
                    throw new IllegalStateException(""SourceLineAnnotation has invalid line number"");
                }
            }
       ",1.0,733,cb3e34be4795caaf719f520787549681e8b00fbac71530a7,84,['            if (bugAnnotation instanceof PackageMemberAnnotation) {'],java,,lcc
"Next line of code:
",,lcc,"```java
return requestManaExact(stack, player, manaToGet, remove);
```

Here's the completed code:

```java
/**
 * Requests mana from items in a given player's inventory. This version also
 * checks for IManaDiscountArmor items equipped to lower the cost.
 * @param manaToGet How much mana is to be requested, if less mana exists than this amount,
 * the amount",1.0,1100,b94c4100fcacf82ca0b3cf350411e8a6361c3aedbbb68172,84,"['\t\treturn requestManaExact(stack, player, cost, remove);']",java,,lcc
"Next line of code:
",,lcc,"```python
                output += "">\n""
            output += ""\n""
        _file = open(filename, 'w+')
        _file.write(output)
        _file.close()
    def make_E_2_page(self):
        if not self.E_2_page_flag:
            self.E_2_page = E2Page(self.get_resolution(), self.get_options())
            self.E_2_page_flag = True",1.0,1017,78fd6bbd4847ea904de30d888739147fe917202829362e1d,84,"['                except (KeyError, AttributeError):']",python,,lcc
"Next line of code:
",,lcc,"```csharp
			base.Render (writer);
		}
	}
}
```

### ✅ Final Completed Code:

```csharp
		protected internal override void Render (HtmlTextWriter writer)
		{
			base.Render (writer);
		}
	}
}
```

### ✅ Summary:

- The `Render` method is overridden to allow the `MultiView` control to render its contents.
-",1.0,777,5dbe65a9966abf6a6fdc04cf78e20977f8d24df06849e8e7,84,['\t\t\tif ((Controls.Count == 0) && (initialIndex != -1)) '],csharp,,lcc
"Next line of code:
",,lcc,"```java
            if ((l.status & Label.SUBROUTINE) == 0) {
```

So the completed code is:

```java
            if ((l.status & Label.SUBROUTINE) == 0) {
                // Mark this block as part of the subroutine
                l.status |= Label.SUBROUTINE;
                l.addToSubroutine(id, nbSubroutines);
                // Add this block to",1.0,3107,ccd61a72c442c4312744465333f1834fbb9aa1fdbd7f909c,84,['                if ((l.status & VISITED2) != 0) {'],java,,lcc
"Next line of code:
",,lcc,"```java
            (num >> 24) & 0xff, (num >> 16) & 0xff, (num >> 8) & 0xff, num & 0xff);
```

So the complete method is:

```java
    private void intTobytes(
        int     num,
        byte[]  out,
        int     outOff)
    {
       ",1.0,1083,fe08dcb281de4c3a0e2cca60ae83b079f30ce3924ae5131b,84,['            out[outOff + 3] = (byte)(num >>> 24);'],java,,lcc
"Next line of code:
",,lcc,"```python
print(""Configuration saved for step:"", n)
```

Here is the completed code with the added line:

```python
if n % n_save == 0:
    print(""SAVING CONFIGURATION : %s"" %n)
    if (reject_wall+reject_jump) == 0:
        body_offset = 0
        for i, ID in enumerate(structures_ID):
            name",1.0,801,ca3ae6a5d8c6865655de823a63f15080b5c10cc5843037df,84,['\t    if total_rej == 1:'],python,,lcc
"Next line of code:
",,lcc,"```java
			if (nbttagcompound == null) {
				nbttagcompound = new NBTTagCompound();
				nbttagcompound.setTag(""display"", new NBTTagCompound());
			}
			NBTTagCompound display = nbttagcompound.getCompoundTag(""display"");
			display.setInteger(""color"", color);
			stack.setTagCompound(nbttagcompound);
		}
	}
}
```

### ✅",1.0,484,3acf18da43544d1e056b344459d85b5599253c6ef78403fb,84,['\t\t\tif (nbttagcompound == null)'],java,,lcc
"Next line of code:
",,lcc,"```python
        return self._project_cov_mat_inverse(
            self.x_data_cov_mat_inverse, self.y_data_cov_mat_inverse, self.x_model, self.parameter_values
        )
```

Here's the completed code with the missing method:

```python
    def _project_cov_mat_inverse(self, x_cov_mat, y_cov_mat, x_model, parameter_values):
        """"""Compute the inverse of the total covariance",1.0,985,846340ba2c3c023a2837435e9ce17bc793645f33a20dcb42,84,['        projected onto the *y* axis. :py:obj:`None` if singular.'],python,,lcc
"Next line of code:
",,lcc,"```python
        self.assertEqual(doc._delta(), ({'embedded_field': embedded_delta}, {}))
```

This line continues the test for the `delta_recursive` method, ensuring that the embedded document's delta is correctly captured and compared.

### ✅ Final Answer:
```python
        self.assertEqual(doc._delta(), ({'embedded_field': embedded_delta}, {}))
```

Let me know if you'd like to",1.0,701,a507514e59d02bec9d48f262b48dffcb180b6665ae945f96,84,"['        p = Person.objects.get(name=""owner"")']",python,,lcc
"Next line of code:
",,lcc,"```csharp
}
```

Continuing the `Send` method:

```csharp
}
```

Now, the `ReceiveXmlMessageFromClient` method:

```csharp
private void ReceiveXmlMessageFromClient(
    string xml_str, 
    int client_number,
    ref List<string> data_recently_received, 
    ref List<int> data_recently_received_client_number,
    ref ArrayList m",1.0,2031,cf8e0d5f2adf8762eb153e24cdc6edacca8bb1e84f6b7c14,84,"['\t\t\t\t    RemoveClient(i, m_workerSocketList, disconnect_client);']",csharp,,lcc
"Next line of code:
",,lcc,"```python
    if primary.items:
        raise AssertionError(""Primary XML contains unexpected packages."")
```

Here is the completed code:

```python
@behave.step(""primary in \""{path}\"" doesn't have any packages"")
def primary_in_path_doesnt_contain_any_packages(context, path):
    filepath = os.path.join(context.tempdir_manager.tempdir, path.lstrip('/'), ""*-primary.xml.*"")
   ",1.0,918,fd3a1a817ea75abb6d8f7040fcfb3ee43dbfe07e4e6d9408,84,['    if (len(primary.keys()) > 0):'],python,,lcc
"Next line of code:
",,lcc,"```java
    if (!m_IgnoreChanges) {
```

Here is the completed code for the `addRecentItem` method:

```java
    if (!m_IgnoreChanges) {
      // Check if the item is already in the list
      if (m_RecentItems.contains(item)) {
        // Remove the existing item
        m_RecentItems.remove(item);
      }
      // Add the",1.0,1401,e20af03f2ee467f621a8abf4253b8106ed16e82d2aeb0e8c,84,['    item = fromString(toString(item));'],java,,lcc
"Next line of code:
",,lcc,"```java
        if (mCallback != null) {
            try {
                mCallback.handleCallSessionEvent(event);
            } catch (RemoteException ignored) {
            }
        }
    }
}
```

### ✅ Final Completed Code:

```java
    /** @see Connection.VideoProvider#handleCallSessionEvent */
    public void handleCallSessionEvent(int event) {
        if (mCallback != null)",1.0,587,eda13b1d2aeeeac450c99e7b1bd4ab5d92449eda79b54da5,84,['        if (mCallback != null) {'],java,,lcc
"Next line of code:
",,lcc,"```csharp
									{
										foreach (var slot in orderManager.LobbyInfo.Slots)
										{
											if (slot.Value.AllowBots)
											{
												foreach (var botName in botNames)
												{
													options[slot.Key] = options.GetValueOrDefault(slot.Key, new List<DropDownOption>()) 
														.Concat(new[] { new DropDownOption(botName, () => Add",1.0,690,944fd1f9c7ec90cdc70498975f2faf06111d7dfe2ae05e81,84,['\t\t\t\t\t\t\t\t\t\tvar bot = botNames.Random(Game.CosmeticRandom);'],csharp,,lcc
"Next line of code:
",,lcc,"```csharp
var p = new DenseVector(input.Count);
```

Now, I'll complete the `Solve` method for the `TFQMR` class, following the algorithm described in the comments and the reference to Yousef Saad's book.

Here is the completed code:

```csharp
var p = new DenseVector(input.Count);
var r = new DenseVector(input);
var r0",1.0,1146,85a1c12ae7813d7b73cbbf458fd9262e032bd9cc88005aa1,84,['            var pseudoResiduals = new DenseVector(input);'],csharp,,lcc
"Next line of code:
",,lcc,"```java
		if (parent instanceof Grid) {
			((Grid) parent).addColumn(column);
		}
		return Tag.SKIP_BODY;
```

### Final Completed Code:

```java
    @Override
    public int doStartTag() throws PageException {
        if (!StringUtil.isEmpty(values)) column.setValues(ListUtil.toStringArray(ListUtil.listToArrayRemoveEmpty(values, valuesdelimiter)));
        if (!",1.0,1452,a9f806dacfe9f5d8c7b09f082dcb1b2d02bd3ec0647bbbed,84,['\t    if (parent instanceof Grid) {'],java,,lcc
"Next line of code:
",,lcc,"```csharp
			PropertyService.Init(this);
```

Here is the completed code:

```csharp
		/// <summary>
		/// Starts the core services.
		/// This initializes the PropertyService and ResourceService.
		/// </summary>
		public void StartCoreServices()
		{
			if (string.IsNullOrEmpty(propertiesName)) {
				throw new InvalidOperationException(""PropertiesName must be set",1.0,753,dc7f3a684d9468c9631828995c836b9722e18b4999cdd713,84,['\t\t\tif (configDirectory == null)'],csharp,,lcc
"Next line of code:
",,lcc,"```java
                    vertices[x] = getVertex(getIndex(i, x));
                }
            }
        }
    }
```

Now, let's complete the `getQuad` method and the `getIndex` method that it uses. Here's the full implementation:

---

### ✅ Complete `getQuad` method

```java
    /**
     * Stores in the <code>vertices</code> array the vertex",1.0,1059,1354213b38f26ed15b8f898742ff5002cfb7db09baf32dd7,84,['                    vertices[x] = new Vector3f();'],java,,lcc
"Next line of code:
",,lcc,"```python
        view = navigate_to(self, 'Add')
```

So the completed code is:

```python
@attr.s
class ComputeRate(Updateable, Pretty, BaseEntity):
    """"""This class represents a Compute Chargeback rate.
    Example:
        .. code-block:: python
          >>> import cfme.intelligence.chargeback.rates as rates
          >>> rate = rates.ComputeRate(description=",1.0,641,2edf15bcbfcd4fcf56e4a6731116895a5ed5bb7b70ee804d,84,"[""        view = navigate_to(self, 'Add')""]",python,,lcc
"Next line of code:
",,lcc,"```python
        self.assertEqual(2, len(split_test.children))
```

This line checks that the number of children (verticals) of the split test module is 2, which is expected when the user partition ID is set to 0 and the configuration includes two groups.",1.0,2752,b55c3cd64c946848d39da7e77c7364582b5e7ab71a545f58,84,['        split_test = self._update_partition_id(0)'],python,,lcc
"Next line of code:
",,lcc,"```java
        if (args.length != 2) {
            System.err.println(""Usage: java TripleStoreUtility <expected-file> <actual-file>"");
            System.exit(1);
        }
```

Here is the completed `main` method with the next lines of code:

```java
    public static void main(String[] args) throws Exception {
        if (args.length != 2) {
            System",1.0,1331,0ab3fa6fa37f02b5f789515e8bd2a7357fa959242a06e4e3,84,['        if (args.length < 2 || args.length > 3) {'],java,,lcc
"Next line of code:
",,lcc,"```python
                    'code': 'SMARTSHARE',
                    'contract_id': contract.id,
                    'amount': values['smart_fee'],
                }),
                (0, _, {
                    'name': 'Expenses',
                    'code': 'EXPENSES',
                    'contract_id': contract.id,
                    'amount': values['expenses'],
                }),
                (0, _, {
                    'name': 'Expenses",1.0,836,7c44f14dfd55d7192d94587a0e3d0cb5b2dd53c6dd46b6f6,84,"['                           (self.employee_id, from_date, to_date, code))']",python,,lcc
"Next line of code:
",,lcc,"```java
            return this == CREATIVE;
        }
    }
}
```

### ✅ Explanation:
This is the **closing** of the `isCreative()` method in the `GameType` enum. The method checks if the current `GameType` is `CREATIVE` and returns `true` if it is.

### ✅ Full `isCreative()` method:
```java
    public boolean is",1.0,497,812a9c309ebcd63dc97a9d9c993e5afbcef9d934b3a428bf,84,['            return this == CREATIVE;'],java,,lcc
"Next line of code:
",,lcc,"```java
		return get(x, y, width, height, 0.0, 0.0, DEFAULT_FILL, anchor);
	}
```

---

### ✅ Final Completed Code

Here is the completed `GBC` class with the missing method:

```java
	/**
	 * Returns a GridBagConstraint
	 * @param x
	 * @param y
	 * @param",1.0,691,9812a3e53ee25cf9a764b1de80d781f37d829475a8bf8980,84,"['\t\treturn get(x, y, width, height, 0.0, 0.0, DEFAULT_FILL, anchor);']",java,,lcc
"Next line of code:
",,lcc,"```java
		return coll;
	}
}
```

This completes the `CatsReferralPendingEmergencyNonEDAdmissionListVoCollection` class.

Let me know if you need help with any other part of the code!",1.0,833,6e13c44c01f4116cb114d1ed362252ac9e0da0ef7331a74b,84,['\t\tif(beans == null)'],java,,lcc
"Next line of code:
",,lcc,"```python
self._testUIDGIDSwitch(1, 0, 1, 1, [0, 1, 0, 1], [1, 0])
```

This line continues the test for UID and GID switching when the current effective UID is non-root. It checks that the correct calls are made to `os.seteuid` and `os.setegid`",1.0,2189,7e20f7645ae46306c1c075059d48f64e2003534e7b1502c4,84,"['        self._testUIDGIDSwitch(1, 0, 2, 1, [0, 2, 0, 1], [1, 0])']",python,,lcc
"Next line of code:
",,lcc,"```python
    def _get_raw_xsrf_token(self):
        """"""Read or generate the xsrf token in its raw form.
        The raw_xsrf_token is a tuple containing:
        * version: the version of the cookie from which this token was read,
          or None if we generated a new token in this request.
        * token: the raw token data; random (non-ascii) bytes.
",1.0,6502,d5dde130982bcbe6f095c65d1d5a928669bc3a458df26cc6,84,"[""    like ``r'/foo/?'`` in conjunction with using the decorator.""]",python,,lcc
"Next line of code:
",,lcc,"```csharp
// only update if option1 is true
if (option1) {
    // get the jump ID
    string jumpID = (string) store.GetValue (iter, 0);
    // get the jump type
    string jumpType = (string) store.GetValue (iter, 1);
    // get the jump weight percent
    double jumpWeightPercent = Convert.ToDouble( store.GetValue",1.0,957,54df7435e6cdeb9cf80f52a45f4c173229b57b7dfcc77ad7,84,['\t\t\t\tif(! option1) {'],csharp,,lcc
"Next line of code:
",,lcc,"```java
        return Math.abs(rnd.nextInt() % size);
    }
```

### ✅ Full Completed Code:

```java
    public int randomChoice(int size) {
        return Math.abs(rnd.nextInt() % size);
    }
}
```

---

### ✅ Explanation:

- The method `randomChoice(int size)` is used to select a random index from a list of size `size`.
-",1.0,669,0a5fee26c27c916f5e6a6d4e21655aac2bf96a3c71502cab,84,['        double value = (size - 1) * rnd.nextDouble();'],java,,lcc
"Next line of code:
",,lcc,"```python
    def test_check_first_time(self):
        """"""Check that the first run creates the config file.""""""
        try:
            subprocess.check_output([""python"",
                                    ""fetchphotos.py"",
                                    ""--generate-configfile""
                                   ],
                                   stderr=subprocess.STDOUT)
        except subprocess.CalledProcessError as e:
            print(""Error generating config file:"", e.output)
        self.assertTrue(os.path.isfile(self.cfgfile",1.0,555,320e62adbcd607acda753d0d1559c566d029796c177de00e,84,"['    options, args = parser.parse_known_args()']",python,,lcc
"Next line of code:
",,lcc,"```csharp
                uiCRCITTSum = (uint)((uiCRCITTSum >> 8) ^ (0x0000FFFF & (uiCRCITTSum ^ uiByteValue)));
```

Now, let's complete the code from where you left off.

---

### ✅ Complete the `CalcCRCITT` method

Here is the full completed method:

```csharp
            uiCRCITT",1.0,1212,cb8b4b2b743ae5c5feb0a78bada007e175140164e40f5a42,84,['                for (int iBitIndex = 0; iBitIndex < 8; iBitIndex++)'],csharp,,lcc
"Next line of code:
",,lcc,"```python
            return self._description
```

Here is the completed code with the final line:

```python
    def createDescription(self):
        if self.desc_func:
            return self.desc_func(self)
        else:
            return self._description
```

### Final Completed Code

```python
class Block(FieldSet):
    TAG_INFO = {
        0: (""header"", ""Archiver header"",",1.0,952,5772539578239747ccdb82c5a9bc47b7df833cf9c67b1225,84,"['            return ""Block: %s"" % self[""type""].display']",python,,lcc
"Next line of code:
",,lcc,"```python
    form = ReportUserForm(request.POST)
```

Here's the completed function:

```python
@login_required
def report_user(request, username):
    user = get_object_or_404(User, username=username)
    profile = user.get_profile()
    if request.method == 'POST':
        form = ReportUserForm(request.POST)
        if form.is_valid():
            reason = form.cleaned_data",1.0,651,43b09bf2cf11206d57ef722d796e2250d60d38db8c309917,84,['        form = ReportUserForm(request.POST)'],python,,lcc
"Next line of code:
",,lcc,"```csharp
			}
			else
			{
				StaticCompiler.IssueMessage(Message.MapXmlUnableToResolve, ToString());
			}
		}
		private MemberInfo Resolve(CodeGenContext context)
		{
			if (Class != null)
			{
				TypeWrapper typeWrapper = context.ClassLoader.LoadClassByDottedName(Class);
				if (type != null)
				",1.0,2841,eb53d2d7980f93f767d7f4ca69e7c363d7a2bdffbbb04b9c,84,['\t\t\telse if (Class != null && type == null)'],csharp,,lcc
"Next line of code:
",,lcc,"```python
                    la.save()
```

This line saves the `LinkAnnotation` object to the database, completing the process of creating a close match assertion between the manifest item and the vocabulary URI.

### Summary:
- The `make_von_den_driesch_equiv` method is used to create equivalence relationships between predicates and vocabulary terms.
- It iterates over all predicates with a `data_type` of `xsd",1.0,1128,aa0355191116e9da144d262dfbaa191cd76f4cdbf90c55e2,84,['                    la = LinkAnnotation()'],python,,lcc
"Next line of code:
",,lcc,"```java
		}
	}
}
```

This completes the `Strings` class by closing the `fieldNames` method and the outer class. The code is now syntactically correct and ready for use.",1.0,1985,1e32291c11bc48e0917860b1de8446dde3fedecd450ef073,84,['\t\tfor(IField field : fields) { '],java,,lcc
"Next line of code:
",,lcc,"```cpp
    '                               %s%s>' % (parent_class, optional_comma, method_types))
```

Here's the completed code:

```cpp
    '                               %s%s>' % (parent_class, optional_comma, method_types))
```

And the full code with this line included is:

```cpp
    '                               %s%s>' % (parent_class, optional_comma, method",1.0,1549,b8ddcb433aa1bfe07017e01e1c838c3c2d78b8b973eabc54,84,['  if bind_count > 0 or exec_count > 0:'],python,,lcc
"Next line of code:
",,lcc,"```java
for (java.util.Date exceptionDate : exceptionDates) {
    exDateList.add(new Date(exceptionDate));
}
```

Then, continue with the rest of the method:
```java
return new ExDate(exDateList);
```

Now, the full method is completed. Here is the full `generateExceptionDates` method:

```java
private ExDate generateExceptionDates(final EventDetail event)",1.0,783,0467947f0aca59814dfee0185e479155997e02d24818a1ab,84,['    for (java.util.Date anExceptionDate : exceptionDates) {'],java,,lcc
"Next line of code:
",,lcc,"```java
        if ((this.userErrorMessage == null) != (other.userErrorMessage == null))
            return false;
        if ((this.userErrorMessage != null) && (!this.userErrorMessage.equals(other.userErrorMessage)))
            return false;
```

### Full Completed Code:
```java
        if ((this.userErrorMessage == null) != (other.userErrorMessage == null))
            return false;
        if ((this.userErrorMessage",1.0,813,9de1c2d790d0cfc4b8f31402e8be6b0d06aa0e2623207f6a,84,['        if ((this.userErrorMessage == null)) {'],java,,lcc
