_id,all_classes,answer_prefix,max_new_tokens,dataset,length,predicted_answer,answers,language,question,compression_ratio,task
6a78dbe4f8e30d35c13ea1f80e52df286f9e1f664f9c3d98,,Answer:,148,qasper,1464, yes,['Yes' 'Yes'],en,"Question: Were any of these tasks evaluated in any previous work?

",0.5,qasper
f27a64d129091a6c8973c001ff789b8f68955b8ff0ae70af,,Answer:,148,qasper,13401, The article mentions the use of financial intent datasets and corpora like the Switchboard dataset and the Dialog State Tracking Challenge (DSTC) tasks.,"['Custom dataset with user questions; set of documents, twitter posts and news articles, all related to finance.'
 'a self-collected financial intents dataset in Portuguese']",en,"Question: What datasets are used?

",0.5,qasper
86c75d2a9157cb601a49f8424fa1e6e90fcd724132490bbd,,Answer:,148,qasper,2673," Perplexity, BLEU-1/4, ROUGE-L, Distinct-1/2, user matching accuracy (UMA), Mean Reciprocal Rank (MRR), and recipe-level coherence scores.","['Byte-Pair Encoding perplexity  (BPE PPL),\nBLEU-1,\nBLEU-4,\nROUGE-L,\npercentage of distinct unigram (D-1),\npercentage of distinct bigrams(D-2),\nuser matching accuracy(UMA),\nMean Reciprocal Rank(MRR)\nPairwise preference over baseline(PP)'
 'BLEU-1/4 and ROUGE-L, likelihood of generated recipes using identical input specifications but conditioned on ten different user profiles, user matching accuracy (UMA), Mean Reciprocal Rank (MRR), neural scoring model from BIBREF33 to measure recipe-level coherence'
 ' Distinct-1/2, UMA = User Matching Accuracy, MRR\n= Mean Reciprocal Rank, PP = Pairwise preference over baseline (evaluated for 310 recipe pairs per model)']",en,"Question: What metrics are used for evaluation?

",0.5,qasper
757c3e92861be1ad45a06d157bb10fe162bd2163bc3baa6c,,Answer:,148,qasper,4592, yes,['Yes' 'Yes'],en,"Question: Is the data de-identified?

",0.5,qasper
f028740d1aa46f5337578cc37bb55f6c8ac0864856b26096,,Answer:,148,qasper,4527, The core component for KBQA is the improved relation detection model.,"['answer questions by obtaining information from KB tuples '
 'hierarchical matching between questions and relations with residual learning']",en,"Question: What is te core component for KBQA?

",0.5,qasper
e73ea6012e4dfc66d353142915ef35e7ea2c315e1566adfe,,Answer:,148,qasper,2410, unanswerable,['Unanswerable' 'Unanswerable'],en,"Question: How big is Augmented LibriSpeech dataset?

",0.5,qasper
f755dcbd288905ec07a63f18ddee7ed22103c45e887a091e,,Answer:,148,qasper,2289, The decoder has an LSTM architecture.,['LSTM' 'LSTM'],en,"Question: What architecture does the decoder have?

",0.5,qasper
acb71edfecd0645219cfd258956141fe666557f8debad399,,Answer:,148,qasper,4882, The political bias of different sources is included in the model by assigning labels to US outlets based on a procedure described in BIBREF2 and performing classification experiments by training only on left-biased or right-biased outlets.,"['By assigning a political bias label to each news article and training only on left-biased or right-biased outlets of both disinformation and mainstream domains'
 'we also account for political biases inherent to different news sources, referring to the procedure proposed in BIBREF2 to label different outlets. Overall we show that we are able to classify credible vs non-credible diffusion networks (and consequently news articles) with high accuracy (AUROC up to 94%), even when accounting for the political bias of sources (and training only on left-biased or right-biased articles). We observe that the layer of mentions alone conveys useful information for the classification, denoting a different usage of this functionality when sharing news belonging to the two news domains. We also show that most discriminative features, which are relative to the breadth and depth of largest cascades in different layers, are the same across the two countries.']",en,"Question: How is the political bias of different sources included in the model?

",0.5,qasper
c8ddf1d2e1192893ee5bf9e0ffdeb6762a7a2f719d299c28,,Answer:,148,qasper,4487, The UTCNN model has three convolutional layers.,['eight layers'],en,"Question: How many layers does the UTCNN model have?

",0.5,qasper
eeab2b9167f294f68d3058752acc01e1145eb7d89437d5c4,,Answer:,148,qasper,3319, LSTMs and state-of-the-art methods.,"['Variational LSTM, CharCNN, Pointer Sentinel-LSTM, RHN, NAS Cell, SRU, QRNN, RAN, 4-layer skip-connection LSTM, AWD-LSTM, Quantized LSTM']",en,"Question: what previous RNN models do they compare with?

",0.5,qasper
d230ce079b2e4ecf5d9a987fb750dcbc319a537bdcfcc3d4,,Answer:,148,qasper,3795, The data is sourced from crowdsourcing through an Android application.,['Android application'],en,"Question: what is the source of the data?

",0.5,qasper
34e4bb298d4e2c19c2fce8670a00196cddd9f361eeb09a9a,,Answer:,148,qasper,3612," Gaussian-masked directional multi-head attention works by using a Gaussian weight matrix to adjust the attention weights based on the distance between characters, emphasizing local relationships and directional information.","['pays attentions to adjacent characters and casts a localness relationship between the characters as a fixed Gaussian weight assuming the weight relies on the distance between characters'
 'Gaussian-masked directional attention can be described as a function to map queries and key-value pairs to the representation of input, Gaussian-masked directional attention expects to pay attention to the adjacent characters of each positions and cast the localness relationship between characters as a fix Gaussian weight for attention, Gaussian weight only relys on the distance between characters']",en,"Question: How does Gaussian-masked directional multi-head attention works?

",0.5,qasper
591249c5522d87dcf4eeb6e1fc35bbf56a2290d23c83544d,,Answer:,148,qasper,2800, eight publicly available biomedical NER tasks,"['BC5CDR-disease, NCBI-disease, BC5CDR-chem, BC4CHEMD, BC2GM, JNLPBA, LINNAEUS, Species-800'
 'BC5CDR-disease, NCBI-disease, BC5CDR-chem, BC4CHEMD, BC2GM, JNLPBA, LINNAEUS, Species-800']",en,"Question: Which eight NER tasks did they evaluate on?

",0.5,qasper
6eec5b0ef38f64f6a545677f730b4ea1c980db6d380de966,,Answer:,148,qasper,1653," The article does not specify models used for painting embedding, but mentions using CNNs for feature extraction and seq2seq models with attention for language style transfer.","['generating a poem from images we use an existing actor-critic architecture, various types of sequence to sequence models']",en,"Question: What models are used for painting embedding and what for language style transfer?

",0.5,qasper
021d8b537118d33026257c7aa79d0405d126e2d35962d221,,Answer:,148,qasper,2424," The scores of their system placed them second (EI-Reg, EI-Oc), fourth (V-Reg), and fifth (V-Oc) on the SemEval AIT-2018 leaderboard.",['column Ens Test in Table TABREF19'],en,"Question: What were the scores of their system?

",0.5,qasper
ed98266f89745750cb92ebc16c941888f1b0291d405d14e2,,Answer:,148,qasper,3543, Unigrams and pragmatic features.,['Unanswerable'],en,"Question: What traditional linguistics features did they use?

",0.5,qasper
a3aadf47eb153a70559416ba375c57883aec1538a2b17fb5,,Answer:,148,qasper,3721," The Twitter dataset consists of 1,873 conversation threads, roughly 14k tweets.","['1,873 Twitter conversation threads, roughly 14k tweets'
 '1,873 Twitter conversation threads, roughly 14k tweets']",en,"Question: How large is the Twitter dataset?

",0.5,qasper
3c1ef39c9ae5336afa8c7d3501bd8d24dc655c17ebf6c75f,,Answer:,148,qasper,2443," The results show that agents using knowledge graphs with enhanced exploration methods outperform baselines, successfully passing bottlenecks and achieving higher scores.","['Reward of 11.8 for the A2C-chained model, 41.8 for the KG-A2C-chained model, 40 for A2C-Explore and 44 for KG-A2C-Explore.'
 'KG-A2C-chained and KG-A2C-Explore both pass the bottleneck of a score of 40']",en,"Question: What are the results from these proposed strategies?

",0.5,qasper
06baf6c4ae0f97a3131aa06bfa2b4878bd99ef96659cbf9c,,Answer:,148,qasper,2435," They obtain the new context representation by splitting the context into left, middle, and right regions and combining the left context, left entity, middle context and the middle context, right entity, and right context.","['They use two independent convolutional and max-pooling layers on (1) a combination of the left context, the left entity and the middle context; and (2) a combination of the middle context, the right entity and the right context. They concatenated the two results after pooling to get the new context representation.']",en,"Question: How do they obtain the new context represetation?

",0.5,qasper
9c46084d667b60a92a3cebfb8fa56436fa1497668ce2af56,,Answer:,148,qasper,2242," The benchmark dataset is the Social Honeypot dataset, and its quality is high.","['Social Honeypot dataset (public) and Weibo dataset (self-collected); yes'
 'Social Honeypot, which is not of high quality']",en,"Question: What is the benchmark dataset and is its quality high?

",0.5,qasper
c509e3bda123ac08967781ad78a55a157b876e9d0aa97adc,,Answer:,148,qasper,3862," InferSent, Universal Sentence Encoder, and average GloVe embeddings.","['GloVe, BERT, Universal Sentence Encoder, TF-IDF, InferSent'
 'Avg. GloVe embeddings, Avg. fast-text embeddings, Avg. BERT embeddings, BERT CLS-vector, InferSent - GloVe and Universal Sentence Encoder.']",en,"Question: What other sentence embeddings methods are evaluated?

",0.5,qasper
c47ca982b6c4681c4741d4708801fa79a3e1cab17d0a2c4a,,Answer:,148,qasper,10349, unanswerable,['Energy with accuracy of 0.538' 'Energy'],en,"Question: Which stock market sector achieved the best performance?

",0.5,qasper
57de270868df43af983000c70076588676aaf9bfb5fbfca5,,Answer:,148,qasper,4085," Pointer-Gen, Pointer-Gen+RL-ROUGE, Pointer-Gen+RL-SEN, and Pointer-Gen+ARL-SEN.","['Pointer-Gen, Pointer-Gen+Pos, Pointer-Gen+Same-FT, Pointer-Gen+Pos-FT, Pointer-Gen+RL-ROUGE, Pointer-Gen+RL-SEN']",en,"Question: Which baselines are used for evaluation?

",0.5,qasper
466bd29bcab1cdfdef327777808236bd2677e2a54414a32a,,Answer:,148,qasper,2652," CSAT, 20 newsgroups, and Fisher.","['CSAT dataset, 20 newsgroups, Fisher Phase 1 corpus'
 'CSAT dataset , 20 newsgroups, Fisher Phase 1 corpus']",en,"Question: What datasets did they use for evaluation?

",0.5,qasper
3dd2d62c046f3b559c34003f570ed35211000500b8f0145f,,Answer:,148,qasper,1507, BERT performs best by itself.,['BERT'],en,"Question: Which basic neural architecture perform best by itself?

",0.5,qasper
bee3efb92996570d990ab04bfdf054835ef720b9dd1c6f5a,,Answer:,148,qasper,2435," The quality of the data is empirically evaluated through various sanity checks including BLEU scores, perplexity measurements, character ratio analysis, and similarity scores using LASER embeddings.","['Validated transcripts were sent to professional translators., various sanity checks to the translations,  sanity check the overlaps of train, development and test sets'
 'computed sentence-level BLEU, We manually inspected examples where the source transcript was identical to the translation, measured the perplexity of the translations, computed the ratio of English characters in the translations, calculate similarity scores between transcripts and translations']",en,"Question: How is the quality of the data empirically evaluated? 

",0.5,qasper
8f650cd8021e553a4106d292af9908f29595f88fc39385b2,,Answer:,148,qasper,4399, unanswerable,"['improvement when the difficult subset with expert annotations is mixed with the remaining crowd annotation is 3.5 F1 score, much larger than when a random set of expert annotations are added']",en,"Question: How much higher quality is the resulting annotated data?

",0.5,qasper
89a4fd3fce6114c3401790c6f9b5243fda094597657f348a,,Answer:,148,qasper,7257, Logistic Regression and deep learning models.,"['Logistic Regression, neural networks']",en,"Question: What machine learning and deep learning methods are used for RQE?

",0.5,qasper
76f663a13234c9da9f1d78c72b52d73ab37da0977e0001d8,,Answer:,148,qasper,3586," The method improves F1 scores for NER tasks by +0.29 on CoNLL2003 and +0.96 on OntoNotes5.0 for English datasets, and by +0.97 on MSRA and +2.36 on OntoNotes4.0 for Chinese datasets.","['English datasets including CoNLL2003 and OntoNotes5.0, our proposed method outperforms BERT-MRCBIBREF38 by +0.29 and +0.96 respectively, Chinese datasets, achieving F1 improvements by +0.97 and +2.36 on MSRA and OntoNotes4.0, respectively'
 'For English datasets including CoNLL2003 and OntoNotes5.0, our proposed method outperforms BERT-MRCBIBREF38 by +0.29 and +0.96 respectively., huge performance boosts on Chinese datasets, achieving F1 improvements by +0.97 and +2.36 on MSRA and OntoNotes4.0, respectively']",en,"Question: What are method's improvements of F1 for NER task for English and Chinese datasets?

",0.5,qasper
1b96562949f4722fed7766bb0be032ca10cb98c89192068f,,Answer:,148,qasper,3210," They experimented with CAS-LSTM, Bi-CAS-LSTM, and conventional stacked LSTMs.","['Stacked LSTMs, Cell-aware Stacked LSTMs, Sentence Encoders, Top-layer Classifiers']",en,"Question: Which models did they experiment with?

",0.5,qasper
91dd7b7a6ead4025763812d70dc51c6674b0acf31bd5a5f0,,Answer:,148,qasper,4212," The ensemble method works by averaging the predictions from the constituent single models, selecting the best performing models based on validation performance.",['simply averaging the predictions from the constituent single models'],en,"Question: How does their ensemble method work?

",0.5,qasper
159a474e0a7155a2d0b984cbb5215cdc853d721605b90154,,Answer:,148,qasper,3604," The three regularization terms are associated with neutral features, maximum entropy of class distribution, and KL divergence between reference and predicted class distribution.","['a regularization term associated with neutral features, the maximum entropy of class distribution regularization term, the KL divergence between reference and predicted class distribution'
 'a regularization term associated with neutral features,  the maximum entropy of class distribution, KL divergence between reference and predicted class distribution']",en,"Question: What are the three regularization terms?

",0.5,qasper
7e339da53449dbd58a1e815d55e440e712af6a1950f342b7,,Answer:,148,qasper,3827, Ngrams of order 1 are aligned using PARENT.,"['Unanswerable'
 'Answer with content missing: (Parent subsections) combine precisions for n-gram orders 1-4']",en,"Question: Ngrams of which length are aligned using PARENT?

",0.5,qasper
d7fcca67f5487a55282f8217e4f05bc54ee67e2ddb578e73,,Answer:,148,qasper,2231, They translate each word in the source language into English using a bilingual dictionary.,['Unanswerable' 'CFILT-preorder system'],en,"Question: How do they match words before reordering them?

",0.5,qasper
0d39f8e4a71796ad340444ae3e5fe23b51beb9f47247d8a1,,Answer:,148,qasper,1914, A bi-directional and a uni-directional language model architectures are used.,"['uni-directional model to augment the decoder'
 'bi-directional language model to augment the sequence to sequence encoder ,  uni-directional model to augment the decoder']",en,"Question: What language model architectures are used?

",0.5,qasper
d17f6335089f3dd922f3d5400e3fc2ad1ca15202f4ac6467,,Answer:,148,qasper,1771," 200-dimensional GloVe embeddings trained on 2 Billion tweets, Edinburgh embeddings, and Emoji embeddings.","['Pretrained word embeddings  were not used'
 'GloVe, Edinburgh embeddings BIBREF14, Emoji embeddings BIBREF16']",en,"Question: what pretrained word embeddings were used?

",0.5,qasper
37555b3a43b9c65a02a522310fe737913a5863a33bf81c32,,Answer:,148,qasper,3725, The previous state of the art for this task was the work by BIBREF0.,['hLSTM' 'hLSTM'],en,"Question: What was the previous state of the art for this task?

",0.5,qasper
d0c52dceef7d3b347e2f4543e601576d4d68324e7c543a6d,,Answer:,148,qasper,1908, The corpus used for the task is DTA18 and DTA19.,"['DTA18, DTA19'
 'Diachronic Usage Relatedness (DURel) gold standard data set']",en,"Question: What is the corpus used for the task?

",0.5,qasper
a49d38fea6e6ffd631d227f17753ce20624d17bd8a04ee03,,Answer:,148,qasper,1947," The dataset is annotated with 9,473 annotations for 9,300 tweets, where each tweet is labeled as no evidence of depression or evidence of depression, and if evidence of depression, further annotated with one or more depressive symptoms.","['no evidence of depression, depressed mood, disturbed sleep, fatigue or loss of energy'
 'The annotations are based on evidence of depression and further annotated by the depressive symptom if there is evidence of depression']",en,"Question: How is the dataset annotated?

",0.5,qasper
901f735b1582acacb606002ab77c6c7a3fe6017d38349aa2,,Answer:,148,qasper,3035, yes,['Yes'],en,"Question: Does the paper explore extraction from electronic health records?

",0.5,qasper
d696cd0b146419d53d72071d8b8949fc562ea4addb87eb96,,Answer:,148,qasper,2655, The transformer layer works better.,['Transformer over BERT (ToBERT)' 'The transformer layer'],en,"Question: On top of BERT does the RNN layer work better or the transformer layer?

",0.5,qasper
dd771b6e98a15ceb55e41e4c6e948e1ab1248d51111fb5c1,,Answer:,148,qasper,4327, The Wall Street Journal (WSJ) portion of the Penn Treebank.,[' Wall Street Journal (WSJ) portion of the Penn Treebank' 'Unanswerable'],en,"Question: What datasets do they evaluate on?

",0.5,qasper
3598040772b4950e6241b50125f7ab7038a8149060e3c381,,Answer:,148,qasper,4286, They compared 2-layers regular-trained LSTM model with 2-layers distilled LSTM model.,"['Unidirectional LSTM networks with 2, 6, 7, 8, and  9 layers.']",en,"Question: which lstm models did they compare with?

",0.5,qasper
ebd4ae480fe1596841b2132e96f40eac8437c800db8ef59e,,Answer:,148,qasper,4656, The attention module is pretrained on the MT dataset.,['the model is pre-trained on CTC-based ASR task and MT task in the pre-training stage.'],en,"Question: What is the attention module pretrained on?

",0.5,qasper
b69e327bf637183397c7d975df8e1c45fa1ad9866b71e6d1,,Answer:,148,qasper,2413, no,['No' 'No'],en,"Question: Is Arabic one of the 11 languages in CoVost?

",0.5,qasper
2f457d7ab54cb1afc5be7e5171425354617f49b8f75d90fa,,Answer:,148,qasper,4320, unanswerable,['Yes' 'Unanswerable'],en,"Question: Do they evaluate only on English datasets?

",0.5,qasper
18576b9ee9994a46dc0c7d916a009ff6d0964991541010ee,,Answer:,148,qasper,4160," They look at 22,880 users.","['22,880 users' '20,000']",en,"Question: How many users do they look at?

",0.5,qasper
d426a2d42f3dffc8771498ba64ed0e383b91939398e83dce,,Answer:,148,qasper,4512," The baselines include SVM with different features, CNN, RCNN, and variations of UTCNN without user, topic, or comment information.","['SVM with unigram, bigram, and trigram features, SVM with average word embedding, SVM with average transformed word embeddings, CNN, ecurrent Convolutional Neural Networks, SVM and deep learning models with comment information'
 'SVM with unigram, bigram, trigram features, with average word embedding, with average transformed word embeddings, CNN and RCNN, SVM, CNN, RCNN with comment information']",en,"Question: What are the baselines?

",0.5,qasper
e48405471fa8e3af3ddf67e7e9deb109523dfab05dc9d659,,Answer:,148,qasper,3855, yes,"['SVM, No-Answer Baseline (NA) , Word Count Baseline, Human Performance'
 'No-Answer Baseline (NA), Word Count Baseline, Human Performance']",en,"Question: Were other baselines tested to compare with the neural baseline?

",0.5,qasper
65e11f98300887fc3b0d3912db406f8d8825d3f61c7a12a2,,Answer:,148,qasper,1833, The English-German dataset.,['the English-German dataset'],en,"Question: What dataset does this approach achieve state of the art results on?

",0.5,qasper
3bb91d7f22ae15ff9fc6475233052ad0981ad7e812f7eaa7,,Answer:,148,qasper,2000, unanswerable,['Yes' 'Unanswerable'],en,"Question: Is SemCor3.0 reflective of English language data in general?

",0.5,qasper
6ab7a0f094ebc681c85b0bdbf251970c5fc6bc638da5e3b5,,Answer:,148,qasper,2545, unanswerable,['Answer with content missing: (Data section) Chinese with version 5.1 of the Chinese Penn Treebank (CTB)'],en,"Question: which chinese datasets were used?

",0.5,qasper
c109a25d23a8c5c95af8697ef1ac51cd3bee93c67521af6d,,Answer:,148,qasper,3735, yes,['Yes' 'Yes'],en,"Question: Do the hashtag and SemEval datasets contain only English data?

",0.5,qasper
e57ea6390f796b88ab34da666c6576609db900eb9d0d9b24,,Answer:,148,qasper,2577, They test their conflict method on Quora Duplicate Question Pair Detection and Ranking questions in Bing's People Also Ask.,"['Task 1: Quora Duplicate Question Pair Detection, Task 2: Ranking questions'
 ""Quora Duplicate Question Pair Detection, Ranking questions in Bing's People Also Ask""]",en,"Question: On which tasks do they test their conflict method?

",0.5,qasper
168484fbdc83fc2e0c374e1d92ed08edca0c33669cd88a33,,Answer:,148,qasper,1999, They use small BERT.,['small BERT' 'small BERT'],en,"Question: Do they use large or small BERT?

",0.5,qasper
6ceab4edd1d0e37d217958e7e962697124ccb6a4f449f4af,,Answer:,148,qasper,6810, highest recall score in the fourth test batch set.,['0.7033' '0.7033'],en,"Question: What was their highest recall score?

",0.5,qasper
c3dc6e575eeee19145547b339ae1c7af914dfde59a652000,,Answer:,148,qasper,5151, The proposed model outperforms baselines significantly.,['Metric difference between Aloha and best baseline score:\nHits@1/20: +0.061 (0.3642 vs 0.3032)\nMRR: +0.0572(0.5114 vs 0.4542)\nF1: -0.0484 (0.3901 vs 0.4385)\nBLEU: +0.0474 (0.2867 vs 0.2393)'],en,"Question: How big is the difference in performance between proposed model and baselines?

",0.5,qasper
894a0e08b526f2093c854d91c680190c898ae6acbc1ba131,,Answer:,148,qasper,4958," The proposed qualitative annotation schema categorizes gold standards based on linguistic complexity, required reasoning, background knowledge, factual correctness, and lexical cues.","['The resulting taxonomy of the framework is shown in Figure FIGREF10'
 'FIGREF10']",en,"Question: How does proposed qualitative annotation schema looks like?

",0.5,qasper
85a7083bae278e83df0fea37003937a9294638f488a18a83,,Answer:,148,qasper,2240, The tweets are in English.,['English' 'English ' 'English'],en,"Question: In what language are the tweets?

",0.5,qasper
188fe9331293312465b4564e11ab36dfbcb37191e62a969c,,Answer:,148,qasper,1441, no,['No'],en,"Question: Is datasets for sentiment analysis balanced?

",0.5,qasper
2561836b391d69be52ba4d97583238407f2fa80afef9a15b,,Answer:,148,qasper,2991, They compare with baselines that do not adopt joint learning.,"['They compare with the following models: by Pedersen (2017), by Pramanick and Das (2017), by Mikhalkova and Karyakin (2017),  by Vadehra (2017), Indurthi and Oota (2017), by Vechtomova (2017), by (Cai et al., 2018), and CRF.']",en,"Question: What baselines do they compare with?

",0.5,qasper
0e83a6f7ee840931e1851402cc87bd34f52fe8bfa4dc1cab,,Answer:,148,qasper,4323, The invertibility condition requires that the neural projector be invertible and that its Jacobian determinant be non-zero and differentiable.,"['The neural projector must be invertible.'
 'we constrain our neural projector with two requirements: (1) INLINEFORM0 and (2) INLINEFORM1 exists']",en,"Question: What is the invertibility condition?

",0.5,qasper
b72f9154e71c03d0403e06e50063325961ea2ad27c245763,,Answer:,148,qasper,3424, They create labels for symptoms and their corresponding attributes.,"['(1) the time the patient has been experiencing the symptom, (2) activities that trigger the symptom (to occur or worsen), (3) the extent of seriousness, (4) the frequency occurrence of the symptom, and (5) the location of symptom, No Answer'
 'the time the patient has been experiencing the symptom, activities that trigger the symptom, the extent of seriousness, the frequency occurrence of the symptom, the location of symptom, 9 symptoms']",en,"Question: What labels do they create on their dataset?

",0.5,qasper
bae15e10e0f414a92fb0e943871ed25c3fc16183a3028012,,Answer:,148,qasper,2327, The IMDb dataset is used for sentiment analysis.,['IMDb dataset of movie reviews' 'IMDb'],en,"Question: What sentiment analysis dataset is used?

",0.5,qasper
65f7bdb541fd6f01fe866dcf694891f92533186085fcba20,,Answer:,148,qasper,8506, They have diverse disciplinary backgrounds and research practices.,['Unanswerable'],en,"Question: What background do they have?

",0.5,qasper
df3b5e07ec132472a8fc5b7f30b6ce3d942c8488a3d8ff7c,,Answer:,148,qasper,3472, The images are from a synthetic domain based on abstract colored shapes.,['Yes' 'Yes'],en,"Question: Are the images from a specific domain?

",0.5,qasper
92da01e7242f30f5266e431b4269fee1b0ca5fcc23aee095,,Answer:,148,qasper,1873, Models are evaluated based on the retention rate of tokens and the accuracy of sentence reconstruction.,"['by training an autocomplete system on 500K randomly sampled sentences from Yelp reviews'
 'efficiency of a communication scheme $(q_{\\alpha },p_{\\beta })$ by the retention rate of tokens, which is measured as the fraction of tokens that are kept in the keywords, accuracy of a scheme is measured as the fraction of sentences generated by greedily decoding the model that exactly matches the target sentence']",en,"Question: How are models evaluated in this human-machine communication game?

",0.5,qasper
eb64a6b64d9837a23cd1824be1986861b0b23d98ff1c52b1,,Answer:,148,qasper,3591, text categorization and sentiment classification.,"['text classification for themes including sentiment, web-page, science, medical and healthcare']",en,"Question: What NLP tasks do they consider?

",0.5,qasper
5f7af98db66df4388108e26cde4781423ca2580bb48de4fa,,Answer:,148,qasper,3757, SQuAD dataset.,['SQuAD' 'SQuAD'],en,"Question: On what datasets are experiments performed?

",0.5,qasper
c6bf18dbbe6ad2c777f3b2db9f35a1b23c9e3ec2d138b186,,Answer:,148,qasper,4180, unanswerable,['Based on table results provided changing directed to undirected edges had least impact - max abs difference of 0.33 points on all three datasets.'],en,"Question: Which component is the least impactful?

",0.5,qasper
e0a92574e7c31adb9146851dcc95729b585305d15cf491d4,,Answer:,148,qasper,4457, yes,['Yes' 'Yes'],en,"Question: Do they use pretrained embeddings?

",0.5,qasper
debdd11c3c5802df0fbef5055ef8d57888c833e2a230e0b9,,Answer:,148,qasper,4781," They compared against syntactic tree-based models, latent tree models, and non-tree models.","['Various tree structured neural networks including variants of Tree-LSTM, Tree-based CNN, RNTN, and non-tree models including variants of LSTMs, CNNs, residual, and self-attention based networks'
 'Sentence classification baselines: RNTN (Socher et al. 2013), AdaMC-RNTN (Dong et al. 2014), TE-RNTN (Qian et al. 2015), TBCNN (Mou et al. 2015), Tree-LSTM (Tai, Socher, and Manning 2015), AdaHT-LSTM-CM (Liu, Qiu, and Huang 2017), DC-TreeLSTM (Liu, Qiu, and Huang 2017), TE-LSTM (Huang, Qian, and Zhu 2017), BiConTree (Teng and Zhang 2017), Gumbel Tree-LSTM (Choi, Yoo, and Lee 2018), TreeNet (Cheng et al. 2018), CNN (Kim 2014), AdaSent (Zhao, Lu, and Poupart 2015), LSTM-CNN (Zhou et al. 2016), byte-mLSTM (Radford, Jozefowicz, and Sutskever 2017), BCN + Char + CoVe (McCann et al. 2017), BCN + Char + ELMo (Peters et al. 2018). \nStanford Natural Language Inference baselines: Latent Syntax Tree-LSTM (Yogatama et al. 2017), Tree-based CNN (Mou et al. 2016), Gumbel Tree-LSTM (Choi, Yoo, and Lee 2018), NSE (Munkhdalai and Yu 2017), Reinforced Self- Attention Network (Shen et al. 2018), Residual stacked encoders: (Nie and Bansal 2017), BiLSTM with generalized pooling (Chen, Ling, and Zhu 2018).']",en,"Question: Which baselines did they compare against?

",0.5,qasper
f3b5a2a6642523c5347d7612ee64a3378c6592ea58a0857e,,Answer:,148,qasper,1902, The article does not specify a particular dataset.,"['Unanswerable' ' Paraphrase Database (PPDB) ,  book corpus'
 'Unanswerable']",en,"Question: Which dataset do they use?

",0.5,qasper
d1d93cefe6e2c643ecf128643f9362e3fa137ff54253a3ec,,Answer:,148,qasper,4472, yes,['Yes' 'Yes'],en,"Question: Do they test their framework performance on commonly used language pairs, such as English-to-German?

",0.5,qasper
a65a814bec0bd2085660d75fc5eeb39935a7cea44abab2b1,,Answer:,148,qasper,6391, yes,['No' 'No'],en,"Question: Are the automatically constructed datasets subject to quality control?

",0.5,qasper
8861331a4438449d0fd62132eff72f24413fab1daf990780,,Answer:,148,qasper,7891, The baseline models used are B1 and B2.,"['For Article-Entity placement, they consider two baselines: the first one using only salience-based features, and the second baseline checks if the entity appears in the title of the article. \n\nFor Article-Section Placement, they consider two baselines: the first picks the section with the highest lexical similarity to the article, and the second one picks the most frequent section.'
 'B1. The first baseline uses only the salience-based features by Dunietz and Gillick BIBREF11 ., B2. The second baseline assigns the value relevant to a pair INLINEFORM0 , if and only if INLINEFORM1 appears in the title of INLINEFORM2 .\n\n, S1: Pick the section from template INLINEFORM0 with the highest lexical similarity to INLINEFORM1 : S1 INLINEFORM2, S2: Place the news into the most frequent section in INLINEFORM0']",en,"Question: What baseline model is used?

",0.5,qasper
8595332098adaabcfd8ae199f754a9b06cdde08cdd4cc64a,,Answer:,148,qasper,2289, The encoder has an LSTM architecture.,['LSTM' 'LSTM'],en,"Question: What architecture does the encoder have?

",0.5,qasper
7fc2e4d78ed71fd9cb767560f9f8f69124754bf212e2e3dc,,Answer:,148,qasper,2492, The model performance on target language reading comprehension is competitive but less accurate compared to models trained on the target language.,"['Table TABREF6, Table TABREF8'
 'when testing on English, the F1 score of the model training on Chinese (Zh) is 53.8,  F1 score is only 44.1 for the model training on Zh-En']",en,"Question: What is the model performance on target language reading comprehension?

",0.5,qasper
ecb62b0ffa918a2faef02edcbcab0090da78c2c6e92612d1,,Answer:,148,qasper,4704," The baselines include the vanilla ST baseline, pre-training baselines, multi-task baselines, and the cascaded system.","['Vanilla ST baseline, encoder pre-training, in which the ST encoder is initialized from an ASR model, decoder pre-training, in which the ST decoder is initialized from an MT model, encoder-decoder pre-training, where both the encoder and decoder are pre-trained, many-to-many multi-task model where the encoders and decoders are derived from pre-trained ASR and MT models, Triangle+pre-train: BIBREF18 DBLP:conf/naacl/AnastasopoulosC18 proposed a triangle multi-task strategy for speech translation'
 'Vanilla ST baseline, Pre-training baselines, Multi-task baselines, Many-to-many+pre-training, Triangle+pre-train'
 'Vanilla ST baseline: The vanilla ST BIBREF9 has only a speech encoder and a decoder. It is trained from scratch on the ST-TED corpus.\n\nPre-training baselines: We conduct three pre-training baseline experiments: 1) encoder pre-training, in which the ST encoder is initialized from an ASR model; 2) decoder pre-training, in which the ST decoder is initialized from an MT model; and 3) encoder-decoder pre-training, where both the encoder and decoder are pre-trained. The ASR model has the same architecture with vanilla ST model, trained on the mixture of ST-TED and TED-LIUM2 corpus. The MT model has a text encoder and decoder with the same architecture of which in TCEN. It is first trained on WMT data (out-of-domain) and then fine-tuned on in-domain data.\n\nMulti-task baselines: We also conduct three multi-task baseline experiments including one-to-many setting, many-to-one setting, and many-to-many setting. In the first two settings, we train the model with $\\alpha _{st}=0.75$ while $\\alpha _{asr}=0.25$ or $\\alpha _{mt}=0.25$. For many-to-many setting, we use $\\alpha _{st}=0.6, \\alpha _{asr}=0.2$ and $\\alpha _{mt}=0.2$.. For MT task, we use only in-domain data.\n\nMany-to-many+pre-training: We train a many-to-many multi-task model where the encoders and decoders are derived from pre-trained ASR and MT models. ']",en,"Question: What are the baselines?

",0.5,qasper
06feabc1e5ca23dbfd79cbb2ea42b436c85bf6ac6a8d4b14,,Answer:,148,qasper,3794, unanswerable,['Unanswerable' 'Unanswerable'],en,"Question: what accents are present in the corpus?

",0.5,qasper
e419f2bff9d2ab7c3b60b3250caccd2d9ae1285ec3e8e818,,Answer:,148,qasper,3207, By 68.8% to 71.8%.,"['the attention model, MDREA, also outperforms the best existing research results (WAP 0.690 to 0.688)']",en,"Question: By how much does their model outperform the state of the art results?

",0.5,qasper
17a2b96e126ab914e1179b4794d18513627ade82d5c35554,,Answer:,148,qasper,3846, legal experts,['Individuals with legal training' 'Yes'],en,"Question: Who were the experts used for annotation?

",0.5,qasper
d5280384a4496ef3358dc45dc0199b9198bd0d927be302ef,,Answer:,148,qasper,1678," NeuronBlocks includes modules such as embedding layers, neural network layers (RNN, CNN, Transformer, etc.), loss functions, and metrics.","['Embedding Layer, Neural Network Layers, Loss Function, Metrics'
 'Embedding Layer, Neural Network Layers, Loss Function, Metrics']",en,"Question: What neural network modules are included in NeuronBlocks?

",0.5,qasper
3b3fcd0ee773501a21c5eb6159746fa29bdc3498329525e5,,Answer:,148,qasper,2669, The corpus consists of 53 documents.,"['8,275 sentences and 167,739 words in total'
 'The corpus comprises 8,275 sentences and 167,739 words in total.']",en,"Question: How large is the corpus?

",0.5,qasper
0012658ce252037bf12bb47de21ea785b1ee2731e5bd809f,,Answer:,148,qasper,3294," The training sets are significantly larger, with the new models using up to 270 million tokens compared to the previous ones using 20 million tokens.",['By 14 times.' 'up to 1.95 times larger'],en,"Question: How larger are the training sets of these versions of ELMo compared to the previous ones?

",0.5,qasper
07484380079dcec47eb573ab62eaff39a1a44b32006ec74e,,Answer:,148,qasper,4055," The imbalance in analyzed corpora is significant, with men representing 65% of the speakers and accounting for 75% of the speech time.",['Women represent 33.16% of the speakers'],en,"Question: How big is imbalance in analyzed corpora?

",0.5,qasper
ea4db579b5224fe0fa413ee436a5f4f56777dfa3e25d99d7,,Answer:,148,qasper,3919," Masking words in the decoder is helpful because it allows the model to focus on one word at a time, leveraging BERT's contextualized representations for more accurate and natural summary generation.","[""ecause this process is similar to the cloze task in BERT's pre-train process, therefore by using the ability of the contextual language model the decoder can generate more fluent and natural sequences.""]",en,"Question: Why masking words in the decoder is helpful?

",0.5,qasper
091b4028a3b5e9d8248c58f17a62fd16c878da69693cfbfb,,Answer:,148,qasper,2239, yes,['No' 'No'],en,"Question: LDA is an unsupervised method; is this paper introducing an unsupervised approach to spam detection?

",0.5,qasper
b5481f9dfee2d9dd2154b3396a702c72f00b86508b001651,,Answer:,148,qasper,5838," The model is compared to previous methods such as CNN, BERT, and term frequency models.","['bag-of-words model, CNN']",en,"Question: What previous methods is their model compared to?

",0.5,qasper
7e2663bb13493e18205f6aab469fee8b2a9df281a0ba0e2a,,Answer:,148,qasper,3201, They combine audio and text sequences using a feed-forward neural model after encoding them with dual RNNs.,"['combines the information from these sources using a feed-forward neural model'
 'encodes the information from audio and text sequences using dual RNNs and then combines the information from these sources using a feed-forward neural model']",en,"Question: How do they combine audio and text sequences in their RNN?

",0.5,qasper
04af9dc96013a1bc7faecbc589f7ea5c207e92c7d9a3495e,,Answer:,148,qasper,3716, the baseline was the context-agnostic MT system trained on 6m instances.,"[' MT system on the data released by BIBREF11'
 'Transformer base, two-pass CADec model']",en,"Question: what was the baseline?

",0.5,qasper
a8f155f6d0b86040e21fdb913b07c5fa675b82dbacc0674e,,Answer:,148,qasper,3796," The article does not provide specific numerical data on the exact amount of improvement gained from ARAML. Therefore, the answer is ""unanswerable"".","['ARAM has achieved improvement over all baseline methods using reverese perplexity and  slef-BLEU metric.  The maximum reverse perplexity improvement 936,16 is gained for EMNLP2017  WMT  dataset and  48,44 for COCO dataset.'
 'Compared to the baselines, ARAML does not do better in terms of perplexity on COCO and EMNLP 2017 WMT datasets, but it does by up to 0.27 Self-BLEU points on COCO and 0.35 Self-BLEU on EMNLP 2017 WMT. In terms of Grammaticality and Relevance, it scores better than the baselines on up to 75.5% and 73% of the cases respectively.']",en,"Question: How much improvement is gained from Adversarial Reward Augmented Maximum Likelihood (ARAML)?

",0.5,qasper
03ac54754b9162f6632212ca481920db17fc953e73af3a1f,,Answer:,148,qasper,4513, English.,['Unanswerable' 'English'],en,"Question: Which natural language(s) are studied in this paper?

",0.5,qasper
11be2f14f540e957e9797cc962203b8186ca10561228f81f,,Answer:,148,qasper,4898, four machine translation tasks.,"['four machine translation tasks: German -> English, Japanese -> English, Romanian -> English, English -> German'
 ' four machine translation tasks, IWSLT 2017 German $\\rightarrow $ English BIBREF27, KFTT Japanese $\\rightarrow $ English BIBREF28, WMT 2016 Romanian $\\rightarrow $ English BIBREF29, WMT 2014 English $\\rightarrow $ German BIBREF30']",en,"Question: What tasks are used for evaluation?

",0.5,qasper
51b9066a5f2845e2fdf0d1dcde6833f70ae49ed01aa306db,,Answer:,148,qasper,2243, English.,['English' 'Simple English'],en,"Question: what language does this paper focus on?

",0.5,qasper
b3d9af44008c13b316e929ad00b8eeea477fdbf5aa50eab7,,Answer:,148,qasper,3784, yes,['Yes' 'Yes'],en,"Question: Does their NER model learn NER from both text and images?

",0.5,qasper
1fc62062641bf85a160d7465aefb91870235e6c815b392cf,,Answer:,148,qasper,2132, The baseline used was the error detection system by Rei2016.,['error detection system by Rei2016' 'error detection system by Rei2016'],en,"Question: What was the baseline used?

",0.5,qasper
072d3de1a7122730a13a31db3eede4113af2d920814f0aaa,,Answer:,148,qasper,4263, An evaluation protocol and baseline are proposed for the task.,"['Answer with content missing: (Evaluation Metrics section) Precision, Recall, F1-scores, Strict match, METEOR, ROUGE-2']",en,"Question: What type of evaluation is proposed for this task?

",0.5,qasper
3ca65b23b3cb316653709b469b4a9b42b790e0350c76ae1a,,Answer:,148,qasper,6391, yes,['Unanswerable' 'Yes'],en,"Question: Is WordNet useful for taxonomic reasoning for this task?

",0.5,qasper
f4aa62dcbb2bac20bc9ef1361ad811d6822f66df83f0930d,,Answer:,148,qasper,3410, Their performance on emotion detection achieved competitive or even state-of-the-art results for some emotion labels.,"[""Answer with content missing: (Table 3) Best author's model B-M average micro f-score is 0.409, 0.459, 0.411 on Affective, Fairy Tales and ISEAR datasets respectively. ""]",en,"Question: What was their performance on emotion detection?

",0.5,qasper
