dataset,task,question,answer_prefix,language,all_classes,compression_ratio,answers,predicted_answer,length,max_new_tokens,_id
qasper,qasper,"Question: How is the ground truth for fake news established?

",Answer:,en,,1.0,['Ground truth is not established in the paper'], The ground truth for fake news is established through manual inspection by an expert.,3141,148,3ac3eef636db11635a21a61804cb28e92c546a5686dd1e12
qasper,qasper,"Question: By how much does their model outperform the state of the art results?

",Answer:,en,,1.0,"['the attention model, MDREA, also outperforms the best existing research results (WAP 0.690 to 0.688)']", 68.8% to 71.8%,3207,148,e419f2bff9d2ab7c3b60b3250caccd2d9ae1285ec3e8e818
qasper,qasper,"Question: What additional features and context are proposed?

",Answer:,en,,1.0,"['using tweets that one has replied or quoted to as contextual information'
 'text sequences of context tweets']", Context tweets are proposed as additional features.,2060,148,9fb085a1f47673d1907f2378c90843b4b6e8622a14fe1fa9
qasper,qasper,"Question: Which Facebook pages did they look at?

",Answer:,en,,1.0,"['FoxNews, CNN, ESPN, New York Times, Time magazine, Huffington Post Weird News, The Guardian, Cartoon Network, Cooking Light, Home Cooking Adventure, Justin Bieber, Nickelodeon, Spongebob, Disney'
 'FoxNews, CNN, ESPN, New York Times, Time magazine, Huffington Post Weird News, The Guardian, Cartoon Network, Cooking Light, Home Cooking Adventure, Justin Bieber, Nickelodeon, Spongebob, Disney.']"," They looked at FoxNews, CNN, ESPN, New York Times, Time magazine, Huffington Post, Weird News, The Guardian, Cartoon Network, Cooking Light, Home Cooking Adventure, Justin Bieber, Nickelodeon, Spongebob, and Disney.",3411,148,14e88916523197e066dbb743339685621db47c4beb503abb
qasper,qasper,"Question: Do the hashtag and SemEval datasets contain only English data?

",Answer:,en,,1.0,['Yes' 'Yes'], no,3735,148,c109a25d23a8c5c95af8697ef1ac51cd3bee93c67521af6d
qasper,qasper,"Question: What type of evaluation is proposed for this task?

",Answer:,en,,1.0,"['Answer with content missing: (Evaluation Metrics section) Precision, Recall, F1-scores, Strict match, METEOR, ROUGE-2']", A proposed evaluation involves using the importance scores of propositions to assess the quality of summaries.,4263,148,072d3de1a7122730a13a31db3eede4113af2d920814f0aaa
qasper,qasper,"Question: What are the datasets used for evaluation?

",Answer:,en,,1.0,"['CNN/DailyMail news highlights, New York Times Annotated Corpus, XSum'
 'the CNN/DailyMail news highlights dataset BIBREF24, the New York Times Annotated Corpus (NYT; BIBREF25), XSum BIBREF22']"," The datasets used for evaluation are CNN/DailyMail, New York Times Annotated Corpus, and XSum.",4369,148,8fa5af6a36dd0b6b73900b2ec6f6e43a652a3e7d2b827a58
qasper,qasper,"Question: How does this approach compare to other WSD approaches employing word embeddings?

",Answer:,en,,1.0,['GM$\\_$KL achieves better correlation than existing approaches for various metrics on SCWS dataset.'], This approach achieves better correlation scores than existing WSD approaches employing word embeddings.,2189,148,5f00d4f6e62f4b99484eb78491f803f8143cc1b13ad33816
qasper,qasper,"Question: How does their ensemble method work?

",Answer:,en,,1.0,['simply averaging the predictions from the constituent single models'], Their ensemble method works by averaging the predictions from the constituent single models.,4212,148,91dd7b7a6ead4025763812d70dc51c6674b0acf31bd5a5f0
qasper,qasper,"Question: What are the sources of the datasets?

",Answer:,en,,1.0,"['Friends TV sitcom, Facebook messenger chats']", The sources of the datasets are the Friends TV sitcom scripts and Facebook messenger chats.,3185,148,fe6e5087f91071369646d9d868d784a290d0d13013292b61
qasper,qasper,"Question: what language does this paper focus on?

",Answer:,en,,1.0,['English' 'Simple English'], English,2243,148,51b9066a5f2845e2fdf0d1dcde6833f70ae49ed01aa306db
qasper,qasper,"Question: What sentiment analysis dataset is used?

",Answer:,en,,1.0,['IMDb dataset of movie reviews' 'IMDb'], The IMDb dataset is used.,2327,148,bae15e10e0f414a92fb0e943871ed25c3fc16183a3028012
qasper,qasper,"Question: What accuracy does the proposed system achieve?

",Answer:,en,,1.0,"['F1 scores of 85.99 on the DL-PS data,  75.15 on the EC-MT data and 71.53 on the EC-UQ data '
 'F1 of 85.99 on the DL-PS dataset (dialog domain); 75.15 on EC-MT and 71.53 on EC-UQ (e-commerce domain)']", unanswerable,5310,148,d022dfe02fb2a55b4baa40fe436f616aecd3f3ced1a58d7c
qasper,qasper,"Question: Did they experiment with this new dataset?

",Answer:,en,,1.0,['No'], yes,3445,148,43279ddf85ada1b163aa1b316a4df1418957058206501c26
qasper,qasper,"Question: Which stock market sector achieved the best performance?

",Answer:,en,,1.0,['Energy with accuracy of 0.538' 'Energy'], unanswerable,10349,148,c47ca982b6c4681c4741d4708801fa79a3e1cab17d0a2c4a
qasper,qasper,"Question: what NMT models did they compare with?

",Answer:,en,,1.0,"['RNN-based NMT model, Transformer-NMT']", they compared with the LCS based approach.,3708,148,1614ea21f8d039debfc655015f8133d0ef220837804ddf62
qasper,qasper,"Question: By how much did they improve?

",Answer:,en,,1.0,['They decrease MAE in 0.34'], The article does not specify a numerical improvement.,2735,148,680ef767fe2a990615d0bc1cb1bf5f7d23c8766209138826
qasper,qasper,"Question: How does their model improve interpretability compared to softmax transformers?

",Answer:,en,,1.0,"['the attention heads in the proposed adaptively sparse Transformer can specialize more and with higher confidence'
 'We introduce sparse attention into the Transformer architecture']"," Their model improves interpretability by allowing sparse attention, which assigns zero probabilities to irrelevant words, making the attention mechanisms clearer and more focused.",4902,148,8b6bf313950a892cbda035f2c7b3d8b01472ff34749f028d
qasper,qasper,"Question: what was the baseline?

",Answer:,en,,1.0,"[' MT system on the data released by BIBREF11'
 'Transformer base, two-pass CADec model']", the baseline was a sentence-level translation model.,3716,148,04af9dc96013a1bc7faecbc589f7ea5c207e92c7d9a3495e
qasper,qasper,"Question: What metrics are used for evaluation?

",Answer:,en,,1.0,"['translation probabilities, Labeled Attachment Scores (LAS)'
 'accuracy, Labeled Attachment Scores (LAS)']", XNLI test accuracy and Universal Dependencies v2.4 Labeled Attachment Scores (LAS),3402,148,3b069a546d5417be546f57d02981cf5ac68b4d3d6c55624a
qasper,qasper,"Question: Is WordNet useful for taxonomic reasoning for this task?

",Answer:,en,,1.0,['Unanswerable' 'Yes'], yes,6391,148,3ca65b23b3cb316653709b469b4a9b42b790e0350c76ae1a
qasper,qasper,"Question: what were the baselines?

",Answer:,en,,1.0,"['Unanswerable'
 'LF-MMI Attention\nSeq2Seq \nRNN-T \nChar E2E LF-MMI \nPhone E2E LF-MMI \nCTC + Gram-CTC']", unanswerable,1856,148,39352d304bd452de69fcc492ad458b72614e329b4509eb48
qasper,qasper,"Question: How many users do they look at?

",Answer:,en,,1.0,"['22,880 users' '20,000']"," They look at 22,880 users.",4160,148,18576b9ee9994a46dc0c7d916a009ff6d0964991541010ee
qasper,qasper,"Question: What labels do they create on their dataset?

",Answer:,en,,1.0,"['(1) the time the patient has been experiencing the symptom, (2) activities that trigger the symptom (to occur or worsen), (3) the extent of seriousness, (4) the frequency occurrence of the symptom, and (5) the location of symptom, No Answer'
 'the time the patient has been experiencing the symptom, activities that trigger the symptom, the extent of seriousness, the frequency occurrence of the symptom, the location of symptom, 9 symptoms']", They create labels for symptoms and their attributes.,3424,148,b72f9154e71c03d0403e06e50063325961ea2ad27c245763
qasper,qasper,"Question: What tasks are used for evaluation?

",Answer:,en,,1.0,"['four machine translation tasks: German -> English, Japanese -> English, Romanian -> English, English -> German'
 ' four machine translation tasks, IWSLT 2017 German $\\rightarrow $ English BIBREF27, KFTT Japanese $\\rightarrow $ English BIBREF28, WMT 2016 Romanian $\\rightarrow $ English BIBREF29, WMT 2014 English $\\rightarrow $ German BIBREF30']", The tasks used for evaluation are machine translation.,4898,148,11be2f14f540e957e9797cc962203b8186ca10561228f81f
qasper,qasper,"Question: What is the improvement in performance for Estonian in the NER task?

",Answer:,en,,1.0,['5 percent points.' '0.05 F1'], The improvement in performance for Estonian in the NER task is significant compared to fastText embeddings.,3290,148,bfc5d4d72997fdcc0107cd5cab9b9718777c43b86be45eb2
qasper,qasper,"Question: What background do they have?

",Answer:,en,,1.0,['Unanswerable']," They have a background in computational text analysis, social sciences, and humanities.",8506,148,65f7bdb541fd6f01fe866dcf694891f92533186085fcba20
qasper,qasper,"Question: LDA is an unsupervised method; is this paper introducing an unsupervised approach to spam detection?

",Answer:,en,,1.0,['No' 'No'], yes,2239,148,091b4028a3b5e9d8248c58f17a62fd16c878da69693cfbfb
qasper,qasper,"Question: Which languages are similar to each other?

",Answer:,en,,1.0,"['Nguni languages (zul, xho, nbl, ssw), Sotho languages (nso, sot, tsn)'
 'The Nguni languages are similar to each other, The same is true of the Sotho languages']", The Nguni languages and the Sotho languages are similar to each other.,1877,148,93004cdb0e6d24f5de0568ed952fd50655e42900dc9dbfdb
qasper,qasper,"Question: which lstm models did they compare with?

",Answer:,en,,1.0,"['Unidirectional LSTM networks with 2, 6, 7, 8, and  9 layers.']", they compared 2-layers distilled LSTM model with 6-layers and 9-layers LSTM models.,4286,148,3598040772b4950e6241b50125f7ab7038a8149060e3c381
qasper,qasper,"Question: How large is their data set?

",Answer:,en,,1.0,"['a sample of  29,794 wikipedia articles and 2,794 arXiv papers ']"," Their dataset consists of 29,794 articles.",4187,148,ecf37304ab84334d46491b0bd3d8bdc7cda33d54a15870f0
qasper,qasper,"Question: How were the human judgements assembled?

",Answer:,en,,1.0,"['50 human annotators ranked a random sample of 100 translations by Adequacy, Fluency and overall ranking on a 5-point scale.'
 'adequacy, precision and ranking values']", A group of 50 native speakers who were well-versed in both English and Tamil languages acted as annotators.,5344,148,1a1daeb5809cde7c7131d972f42ee43654a378c78d5182c8
qasper,qasper,"Question: Do they test their framework performance on commonly used language pairs, such as English-to-German?

",Answer:,en,,1.0,['Yes' 'Yes'], yes,4472,148,d1d93cefe6e2c643ecf128643f9362e3fa137ff54253a3ec
qasper,qasper,"Question: How are models evaluated in this human-machine communication game?

",Answer:,en,,1.0,"['by training an autocomplete system on 500K randomly sampled sentences from Yelp reviews'
 'efficiency of a communication scheme $(q_{\\alpha },p_{\\beta })$ by the retention rate of tokens, which is measured as the fraction of tokens that are kept in the keywords, accuracy of a scheme is measured as the fraction of sentences generated by greedily decoding the model that exactly matches the target sentence']", Models are evaluated based on the accuracy of reconstructing target sentences and the efficiency measured by the retention rate of tokens.,1873,148,92da01e7242f30f5266e431b4269fee1b0ca5fcc23aee095
qasper,qasper,"Question: What are the source and target domains?

",Answer:,en,,1.0,"['Book, electronics, beauty, music, IMDB, Yelp, cell phone, baby, DVDs, kitchen'
 'we use set 1 of the source domain as the only source with sentiment label information during training, and we evaluate the trained model on set 1 of the target domain, Book (BK), Electronics (E), Beauty (BT), and Music (M)']"," The source and target domains are the domains from which the data is drawn, with the source domain having labeled data and the target domain having unlabeled data.",5061,148,c92d96ed55bc5dcd92f963d3c5d26e52661b74e71090f24a
qasper,qasper,"Question: What neural network modules are included in NeuronBlocks?

",Answer:,en,,1.0,"['Embedding Layer, Neural Network Layers, Loss Function, Metrics'
 'Embedding Layer, Neural Network Layers, Loss Function, Metrics']"," Embedding Layer, Neural Network Layers, Loss Function, Metrics.",1678,148,d5280384a4496ef3358dc45dc0199b9198bd0d927be302ef
qasper,qasper,"Question: what datasets did they use?

",Answer:,en,,1.0,"['the Carnegie Mellon Pronouncing Dictionary BIBREF12, the multilingual pronunciation corpus collected by deri2016grapheme , ranscriptions extracted from Wiktionary'
 'multilingual pronunciation corpus collected by deri2016grapheme']", what datasets did they use?,3244,148,0b90a0a4b2cdceda62a9e2b165f0cfa1a34d34d800a46086
qasper,qasper,"Question: What were the baselines?

",Answer:,en,,1.0,"['varied from Maximum Entropy Classifiers (BIBREF4) to Support Vector Machines (BIBREF5,BIBREF6,BIBREF7,BIBREF8), Recursive Neural Networks (BIBREF9,BIBREF10), Convolutional Neural Networks (BIBREF11) and most recently transfer learning-based architectures like Bidirectional Encoder Representation from Transformers (BERT) (BIBREF12)']", unanswerable,2215,148,c9d48df129798d2aed0161fa805a289e5f75306af3e22336
qasper,qasper,"Question: What are the languages they use in their experiment?

",Answer:,en,,1.0,"['English\nFrench\nSpanish\nGerman\nGreek\nBulgarian\nRussian\nTurkish\nArabic\nVietnamese\nThai\nChinese\nHindi\nSwahili\nUrdu\nFinnish'
 'English, Spanish, Finnish']"," English, Spanish, and Finnish.",4086,148,443d051a54d96c296d9135dad3794d09f89ff91d6433d092
qasper,qasper,"Question: What other tasks do they test their method on?

",Answer:,en,,1.0,['None']," They test their method on Named Entity Recognition, POS tagging, and text classification.",2473,148,c2df5ec4b6b7dd1c56e05d6b3c0e244d0c44d68f117caf0e
qasper,qasper,"Question: Was PolyReponse evaluated against some baseline?

",Answer:,en,,1.0,['No' 'No'], unanswerable,2738,148,f545e80cf01375e891406755e35019032cb4b7621338b707
qasper,qasper,"Question: Ngrams of which length are aligned using PARENT?

",Answer:,en,,1.0,"['Unanswerable'
 'Answer with content missing: (Parent subsections) combine precisions for n-gram orders 1-4']", Ngrams of length 1 are aligned using PARENT.,3827,148,7e339da53449dbd58a1e815d55e440e712af6a1950f342b7
qasper,qasper,"Question: How large is the Twitter dataset?

",Answer:,en,,1.0,"['1,873 Twitter conversation threads, roughly 14k tweets'
 '1,873 Twitter conversation threads, roughly 14k tweets']"," The Twitter dataset consists of 1,873 conversation threads with a total of approximately 14,000 tweets.",3721,148,a3aadf47eb153a70559416ba375c57883aec1538a2b17fb5
qasper,qasper,"Question: What are two datasets model is applied to?

",Answer:,en,,1.0,"["" `Conversations Gone Awry' dataset, subreddit ChangeMyView""
 ""An expanded version of the existing 'Conversations Gone Awry' dataset and the ChangeMyView dataset, a subreddit whose only annotation is whether the conversation required action by the Reddit moderators. ""]", Two datasets model is applied to are the `Conversations Gone Awry` dataset and the Reddit CMV dataset.,4718,148,2589b46ee58a7600e17fa89a0d4fffd9a0faf1df49b3c035
qasper,qasper,"Question: Were any of the pipeline components based on deep learning models?

",Answer:,en,,1.0,['No' 'No'], no,2276,148,4c9552eec5c238657f8ed5237bf66067d3fdda2409a903b6
qasper,qasper,"Question: How is the quality of the data empirically evaluated? 

",Answer:,en,,1.0,"['Validated transcripts were sent to professional translators., various sanity checks to the translations,  sanity check the overlaps of train, development and test sets'
 'computed sentence-level BLEU, We manually inspected examples where the source transcript was identical to the translation, measured the perplexity of the translations, computed the ratio of English characters in the translations, calculate similarity scores between transcripts and translations']"," The quality of the data is empirically evaluated through sanity checks involving BLEU scores, language model perplexity, and VizSeq-based similarity calculations.",2435,148,bee3efb92996570d990ab04bfdf054835ef720b9dd1c6f5a
qasper,qasper,"Question: How do they combine audio and text sequences in their RNN?

",Answer:,en,,1.0,"['combines the information from these sources using a feed-forward neural model'
 'encodes the information from audio and text sequences using dual RNNs and then combines the information from these sources using a feed-forward neural model']", They combine audio and text sequences in their RNN by concatenating the final encoding vectors of the audio and text modalities.,3201,148,7e2663bb13493e18205f6aab469fee8b2a9df281a0ba0e2a
qasper,qasper,"Question: Which basic neural architecture perform best by itself?

",Answer:,en,,1.0,['BERT'], BERT performs best by itself.,1507,148,3dd2d62c046f3b559c34003f570ed35211000500b8f0145f
qasper,qasper,"Question: what is the source of the data?

",Answer:,en,,1.0,['Android application'], the data is sourced from crowdsourcing.,3795,148,d230ce079b2e4ecf5d9a987fb750dcbc319a537bdcfcc3d4
qasper,qasper,"Question: What machine learning and deep learning methods are used for RQE?

",Answer:,en,,1.0,"['Logistic Regression, neural networks']"," Logistic Regression and deep learning models such as Recurrent Neural Networks, Long Short Term Memory cells, and Convolutional Neural Networks.",7257,148,89a4fd3fce6114c3401790c6f9b5243fda094597657f348a
qasper,qasper,"Question: What is the benchmark dataset and is its quality high?

",Answer:,en,,1.0,"['Social Honeypot dataset (public) and Weibo dataset (self-collected); yes'
 'Social Honeypot, which is not of high quality']"," The benchmark dataset is the Social Honeypot dataset, and its quality is high.",2242,148,9c46084d667b60a92a3cebfb8fa56436fa1497668ce2af56
qasper,qasper,"Question: What architecture does the decoder have?

",Answer:,en,,1.0,['LSTM' 'LSTM'], The decoder uses an LSTM with attention mechanism.,2289,148,f755dcbd288905ec07a63f18ddee7ed22103c45e887a091e
qasper,qasper,"Question: Do they report results only on English data?

",Answer:,en,,1.0,['Unanswerable' 'Unanswerable'], no,3838,148,db4afd55783aaf6d069c5228152492cf0804e9cf310cb238
qasper,qasper,"Question: What is best performing model among author's submissions, what performance it had?

",Answer:,en,,1.0,"['For SLC task, the ""ltuorp"" team  has the best performing  model (0.6323/0.6028/0.6649 for F1/P/R  respectively) and for FLC task the ""newspeak"" team  has the best performing  model (0.2488/0.2863/0.2201 for F1/P/R respectively).']"," The best performing model among the authors' submissions is the ensemble of Logistic Regression, CNN, and BERT, achieving a performance of F1 score of 0.673.",1541,148,d25cf05e9fda9bdadb01c26a57122079766a565269fac749
qasper,qasper,"Question: what was the baseline?

",Answer:,en,,1.0,"['pivot-based translation relying on a helping language BIBREF10, nduction of phrase tables from monolingual data BIBREF14 , attentional RNN-based model (RNMT) BIBREF2, Transformer model BIBREF18, bi-directional model BIBREF11, multi-to-multi (M2M) model BIBREF8, back-translation BIBREF17'
 'M2M Transformer']", the baseline was the model trained without using any monolingual data.,4542,148,f55efaaee938369fc4be8a430e531c164168be643b3cfe57
qasper,qasper,"Question: What was their highest recall score?

",Answer:,en,,1.0,['0.7033' '0.7033'], 0.7033,6810,148,6ceab4edd1d0e37d217958e7e962697124ccb6a4f449f4af
qasper,qasper,"Question: What embedding techniques are explored in the paper?

",Answer:,en,,1.0,"['Skip–gram, CBOW' 'integrated vector-res, vector-faith, Skip–gram, CBOW']", Second-order co-occurrence vectors and word embeddings.,4259,148,710f7452388fe5d22e2329697dbc4fa17d2c9a53daedafa6
qasper,qasper,"Question: What models are used for painting embedding and what for language style transfer?

",Answer:,en,,1.0,"['generating a poem from images we use an existing actor-critic architecture, various types of sequence to sequence models']", Image-to-poem actor-critic model and seq2seq with attention for language style transfer.,1653,148,6eec5b0ef38f64f6a545677f730b4ea1c980db6d380de966
qasper,qasper,"Question: On top of BERT does the RNN layer work better or the transformer layer?

",Answer:,en,,1.0,['Transformer over BERT (ToBERT)' 'The transformer layer'], the transformer layer.,2655,148,d696cd0b146419d53d72071d8b8949fc562ea4addb87eb96
qasper,qasper,"Question: What cyberbulling topics did they address?

",Answer:,en,,1.0,"['personal attack, racism, and sexism'
 'racism, sexism, personal attack, not specifically about any single topic']"," They addressed personal attack, racism, and sexism.",3244,148,b805e336d2e8cce895100cfde3a536e632ddd5296ddece21
qasper,qasper,"Question: How many different types of entities exist in the dataset?

",Answer:,en,,1.0,"['OurNepali contains 3 different types of entities, ILPRL contains 4 different types of entities'
 'three']", 3,2851,148,ac6538e9c173ba7b453d6bf62480d56eb3761b5f6f73c328
qasper,qasper,"Question: What are strong baselines model is compared to?

",Answer:,en,,1.0,"['Baseline models are:\n- Chen et al., 2015a\n- Chen et al., 2015b\n- Liu et al., 2016\n- Cai and Zhao, 2016\n- Cai et al., 2017\n- Zhou et al., 2017\n- Ma et al., 2018\n- Wang et al., 2019']", unanswerable,3629,148,4f6f6dfa672ed697a94d1d1ee528e50645f01f568707b0b5
qasper,qasper,"Question: Which toolkits do they use?

",Answer:,en,,1.0,"['BIBREF17, BIBREF18, TensiStrength BIBREF13, TwitterNLP BIBREF6, BIBREF19, CogComp-NLP BIBREF20, Stanford NLP NER BIBREF21'
 'BIBREF23, BIBREF17, BIBREF18, BIBREF19, BIBREF24, BIBREF25, BIBREF26']"," They use BIBREF23, BIBREF17, BIBREF18, BIBREF19, BIBREF24, BIBREF25, TwitterNLP, CogComp-NLP, and Stanford NLP.",1452,148,4f1d5a7b6c42269c845959f8a8d7ef95cb7e0c122c9a721c
qasper,qasper,"Question: On what datasets are experiments performed?

",Answer:,en,,1.0,['SQuAD' 'SQuAD'], On the SQuAD dataset.,3757,148,5f7af98db66df4388108e26cde4781423ca2580bb48de4fa
qasper,qasper,"Question: what are the existing approaches?

",Answer:,en,,1.0,"['BOW-Tags, BOW-KL(Tags), BOW-All, GloVe']"," existing approaches include using bag-of-words representations, manual evaluation of image content, and integrating structured environmental data with textual descriptions from Flickr tags.",4658,148,a80067307d72e349f14a1f6765d914acf0b43764afe77ab7
qasper,qasper,"Question: Do they use attention?

",Answer:,en,,1.0,['Yes' 'Yes'], Yes.,1687,148,f3aba3579b9e3373ce708f10b33510d6a198c3bae58c5ad7
qasper,qasper,"Question: What sentiment classification dataset is used?

",Answer:,en,,1.0,['the IMDb movie review dataset BIBREF17' 'IMDb movie review'], The IMDb movie review dataset is used.,3432,148,e7efd3969adf95459805233e580d6e0c7539a4de09b4441e
qasper,qasper,"Question: Were any of these tasks evaluated in any previous work?

",Answer:,en,,1.0,['Yes' 'Yes'], yes,1464,148,6a78dbe4f8e30d35c13ea1f80e52df286f9e1f664f9c3d98
qasper,qasper,"Question: Is datasets for sentiment analysis balanced?

",Answer:,en,,1.0,['No'], unanswerable,1441,148,188fe9331293312465b4564e11ab36dfbcb37191e62a969c
qasper,qasper,"Question: What is the invertibility condition?

",Answer:,en,,1.0,"['The neural projector must be invertible.'
 'we constrain our neural projector with two requirements: (1) INLINEFORM0 and (2) INLINEFORM1 exists']"," The invertibility condition requires that the neural projector be invertible, with a Jacobian determinant that is non-zero and differentiable.",4323,148,0e83a6f7ee840931e1851402cc87bd34f52fe8bfa4dc1cab
qasper,qasper,"Question: what are the sizes of both datasets?

",Answer:,en,,1.0,"['training set has 89,042 sentence pairs, and the test set has 100 pairs, training set contains 296,402, 2,000 for development and 359 for testing'
 'WikiSmall  89 142 sentence pair and  WikiLarge 298 761 sentence pairs. ']", the sizes of both datasets are not explicitly stated in the article.,2266,148,0ce1ee7ab0f1557704a9d7f937e6f5182c665687a3e2b0d9
qasper,qasper,"Question: what pretrained word embeddings were used?

",Answer:,en,,1.0,"['Pretrained word embeddings  were not used'
 'GloVe, Edinburgh embeddings BIBREF14, Emoji embeddings BIBREF16']", GloVe embeddings were used.,1771,148,d17f6335089f3dd922f3d5400e3fc2ad1ca15202f4ac6467
qasper,qasper,"Question: What were their results on the new dataset?

",Answer:,en,,1.0,"['average recipe-level coherence scores of 1.78-1.82, human evaluators preferred personalized model outputs to baseline 63% of the time']", Their results showed that personalized models outperformed baselines in generating diverse and coherent recipes from the new dataset.,2666,148,d3dac3676da5685f20bae39814f760368752f5bd8db93500
qasper,qasper,"Question: What is the combination of rewards for reinforcement learning?

",Answer:,en,,1.0,"['irony accuracy, sentiment preservation'
 ' irony accuracy and sentiment preservation']", The combination of rewards for reinforcement learning is the irony reward and the sentiment reward.,4592,148,4eb3ad14a5fbb16b03f54ef42febd2f167f8b2a9f5a26343
qasper,qasper,"Question: What limitations do the authors demnostrate of their model?

",Answer:,en,,1.0,"['Since we do not have an end-to-end dataset, the generated English poem may not work well with Shakespeare style transfer'
 'we do not have an end-to-end dataset, the generated English poem may not work well with Shakespeare style transfer as shown in Figure FIGREF12 for ""Starry Night"" with a low average content score']"," The authors demonstrate that their model has limitations, such as the generated English poem may not work well with Shakespeare style transfer when the style transfer dataset does not have similar words in the training set.",1651,148,3b83a9c5c4dc7fa170724ce8378a276b8cbef90a62b13603
qasper,qasper,"Question: Which existing benchmarks did they compare to?

",Answer:,en,,1.0,"['Affective Text, Fairy Tales, ISEAR'
 ' Affective Text dataset, Fairy Tales dataset, ISEAR dataset']"," They compared to the Affective Text dataset, the Fairy Tales dataset, and the ISEAR dataset.",3390,148,88d89e5b02c860bd1fdac17796e2b6048a6d2b86950c4c12
qasper,qasper,"Question: How is the dataset of hashtags sourced?

",Answer:,en,,1.0,"['1,268 randomly selected tweets in the Stanford Sentiment Analysis Dataset BIBREF36, all 12,594 unique English hashtags and their associated tweets from the same Stanford dataset'
 'Stanford Sentiment Analysis Dataset BIBREF36']", The dataset of hashtags is sourced from the Stanford Sentiment Analysis Dataset.,3756,148,3278efeb1fb7f569dfd6ef8627cdefb5955b93b612fe2902
qasper,qasper,"Question: what accents are present in the corpus?

",Answer:,en,,1.0,['Unanswerable' 'Unanswerable'], unanswerable,3794,148,06feabc1e5ca23dbfd79cbb2ea42b436c85bf6ac6a8d4b14
qasper,qasper,"Question: What can word subspace represent?

",Answer:,en,,1.0,"['Word vectors, usually in the context of others within the same class']", Word subspace can represent the context of texts.,5151,148,26eccf323630722b689e91abd27fbbae0da4097e74865c33
qasper,qasper,"Question: Is SemCor3.0 reflective of English language data in general?

",Answer:,en,,1.0,['Yes' 'Unanswerable'], unanswerable,2000,148,3bb91d7f22ae15ff9fc6475233052ad0981ad7e812f7eaa7
qasper,qasper,"Question: What dataset did they use?

",Answer:,en,,1.0,"[' high-quality datasets  from SemEval-2016 “Sentiment Analysis in Twitter” task'
 ' SemEval-2016 “Sentiment Analysis in Twitter”']"," The SemEval-2016 ""Sentiment Analysis in Twitter"" dataset.",2738,148,981e544c9c90888f266707622e41e2c06b1b9b8ce6af525f
qasper,qasper,"Question: Do they use large or small BERT?

",Answer:,en,,1.0,['small BERT' 'small BERT'], small BERT,1999,148,168484fbdc83fc2e0c374e1d92ed08edca0c33669cd88a33
qasper,qasper,"Question: Are the automatically constructed datasets subject to quality control?

",Answer:,en,,1.0,['No' 'No'], yes,6391,148,a65a814bec0bd2085660d75fc5eeb39935a7cea44abab2b1
qasper,qasper,"Question: What was their performance on emotion detection?

",Answer:,en,,1.0,"[""Answer with content missing: (Table 3) Best author's model B-M average micro f-score is 0.409, 0.459, 0.411 on Affective, Fairy Tales and ISEAR datasets respectively. ""]", Their performance on emotion detection was competitive or state-of-the-art for some emotion labels.,3410,148,f4aa62dcbb2bac20bc9ef1361ad811d6822f66df83f0930d
qasper,qasper,"Question: What is the tagging scheme employed?

",Answer:,en,,1.0,"['A new tagging scheme that tags the words before and after the pun as well as the pun words.'
 'a new tagging scheme consisting of three tags, namely { INLINEFORM0 }']", The tagging scheme employed is a three-tag scheme consisting of {INLINEFORM0}.,2974,148,c276162e5903240b254238163922fb0ef59df8b8c706790f
qasper,qasper,"Question: Is Arabic one of the 11 languages in CoVost?

",Answer:,en,,1.0,['No' 'No'], no,2413,148,b69e327bf637183397c7d975df8e1c45fa1ad9866b71e6d1
qasper,qasper,"Question: What other sentence embeddings methods are evaluated?

",Answer:,en,,1.0,"['GloVe, BERT, Universal Sentence Encoder, TF-IDF, InferSent'
 'Avg. GloVe embeddings, Avg. fast-text embeddings, Avg. BERT embeddings, BERT CLS-vector, InferSent - GloVe and Universal Sentence Encoder.']"," InferSent, Universal Sentence Encoder, and average GloVe embeddings.",3862,148,c509e3bda123ac08967781ad78a55a157b876e9d0aa97adc
qasper,qasper,"Question: What are method's improvements of F1 for NER task for English and Chinese datasets?

",Answer:,en,,1.0,"['English datasets including CoNLL2003 and OntoNotes5.0, our proposed method outperforms BERT-MRCBIBREF38 by +0.29 and +0.96 respectively, Chinese datasets, achieving F1 improvements by +0.97 and +2.36 on MSRA and OntoNotes4.0, respectively'
 'For English datasets including CoNLL2003 and OntoNotes5.0, our proposed method outperforms BERT-MRCBIBREF38 by +0.29 and +0.96 respectively., huge performance boosts on Chinese datasets, achieving F1 improvements by +0.97 and +2.36 on MSRA and OntoNotes4.0, respectively']", The method improves F1 for NER task by +0.29 for English and +0.97 for Chinese datasets.,3586,148,76f663a13234c9da9f1d78c72b52d73ab37da0977e0001d8
qasper,qasper,"Question: What is te core component for KBQA?

",Answer:,en,,1.0,"['answer questions by obtaining information from KB tuples '
 'hierarchical matching between questions and relations with residual learning']", The core component for KBQA is relation detection.,4527,148,f028740d1aa46f5337578cc37bb55f6c8ac0864856b26096
qasper,qasper,"Question: What are the baseline models?

",Answer:,en,,1.0,"['name-based Nearest-Neighbor model (NN), Encoder-Decoder baseline with ingredient attention (Enc-Dec)']", An Encoder-Decoder baseline with ingredient attention.,2655,148,78ec3790de7582388e6f9f2e428ddd2f6cccef851a8fcd57
qasper,qasper,"Question: Which methods are considered to find examples of biases and unwarranted inferences??

",Answer:,en,,1.0,"['spot patterns by just looking at a collection of images, tag all descriptions with part-of-speech information, I applied Louvain clustering'
 'Looking for adjectives marking the noun ""baby"" and also looking for most-common adjectives related to certain nouns using POS-tagging']"," The methods considered to find examples of biases and unwarranted inferences include using a browser-based annotation tool, analyzing part-of-speech information, and leveraging the structure of Flickr30K Entities with coreference annotations and Louvain clustering.",2204,148,c6464e3b2dbf1c8412496fdef56cafcccd0ccb9dd1937886
qasper,qasper,"Question: What language do they explore?

",Answer:,en,,1.0,"['English, French, German '
 'French, English, Spanish, Italian, Portuguese, Hebrew, Arabic']"," They explore French, Spanish, Italian, and Hebrew.",2285,148,aaaf5a6e22afc0f84ee63ab9e8dfe9484462ef105aa44ec6
qasper,qasper,"Question: Do they report results only on English data?

",Answer:,en,,1.0,['Yes' 'Unanswerable'], no,6169,148,08034d93200eb0b2207fc07921f81e95f4a801c0961f3724
qasper,qasper,"Question: What summarization algorithms did the authors experiment with?

",Answer:,en,,1.0,"['LSA, TextRank, LexRank and ILP-based summary.' 'LSA, TextRank, LexRank']", The authors experiment with ILP-based summarization and algorithms from the Sumy package.,3045,148,36dd6c4714fb80bd70d4dc3805324eb2055fe272b85fa5c0
qasper,qasper,"Question: What was the previous state of the art for this task?

",Answer:,en,,1.0,['hLSTM' 'hLSTM'], The previous state of the art for this task was probabilistic graphical models that required a hyperparameter for the number of latent states.,3725,148,37555b3a43b9c65a02a522310fe737913a5863a33bf81c32
qasper,qasper,"Question: Which component is the least impactful?

",Answer:,en,,1.0,['Based on table results provided changing directed to undirected edges had least impact - max abs difference of 0.33 points on all three datasets.'], unanswerable,4180,148,c6bf18dbbe6ad2c777f3b2db9f35a1b23c9e3ec2d138b186
qasper,qasper,"Question: What is the corpus used for the task?

",Answer:,en,,1.0,"['DTA18, DTA19'
 'Diachronic Usage Relatedness (DURel) gold standard data set']", The corpus used for the task is DTA18 and DTA19.,1908,148,d0c52dceef7d3b347e2f4543e601576d4d68324e7c543a6d
qasper,qasper,"Question: Which 7 Indian languages do they experiment with?

",Answer:,en,,1.0,"['Hindi, English, Kannada, Telugu, Assamese, Bengali and Malayalam'
 'Kannada, Hindi, Telugu, Malayalam, Bengali,  English and Assamese (in table, missing in text)']"," Kannada, Hindi, Telugu, Malayalam, Bengali, and English.",2453,148,5acdda9ea1342cee04400bab5f4e3d23f394c14fa42f784d
qasper,qasper,"Question: What is the model performance on target language reading comprehension?

",Answer:,en,,1.0,"['Table TABREF6, Table TABREF8'
 'when testing on English, the F1 score of the model training on Chinese (Zh) is 53.8,  F1 score is only 44.1 for the model training on Zh-En']"," The model performance on target language reading comprehension is competitive, with some degradation when using translated data.",2492,148,7fc2e4d78ed71fd9cb767560f9f8f69124754bf212e2e3dc
qasper,qasper,"Question: How big is the difference in performance between proposed model and baselines?

",Answer:,en,,1.0,['Metric difference between Aloha and best baseline score:\nHits@1/20: +0.061 (0.3642 vs 0.3032)\nMRR: +0.0572(0.5114 vs 0.4542)\nF1: -0.0484 (0.3901 vs 0.4385)\nBLEU: +0.0474 (0.2867 vs 0.2393)'], The proposed model outperforms the baselines significantly.,5151,148,c3dc6e575eeee19145547b339ae1c7af914dfde59a652000
qasper,qasper,"Question: How much improvement is gained from Adversarial Reward Augmented Maximum Likelihood (ARAML)?

",Answer:,en,,1.0,"['ARAM has achieved improvement over all baseline methods using reverese perplexity and  slef-BLEU metric.  The maximum reverse perplexity improvement 936,16 is gained for EMNLP2017  WMT  dataset and  48,44 for COCO dataset.'
 'Compared to the baselines, ARAML does not do better in terms of perplexity on COCO and EMNLP 2017 WMT datasets, but it does by up to 0.27 Self-BLEU points on COCO and 0.35 Self-BLEU on EMNLP 2017 WMT. In terms of Grammaticality and Relevance, it scores better than the baselines on up to 75.5% and 73% of the cases respectively.']", The article does not provide a specific measure of improvement gained from ARAML.,3796,148,a8f155f6d0b86040e21fdb913b07c5fa675b82dbacc0674e
qasper,qasper,"Question: What evidence do the authors present that the model can capture some biases in data annotation and collection?

",Answer:,en,,1.0,['The authors showed few tweets where neither and implicit hatred content exist but the model was able to discriminate']," The authors present evidence that the model can capture some biases in data annotation and collection by analyzing the confusion matrices and showing that certain classes (like racism and sexism) are misclassified at higher rates, indicating potential biases in the datasets.",4119,148,f7c52845824592155b90b879209bfaf82e6a8598c9cb9db0
qasper,qasper,"Question: Were other baselines tested to compare with the neural baseline?

",Answer:,en,,1.0,"['SVM, No-Answer Baseline (NA) , Word Count Baseline, Human Performance'
 'No-Answer Baseline (NA), Word Count Baseline, Human Performance']", yes,3855,148,e48405471fa8e3af3ddf67e7e9deb109523dfab05dc9d659
qasper,qasper,"Question: What is the size of the dataset?

",Answer:,en,,1.0,"['Dataset contains 3606 total sentences and 79087 total entities.'
 'ILPRL contains 548 sentences, OurNepali contains 3606 sentences']", unanswerable,2843,148,9c060535b14310dff1d863489d6ecd52f7ecffda0dcc9fcb
qasper,qasper,"Question: What are method improvements of F1 for paraphrase identification?

",Answer:,en,,1.0,"['Using DSC loss improves the F1 score by +0.58 for MRPC and +0.73 for QQP'
 '+0.58']", Using DSC loss improves F1 for paraphrase identification.,3566,148,c624b6d8a5c2cbf6ad3c24de6e42d7b1b6504fe608ee3733
qasper,qasper,"Question: What datasets are used?

",Answer:,en,,1.0,"['Answer with content missing: (Whole Method and Results sections) The primary dataset we use is the ERP data collected and computed by Frank et al. (2015), and we also use behavioral data (eye-tracking data and self-paced reading times) from Frank et al. (2013) which were collected on the same set of 205 sentences.\nSelect:\n- ERP data collected and computed by Frank et al. (2015)\n- behavioral data (eye-tracking data and self-paced reading times) from Frank et al. (2013)'
 'the ERP data: BIBREF0']"," The datasets used include ERP components, eye-tracking data, and self-paced reading data.",1971,148,7fb2af0c4759875dc623bdfa5024e13f06a9288f1930470a
qasper,qasper,"Question: What data was presented to the subjects to elicit event-related responses?

",Answer:,en,,1.0,"['7 phonemic/syllabic ( /iy/, /piy/, /tiy/, /diy/, /uw/, /m/, /n/ ) as well as 4 words(pat, pot, knew and gnaw)'
 'KARA ONE BIBREF17 , composed of multimodal data for stimulus-based, imagined and articulated speech state corresponding to 7 phonemic/syllabic ( /iy/, /piy/, /tiy/, /diy/, /uw/, /m/, /n/ ) as well as 4 words(pat, pot, knew and gnaw)']", unanswerable,2379,148,ec83bdfec205fe7374404faa05fe5420a2a7922e251c573d
qasper,qasper,"Question: Which baselines are used for evaluation?

",Answer:,en,,1.0,"['Pointer-Gen, Pointer-Gen+Pos, Pointer-Gen+Same-FT, Pointer-Gen+Pos-FT, Pointer-Gen+RL-ROUGE, Pointer-Gen+RL-SEN']"," Pointer-Gen, Pointer-Gen+Pos, Pointer-Gen+Same-FT, Pointer-Gen+Pos-FT, Pointer-Gen+RL-ROUGE, Pointer-Gen+RL-SEN.",4085,148,57de270868df43af983000c70076588676aaf9bfb5fbfca5
qasper,qasper,"Question: What learning models are used on the dataset?

",Answer:,en,,1.0,"['Naïve Bayes (NB), Logistic Regression (LR), Support Vector Machine (SVM), Random Forests (RF), Gradient Boosted Trees (GBT),  Convolutional Neural Networks (CNN), Recurrent Neural Networks (RNN)'
 'Naïve Bayes (NB), Logistic Regression (LR), Support Vector Machine (SVM), Random Forests (RF), Gradient Boosted Trees (GBT), CNN, RNN']", Traditional machine learning models and neural network models.,2074,148,bd9de91e4f20f4d0e8cbd1d442c97022e5410cc9a814aa0e
qasper,qasper,"Question: What language model architectures are used?

",Answer:,en,,1.0,"['uni-directional model to augment the decoder'
 'bi-directional language model to augment the sequence to sequence encoder ,  uni-directional model to augment the decoder']", A bi-directional and a uni-directional language model architectures are used.,1914,148,0d39f8e4a71796ad340444ae3e5fe23b51beb9f47247d8a1
qasper,qasper,"Question: How are weights dynamically adjusted?

",Answer:,en,,1.0,"['One can think $(1-p_{i1})$ as a weight associated with each example, which changes as training proceeds. The intuition of changing $p_{i1}$ to $(1-p_{i1}) p_{i1}$ is to push down the weight of easy examples. For easy examples whose probability are approaching 0 or 1, $(1-p_{i1}) p_{i1}$ makes the model attach significantly less focus to them. Figure FIGREF23 gives gives an explanation from the perspective in derivative: the derivative of $\\frac{(1-p)p}{1+(1-p)p}$ with respect to $p$ approaches 0 immediately after $p$ approaches 0, which means the model attends less to examples once they are correctly classified.'
 'associates each training example with a weight in proportion to $(1-p)$, and this weight dynamically changes as training proceeds']"," Weights are dynamically adjusted by associating each training example with a weight proportional to $(1-p)$, which changes as training proceeds.",3640,148,677dad703988e8f26b322211803fad38ffe9e58d1725f51a
qasper,qasper,"Question: What does an individual model consist of?

",Answer:,en,,1.0,['Bayesian model of garg2012unsupervised as our base monolingual model'], A monolingual model consists of individual Bayesian models for each language.,3701,148,aad6558e94d7056e2b8acd03fbdac6448c16b0bf28d1f033
qasper,qasper,"Question: How is non-standard pronunciation identified?

",Answer:,en,,1.0,"['Unanswerable'
 'Original transcription was labeled with additional labels in [] brackets with nonstandard pronunciation.']"," non-standard pronunciation is identified through annotations of noises, disfluencies, and foreign words.",3018,148,4b9e15e7e39589f3a953e9e6637e00c28269be034f93c00b
qasper,qasper,"Question: which languages are explored?

",Answer:,en,,1.0,"['Bulgarian, Croatian, Czech, Danish, English, French, German, Indonesian, Italian, Norwegian, Persian, Polish, Portuguese, Slovenian, Spanish and Swedish'
 'Bulgarian, Croatian, Czech, Danish, English, French, German, Indonesian, Italian, Norwegian, Persian, Polish, Portuguese, Slovenian, Spanish , Swedish']"," Bulgarian, Croatian, Czech, Danish, English, French, German, Indonesian, Italian, Norwegian, Persian, Polish, Portuguese, Slovenian, Spanish, and Swedish.",2697,148,b96a5e2e8d4b32aff5401e97c66942bf33f6c3c62a43609d
qasper,qasper,"Question: How effective is their NCEL approach overall?

",Answer:,en,,1.0,['NCEL consistently outperforms various baselines with a favorable generalization ability']," NCEL is highly effective, outperforming baselines across multiple datasets and demonstrating strong generalization ability.",4113,148,914ecea04fa73d3a61afe04a4dabd1dc5b80a0aa66784a9b
qasper,qasper,"Question: Is the data de-identified?

",Answer:,en,,1.0,['Yes' 'Yes'], yes,4592,148,757c3e92861be1ad45a06d157bb10fe162bd2163bc3baa6c
qasper,qasper,"Question: What was the baseline used?

",Answer:,en,,1.0,['error detection system by Rei2016' 'error detection system by Rei2016'], unanswerable,2132,148,1fc62062641bf85a160d7465aefb91870235e6c815b392cf
qasper,qasper,"Question: where did they obtain the annotated clinical notes from?

",Answer:,en,,1.0,"['clinical notes from the CE task in 2010 i2b2/VA'
 'clinical notes from the CE task in 2010 i2b2/VA ']", they obtained the annotated clinical notes from the 2010 i2b2/VA task.,3432,148,e7860b94e9aedb1f9b1e5a8839cb1424486c3f2dd69ee124
qasper,qasper,"Question: Why masking words in the decoder is helpful?

",Answer:,en,,1.0,"[""ecause this process is similar to the cloze task in BERT's pre-train process, therefore by using the ability of the contextual language model the decoder can generate more fluent and natural sequences.""]"," Masking words in the decoder is helpful because it allows the model to focus on one word at a time, improving the quality of the generated summary by considering both sides of the context.",3919,148,ea4db579b5224fe0fa413ee436a5f4f56777dfa3e25d99d7
qasper,qasper,"Question: Which dataset do they use?

",Answer:,en,,1.0,"['Unanswerable' ' Paraphrase Database (PPDB) ,  book corpus'
 'Unanswerable']", They use the Paraphrase Database (PPDB).,1902,148,f3b5a2a6642523c5347d7612ee64a3378c6592ea58a0857e
qasper,qasper,"Question: What features are used?

",Answer:,en,,1.0,['Unanswerable'], TF-IDF features are used.,2108,148,10f50fd914b227d12f503b3ef4ac5fe772e70f44557c17b5
qasper,qasper,"Question: How is the dataset annotated?

",Answer:,en,,1.0,"['no evidence of depression, depressed mood, disturbed sleep, fatigue or loss of energy'
 'The annotations are based on evidence of depression and further annotated by the depressive symptom if there is evidence of depression']"," Each tweet is annotated as no evidence of depression or evidence of depression, with further annotation of specific depressive symptoms if applicable.",1947,148,a49d38fea6e6ffd631d227f17753ce20624d17bd8a04ee03
qasper,qasper,"Question: Which eight NER tasks did they evaluate on?

",Answer:,en,,1.0,"['BC5CDR-disease, NCBI-disease, BC5CDR-chem, BC4CHEMD, BC2GM, JNLPBA, LINNAEUS, Species-800'
 'BC5CDR-disease, NCBI-disease, BC5CDR-chem, BC4CHEMD, BC2GM, JNLPBA, LINNAEUS, Species-800']", They evaluated on eight NER tasks used in BIBREF2.,2800,148,591249c5522d87dcf4eeb6e1fc35bbf56a2290d23c83544d
qasper,qasper,"Question: How was the training data translated?

",Answer:,en,,1.0,"['using the machine translation platform Apertium '
 'machine translation platform Apertium BIBREF5']", The training data was translated using the machine translation platform Apertium.,2423,148,c09598fc924dab440fb92fcd82dff116759ed11f5947b3c0
qasper,qasper,"Question: What model did they use for their system?

",Answer:,en,,1.0,['AllWords model by counting the frequencies of all the remaining words and training a multinomial Naive Bayes classifier'], A multinomial Naive Bayes classifier.,4177,148,679cbfcf05ceb304bfbc0f4ea24597aeff90611a76a374a2
qasper,qasper,"Question: What baselines do they compare with?

",Answer:,en,,1.0,"['They compare with the following models: by Pedersen (2017), by Pramanick and Das (2017), by Mikhalkova and Karyakin (2017),  by Vadehra (2017), Indurthi and Oota (2017), by Vechtomova (2017), by (Cai et al., 2018), and CRF.']", They compare with baselines that do not employ joint learning.,2991,148,2561836b391d69be52ba4d97583238407f2fa80afef9a15b
qasper,qasper,"Question: In what language are the tweets?

",Answer:,en,,1.0,['English' 'English ' 'English'], The tweets are in English.,2240,148,85a7083bae278e83df0fea37003937a9294638f488a18a83
qasper,qasper,"Question: How many layers does the UTCNN model have?

",Answer:,en,,1.0,['eight layers'], three,4487,148,c8ddf1d2e1192893ee5bf9e0ffdeb6762a7a2f719d299c28
qasper,qasper,"Question: what dataset is used in this paper?

",Answer:,en,,1.0,[' the same datasets as BIBREF7' 'same datasets as BIBREF7'], the dataset used in this paper is the European network of nature protected sites Natura 2000 dataset.,4661,148,3f3d64d45cd4761fa7a9da94fbc4c41b27f3a7b856117638
qasper,qasper,"Question: What are the clinical datasets used in the paper?

",Answer:,en,,1.0,"['MEDDOCAN, NUBes-PHI' 'MEDDOCAN, NUBes ']", The clinical datasets used in the paper are NUBes-PHI and MEDDOCAN.,4528,148,806667777a33e5aede1bd3a62cbb5562f99b2223f68b98fe
qasper,qasper,"Question: What traditional linguistics features did they use?

",Answer:,en,,1.0,['Unanswerable'], They used unigrams and pragmatic features.,3543,148,ed98266f89745750cb92ebc16c941888f1b0291d405d14e2
qasper,qasper,"Question: What metrics are used to establish that this makes chatbots more knowledgeable and better at learning and conversation? 

",Answer:,en,,1.0,"['Coverage, Avg. MCC and avg. +ve F1 score'
 'strategy formulation ability, we introduce a measure called Coverage( INLINEFORM0 ), To evaluate the predictive performance, we use Avg. MCC and avg. +ve F1 score']", Avg. MCC and avg. +ve F1 score.,5869,148,ede810c7fa069014dc1b6fe66c54079ce1fe81903c684600
qasper,qasper,"Question: Do they employ their indexing-based method to create a sample of a QA Wikipedia dataset?

",Answer:,en,,1.0,['Yes' 'No'], yes,1910,148,be6e56c9310a931e883d529da75b125058563bcf4d8d16d0
qasper,qasper,"Question: What experiments are conducted?

",Answer:,en,,1.0,"['Irony Classifier, Sentiment Classifier for Irony, Sentiment Classifier for Non-irony, transformation from ironic sentences to non-ironic sentences']"," What experiments are conducted?

The article mentions experiments conducted on the transformation from non-ironic to ironic sentences and vice versa, including human evaluation and automatic evaluation metrics.",4600,148,78224546bfb859e5412a0d5ef1b030ea0b3844c9987c79ff
qasper,qasper,"Question: How does Gaussian-masked directional multi-head attention works?

",Answer:,en,,1.0,"['pays attentions to adjacent characters and casts a localness relationship between the characters as a fixed Gaussian weight assuming the weight relies on the distance between characters'
 'Gaussian-masked directional attention can be described as a function to map queries and key-value pairs to the representation of input, Gaussian-masked directional attention expects to pay attention to the adjacent characters of each positions and cast the localness relationship between characters as a fix Gaussian weight for attention, Gaussian weight only relys on the distance between characters']", Gaussian-masked directional multi-head attention works by applying a Gaussian weight matrix to focus on adjacent characters and combining multiple attention heads to capture different aspects of the input.,3612,148,34e4bb298d4e2c19c2fce8670a00196cddd9f361eeb09a9a
qasper,qasper,"Question: What types of social media did they consider?

",Answer:,en,,1.0,['Facebook status update messages' 'Facebook status update messages'], Facebook.,4005,148,b80ef6cf65d0728f2a3a6c812d50121f97dc555c71d8871d
qasper,qasper,"Question: What are the network's baseline features?

",Answer:,en,,1.0,[' The features extracted from CNN.'], The network's baseline features are the features extracted from the CNN without using pre-trained models.,4855,148,c6aff9577f2b48117cc4b4d11e8acfc1ffb55ec48717b69b
qasper,qasper,"Question: Which hyperparameters were varied in the experiments on the four tasks?

",Answer:,en,,1.0,"['number of clusters, seed value in clustering, selection of word vectors, window size and dimension of embedding'
 'different number of clusters, different embeddings']", The number of clusters was varied in the experiments on the four tasks.,2753,148,9c415874c0c9fba5d1111bf3d9cb379fcbeff17fcccb560a
qasper,qasper,"Question: How large is the corpus?

",Answer:,en,,1.0,"['8,275 sentences and 167,739 words in total'
 'The corpus comprises 8,275 sentences and 167,739 words in total.']"," The corpus consists of 53 documents, containing a total of 167,739 words.",2669,148,3b3fcd0ee773501a21c5eb6159746fa29bdc3498329525e5
qasper,qasper,"Question: Is it possible to convert a cloze-style questions to a naturally-looking questions?

",Answer:,en,,1.0,['Unanswerable' 'Unanswerable'], yes,2764,148,ca91b274c44baec976e7acbd926d7d823fd5a81e34dfcce1
qasper,qasper,"Question: What NLP tasks do they consider?

",Answer:,en,,1.0,"['text classification for themes including sentiment, web-page, science, medical and healthcare']", They consider text categorization and sentiment classification.,3591,148,eb64a6b64d9837a23cd1824be1986861b0b23d98ff1c52b1
qasper,qasper,"Question: How larger are the training sets of these versions of ELMo compared to the previous ones?

",Answer:,en,,1.0,['By 14 times.' 'up to 1.95 times larger'], The training sets of these versions of ELMo are significantly larger compared to the previous ones.,3294,148,0012658ce252037bf12bb47de21ea785b1ee2731e5bd809f
qasper,qasper,"Question: How many sentences does the dataset contain?

",Answer:,en,,1.0,['3606' '6946'], The dataset contains 6946 sentences.,2835,148,547c0b203cd3f5e26ebf4709ca03599db12e8d1bb08bc1ba
qasper,qasper,"Question: Which models/frameworks do they compare to?

",Answer:,en,,1.0,"['MLP' 'Eusboost, MWMOTE']", They compare to Eusboost and MWMOTE.,2474,148,d999910bed46747299b4c315cc345dc978d979252f65d39e
qasper,qasper,"Question: Does their NER model learn NER from both text and images?

",Answer:,en,,1.0,['Yes' 'Yes'], yes,3784,148,b3d9af44008c13b316e929ad00b8eeea477fdbf5aa50eab7
qasper,qasper,"Question: Do they evaluate only on English datasets?

",Answer:,en,,1.0,['Yes' 'Unanswerable'], no,4320,148,2f457d7ab54cb1afc5be7e5171425354617f49b8f75d90fa
qasper,qasper,"Question: What was their highest MRR score?

",Answer:,en,,1.0,['0.5115' '0.6103'], 0.6103,6810,148,160075b535e7b0c17c873ce4ffc5bfc9735ba43fcff32757
qasper,qasper,"Question: What datasets do they evaluate on?

",Answer:,en,,1.0,[' Wall Street Journal (WSJ) portion of the Penn Treebank' 'Unanswerable'], They evaluate on the Wall Street Journal (WSJ) portion of the Penn Treebank.,4327,148,dd771b6e98a15ceb55e41e4c6e948e1ab1248d51111fb5c1
qasper,qasper,"Question: How do the authors evidence the claim that many engineers find it a big overhead to choose from multiple frameworks, models and optimization techniques?

",Answer:,en,,1.0,['By conducting a survey among engineers' 'Unanswerable'], The authors evidence this claim by stating that building models under these frameworks requires a large overhead of mastering framework details.,1692,148,f0f715a6867aa0e4b6ef1eab6827162fba00296faa55114e
qasper,qasper,"Question: On which benchmarks they achieve the state of the art?

",Answer:,en,,1.0,"['SimpleQuestions, WebQSP' 'WebQSP, SimpleQuestions']", On SimpleQuestions and WebQSP.,4524,148,9de7829de79f59d8deeb2d8ecc1652d081394c258cbce691
