language,max_new_tokens,_id,answer_prefix,compression_ratio,all_classes,question,answers,task,length,predicted_answer,dataset
en,148,3ac3eef636db11635a21a61804cb28e92c546a5686dd1e12,Answer:,1.0,,"Question: How is the ground truth for fake news established?

",['Ground truth is not established in the paper'],qasper,3141, The ground truth for fake news is established through manual labeling by an expert.,qasper
en,148,e419f2bff9d2ab7c3b60b3250caccd2d9ae1285ec3e8e818,Answer:,1.0,,"Question: By how much does their model outperform the state of the art results?

","['the attention model, MDREA, also outperforms the best existing research results (WAP 0.690 to 0.688)']",qasper,3207, By 68.8% to 71.8%.,qasper
en,148,9fb085a1f47673d1907f2378c90843b4b6e8622a14fe1fa9,Answer:,1.0,,"Question: What additional features and context are proposed?

","['using tweets that one has replied or quoted to as contextual information'
 'text sequences of context tweets']",qasper,2060," The article proposes using context tweets, which provide additional contextual information to improve the detection of abusive language.",qasper
en,148,14e88916523197e066dbb743339685621db47c4beb503abb,Answer:,1.0,,"Question: Which Facebook pages did they look at?

","['FoxNews, CNN, ESPN, New York Times, Time magazine, Huffington Post Weird News, The Guardian, Cartoon Network, Cooking Light, Home Cooking Adventure, Justin Bieber, Nickelodeon, Spongebob, Disney'
 'FoxNews, CNN, ESPN, New York Times, Time magazine, Huffington Post Weird News, The Guardian, Cartoon Network, Cooking Light, Home Cooking Adventure, Justin Bieber, Nickelodeon, Spongebob, Disney.']",qasper,3411," They looked at FoxNews, CNN, ESPN, New York Times, Time magazine, Huffington Post, Weird News, The Guardian, Cartoon Network, Cooking Light, Home Cooking Adventure, Justin Bieber, Nickelodeon, Spongebob, and Disney.",qasper
en,148,c109a25d23a8c5c95af8697ef1ac51cd3bee93c67521af6d,Answer:,1.0,,"Question: Do the hashtag and SemEval datasets contain only English data?

",['Yes' 'Yes'],qasper,3735, yes,qasper
en,148,072d3de1a7122730a13a31db3eede4113af2d920814f0aaa,Answer:,1.0,,"Question: What type of evaluation is proposed for this task?

","['Answer with content missing: (Evaluation Metrics section) Precision, Recall, F1-scores, Strict match, METEOR, ROUGE-2']",qasper,4263, The proposed evaluation is based on the importance scores of propositions and their correlation with manual responsiveness scores.,qasper
en,148,8fa5af6a36dd0b6b73900b2ec6f6e43a652a3e7d2b827a58,Answer:,1.0,,"Question: What are the datasets used for evaluation?

","['CNN/DailyMail news highlights, New York Times Annotated Corpus, XSum'
 'the CNN/DailyMail news highlights dataset BIBREF24, the New York Times Annotated Corpus (NYT; BIBREF25), XSum BIBREF22']",qasper,4369," The datasets used for evaluation are CNN/DailyMail, NYT, and XSum.",qasper
en,148,5f00d4f6e62f4b99484eb78491f803f8143cc1b13ad33816,Answer:,1.0,,"Question: How does this approach compare to other WSD approaches employing word embeddings?

",['GM$\\_$KL achieves better correlation than existing approaches for various metrics on SCWS dataset.'],qasper,2189, This approach outperforms other WSD approaches employing word embeddings on benchmark datasets.,qasper
en,148,91dd7b7a6ead4025763812d70dc51c6674b0acf31bd5a5f0,Answer:,1.0,,"Question: How does their ensemble method work?

",['simply averaging the predictions from the constituent single models'],qasper,4212," The ensemble method works by averaging the predictions from constituent single models, selecting the best performing models through a greedy approach.",qasper
en,148,fe6e5087f91071369646d9d868d784a290d0d13013292b61,Answer:,1.0,,"Question: What are the sources of the datasets?

","['Friends TV sitcom, Facebook messenger chats']",qasper,3185, The sources of the datasets are the scripts of the Friends TV sitcom and Facebook messenger chats.,qasper
en,148,51b9066a5f2845e2fdf0d1dcde6833f70ae49ed01aa306db,Answer:,1.0,,"Question: what language does this paper focus on?

",['English' 'Simple English'],qasper,2243, The paper focuses on the English language.,qasper
en,148,bae15e10e0f414a92fb0e943871ed25c3fc16183a3028012,Answer:,1.0,,"Question: What sentiment analysis dataset is used?

",['IMDb dataset of movie reviews' 'IMDb'],qasper,2327, The IMDb dataset is used for sentiment analysis.,qasper
en,148,d022dfe02fb2a55b4baa40fe436f616aecd3f3ced1a58d7c,Answer:,1.0,,"Question: What accuracy does the proposed system achieve?

","['F1 scores of 85.99 on the DL-PS data,  75.15 on the EC-MT data and 71.53 on the EC-UQ data '
 'F1 of 85.99 on the DL-PS dataset (dialog domain); 75.15 on EC-MT and 71.53 on EC-UQ (e-commerce domain)']",qasper,5310," The proposed system outperforms strong baseline systems, but the exact accuracy is not specified.",qasper
en,148,43279ddf85ada1b163aa1b316a4df1418957058206501c26,Answer:,1.0,,"Question: Did they experiment with this new dataset?

",['No'],qasper,3445, yes,qasper
en,148,c47ca982b6c4681c4741d4708801fa79a3e1cab17d0a2c4a,Answer:,1.0,,"Question: Which stock market sector achieved the best performance?

",['Energy with accuracy of 0.538' 'Energy'],qasper,10349, The article does not specify which stock market sector achieved the best performance.,qasper
en,148,1614ea21f8d039debfc655015f8133d0ef220837804ddf62,Answer:,1.0,,"Question: what NMT models did they compare with?

","['RNN-based NMT model, Transformer-NMT']",qasper,3708, They compared RNN-based NMT and Transformer-NMT models.,qasper
en,148,680ef767fe2a990615d0bc1cb1bf5f7d23c8766209138826,Answer:,1.0,,"Question: By how much did they improve?

",['They decrease MAE in 0.34'],qasper,2735," The article does not specify the exact amount of improvement, so the answer is ""unanswerable"".",qasper
en,148,8b6bf313950a892cbda035f2c7b3d8b01472ff34749f028d,Answer:,1.0,,"Question: How does their model improve interpretability compared to softmax transformers?

","['the attention heads in the proposed adaptively sparse Transformer can specialize more and with higher confidence'
 'We introduce sparse attention into the Transformer architecture']",qasper,4902," The model improves interpretability by allowing sparse attention, which enables crisper examples of attention head behavior and novel behaviors due to sparsity and adaptivity.",qasper
en,148,04af9dc96013a1bc7faecbc589f7ea5c207e92c7d9a3495e,Answer:,1.0,,"Question: what was the baseline?

","[' MT system on the data released by BIBREF11'
 'Transformer base, two-pass CADec model']",qasper,3716, The baseline was the model trained on 6m instances of sentence pairs with a relative time overlap of subtitle frames between source and target language subtitles.,qasper
en,148,3b069a546d5417be546f57d02981cf5ac68b4d3d6c55624a,Answer:,1.0,,"Question: What metrics are used for evaluation?

","['translation probabilities, Labeled Attachment Scores (LAS)'
 'accuracy, Labeled Attachment Scores (LAS)']",qasper,3402, The metrics used for evaluation are XNLI test accuracy and Labeled Attachment Scores (LAS) for dependency parsing.,qasper
en,148,3ca65b23b3cb316653709b469b4a9b42b790e0350c76ae1a,Answer:,1.0,,"Question: Is WordNet useful for taxonomic reasoning for this task?

",['Unanswerable' 'Yes'],qasper,6391, yes,qasper
en,148,39352d304bd452de69fcc492ad458b72614e329b4509eb48,Answer:,1.0,,"Question: what were the baselines?

","['Unanswerable'
 'LF-MMI Attention\nSeq2Seq \nRNN-T \nChar E2E LF-MMI \nPhone E2E LF-MMI \nCTC + Gram-CTC']",qasper,1856, The baselines were conventional automatic speech recognition (ASR) systems with independently learned components.,qasper
en,148,18576b9ee9994a46dc0c7d916a009ff6d0964991541010ee,Answer:,1.0,,"Question: How many users do they look at?

","['22,880 users' '20,000']",qasper,4160," They look at 22,880 users.",qasper
en,148,b72f9154e71c03d0403e06e50063325961ea2ad27c245763,Answer:,1.0,,"Question: What labels do they create on their dataset?

","['(1) the time the patient has been experiencing the symptom, (2) activities that trigger the symptom (to occur or worsen), (3) the extent of seriousness, (4) the frequency occurrence of the symptom, and (5) the location of symptom, No Answer'
 'the time the patient has been experiencing the symptom, activities that trigger the symptom, the extent of seriousness, the frequency occurrence of the symptom, the location of symptom, 9 symptoms']",qasper,3424, They create labels for symptoms and their attributes.,qasper
en,148,11be2f14f540e957e9797cc962203b8186ca10561228f81f,Answer:,1.0,,"Question: What tasks are used for evaluation?

","['four machine translation tasks: German -> English, Japanese -> English, Romanian -> English, English -> German'
 ' four machine translation tasks, IWSLT 2017 German $\\rightarrow $ English BIBREF27, KFTT Japanese $\\rightarrow $ English BIBREF28, WMT 2016 Romanian $\\rightarrow $ English BIBREF29, WMT 2014 English $\\rightarrow $ German BIBREF30']",qasper,4898, The tasks used for evaluation are machine translation.,qasper
en,148,bfc5d4d72997fdcc0107cd5cab9b9718777c43b86be45eb2,Answer:,1.0,,"Question: What is the improvement in performance for Estonian in the NER task?

",['5 percent points.' '0.05 F1'],qasper,3290, The improvement in performance for Estonian in the NER task is significant compared to fastText embeddings.,qasper
en,148,65f7bdb541fd6f01fe866dcf694891f92533186085fcba20,Answer:,1.0,,"Question: What background do they have?

",['Unanswerable'],qasper,8506," They have backgrounds in various disciplines, including the humanities, social sciences, and computational methods.",qasper
en,148,091b4028a3b5e9d8248c58f17a62fd16c878da69693cfbfb,Answer:,1.0,,"Question: LDA is an unsupervised method; is this paper introducing an unsupervised approach to spam detection?

",['No' 'No'],qasper,2239, yes,qasper
en,148,93004cdb0e6d24f5de0568ed952fd50655e42900dc9dbfdb,Answer:,1.0,,"Question: Which languages are similar to each other?

","['Nguni languages (zul, xho, nbl, ssw), Sotho languages (nso, sot, tsn)'
 'The Nguni languages are similar to each other, The same is true of the Sotho languages']",qasper,1877, The Nguni languages and the Sotho languages are similar to each other.,qasper
en,148,3598040772b4950e6241b50125f7ab7038a8149060e3c381,Answer:,1.0,,"Question: which lstm models did they compare with?

","['Unidirectional LSTM networks with 2, 6, 7, 8, and  9 layers.']",qasper,4286, They compared 2-layers regular-trained Amap model with 2-layers Shenma model further trained with sMBR.,qasper
en,148,ecf37304ab84334d46491b0bd3d8bdc7cda33d54a15870f0,Answer:,1.0,,"Question: How large is their data set?

","['a sample of  29,794 wikipedia articles and 2,794 arXiv papers ']",qasper,4187," The dataset consists of 29,794 articles.",qasper
en,148,1a1daeb5809cde7c7131d972f42ee43654a378c78d5182c8,Answer:,1.0,,"Question: How were the human judgements assembled?

","['50 human annotators ranked a random sample of 100 translations by Adequacy, Fluency and overall ranking on a 5-point scale.'
 'adequacy, precision and ranking values']",qasper,5344," Human judgements were assembled by having 50 native speakers evaluate the translations for adequacy, fluency, and ranking.",qasper
en,148,d1d93cefe6e2c643ecf128643f9362e3fa137ff54253a3ec,Answer:,1.0,,"Question: Do they test their framework performance on commonly used language pairs, such as English-to-German?

",['Yes' 'Yes'],qasper,4472, yes,qasper
en,148,92da01e7242f30f5266e431b4269fee1b0ca5fcc23aee095,Answer:,1.0,,"Question: How are models evaluated in this human-machine communication game?

","['by training an autocomplete system on 500K randomly sampled sentences from Yelp reviews'
 'efficiency of a communication scheme $(q_{\\alpha },p_{\\beta })$ by the retention rate of tokens, which is measured as the fraction of tokens that are kept in the keywords, accuracy of a scheme is measured as the fraction of sentences generated by greedily decoding the model that exactly matches the target sentence']",qasper,1873, Models are evaluated based on the retention rate of tokens and the accuracy of reconstructing the target sentence.,qasper
en,148,c92d96ed55bc5dcd92f963d3c5d26e52661b74e71090f24a,Answer:,1.0,,"Question: What are the source and target domains?

","['Book, electronics, beauty, music, IMDB, Yelp, cell phone, baby, DVDs, kitchen'
 'we use set 1 of the source domain as the only source with sentiment label information during training, and we evaluate the trained model on set 1 of the target domain, Book (BK), Electronics (E), Beauty (BT), and Music (M)']",qasper,5061," The source domain is the existing domain with sufficient labeled data, and the target domain is the new domain with very few or no labeled data.",qasper
en,148,d5280384a4496ef3358dc45dc0199b9198bd0d927be302ef,Answer:,1.0,,"Question: What neural network modules are included in NeuronBlocks?

","['Embedding Layer, Neural Network Layers, Loss Function, Metrics'
 'Embedding Layer, Neural Network Layers, Loss Function, Metrics']",qasper,1678," NeuronBlocks includes modules such as embedding layers, neural network layers (RNN, CNN, Transformer, etc.), attention mechanisms, regularization layers, and loss functions.",qasper
en,148,0b90a0a4b2cdceda62a9e2b165f0cfa1a34d34d800a46086,Answer:,1.0,,"Question: what datasets did they use?

","['the Carnegie Mellon Pronouncing Dictionary BIBREF12, the multilingual pronunciation corpus collected by deri2016grapheme , ranscriptions extracted from Wiktionary'
 'multilingual pronunciation corpus collected by deri2016grapheme']",qasper,3244," They used the multilingual pronunciation corpus collected by deri2016grapheme, which consists of spelling–pronunciation pairs extracted from Wiktionary.",qasper
en,148,c9d48df129798d2aed0161fa805a289e5f75306af3e22336,Answer:,1.0,,"Question: What were the baselines?

","['varied from Maximum Entropy Classifiers (BIBREF4) to Support Vector Machines (BIBREF5,BIBREF6,BIBREF7,BIBREF8), Recursive Neural Networks (BIBREF9,BIBREF10), Convolutional Neural Networks (BIBREF11) and most recently transfer learning-based architectures like Bidirectional Encoder Representation from Transformers (BERT) (BIBREF12)']",qasper,2215," The baselines were the previous approaches and models used for speculation detection and scope resolution, including rule-based systems and earlier machine learning techniques.",qasper
en,148,443d051a54d96c296d9135dad3794d09f89ff91d6433d092,Answer:,1.0,,"Question: What are the languages they use in their experiment?

","['English\nFrench\nSpanish\nGerman\nGreek\nBulgarian\nRussian\nTurkish\nArabic\nVietnamese\nThai\nChinese\nHindi\nSwahili\nUrdu\nFinnish'
 'English, Spanish, Finnish']",qasper,4086," The languages used in their experiment are English, Spanish, and Finnish.",qasper
en,148,c2df5ec4b6b7dd1c56e05d6b3c0e244d0c44d68f117caf0e,Answer:,1.0,,"Question: What other tasks do they test their method on?

",['None'],qasper,2473," They test their method on Named Entity Recognition, POS tagging, text classification, and language modeling.",qasper
en,148,f545e80cf01375e891406755e35019032cb4b7621338b707,Answer:,1.0,,"Question: Was PolyReponse evaluated against some baseline?

",['No' 'No'],qasper,2738, yes,qasper
en,148,7e339da53449dbd58a1e815d55e440e712af6a1950f342b7,Answer:,1.0,,"Question: Ngrams of which length are aligned using PARENT?

","['Unanswerable'
 'Answer with content missing: (Parent subsections) combine precisions for n-gram orders 1-4']",qasper,3827, Ngrams of order 7.,qasper
en,148,a3aadf47eb153a70559416ba375c57883aec1538a2b17fb5,Answer:,1.0,,"Question: How large is the Twitter dataset?

","['1,873 Twitter conversation threads, roughly 14k tweets'
 '1,873 Twitter conversation threads, roughly 14k tweets']",qasper,3721," The Twitter dataset consists of 1,873 conversation threads, roughly 14k tweets.",qasper
en,148,2589b46ee58a7600e17fa89a0d4fffd9a0faf1df49b3c035,Answer:,1.0,,"Question: What are two datasets model is applied to?

","["" `Conversations Gone Awry' dataset, subreddit ChangeMyView""
 ""An expanded version of the existing 'Conversations Gone Awry' dataset and the ChangeMyView dataset, a subreddit whose only annotation is whether the conversation required action by the Reddit moderators. ""]",qasper,4718, The model is applied to the expanded `Conversations Gone Awry' dataset and the ChangeMyView (CMV) dataset.,qasper
en,148,4c9552eec5c238657f8ed5237bf66067d3fdda2409a903b6,Answer:,1.0,,"Question: Were any of the pipeline components based on deep learning models?

",['No' 'No'],qasper,2276, unanswerable,qasper
en,148,bee3efb92996570d990ab04bfdf054835ef720b9dd1c6f5a,Answer:,1.0,,"Question: How is the quality of the data empirically evaluated? 

","['Validated transcripts were sent to professional translators., various sanity checks to the translations,  sanity check the overlaps of train, development and test sets'
 'computed sentence-level BLEU, We manually inspected examples where the source transcript was identical to the translation, measured the perplexity of the translations, computed the ratio of English characters in the translations, calculate similarity scores between transcripts and translations']",qasper,2435," The quality of the data is empirically evaluated through sanity checks including BLEU scores, perplexity, character ratio, and similarity scores using LASER embeddings.",qasper
en,148,7e2663bb13493e18205f6aab469fee8b2a9df281a0ba0e2a,Answer:,1.0,,"Question: How do they combine audio and text sequences in their RNN?

","['combines the information from these sources using a feed-forward neural model'
 'encodes the information from audio and text sequences using dual RNNs and then combines the information from these sources using a feed-forward neural model']",qasper,3201, They combine audio and text sequences in their RNN by using dual recurrent encoders that process both modalities independently and then concatenate their outputs.,qasper
en,148,3dd2d62c046f3b559c34003f570ed35211000500b8f0145f,Answer:,1.0,,"Question: Which basic neural architecture perform best by itself?

",['BERT'],qasper,1507, BERT performs best by itself.,qasper
en,148,d230ce079b2e4ecf5d9a987fb750dcbc319a537bdcfcc3d4,Answer:,1.0,,"Question: what is the source of the data?

",['Android application'],qasper,3795, The data is collected using crowdsourcing through an Android application.,qasper
en,148,89a4fd3fce6114c3401790c6f9b5243fda094597657f348a,Answer:,1.0,,"Question: What machine learning and deep learning methods are used for RQE?

","['Logistic Regression, neural networks']",qasper,7257," Logistic Regression and deep learning models, including neural networks and recurrent neural networks.",qasper
en,148,9c46084d667b60a92a3cebfb8fa56436fa1497668ce2af56,Answer:,1.0,,"Question: What is the benchmark dataset and is its quality high?

","['Social Honeypot dataset (public) and Weibo dataset (self-collected); yes'
 'Social Honeypot, which is not of high quality']",qasper,2242," The benchmark dataset is the Social Honeypot dataset, and its quality is high.",qasper
en,148,f755dcbd288905ec07a63f18ddee7ed22103c45e887a091e,Answer:,1.0,,"Question: What architecture does the decoder have?

",['LSTM' 'LSTM'],qasper,2289, The decoder has an LSTM architecture with an attention mechanism.,qasper
en,148,db4afd55783aaf6d069c5228152492cf0804e9cf310cb238,Answer:,1.0,,"Question: Do they report results only on English data?

",['Unanswerable' 'Unanswerable'],qasper,3838, unanswerable,qasper
en,148,d25cf05e9fda9bdadb01c26a57122079766a565269fac749,Answer:,1.0,,"Question: What is best performing model among author's submissions, what performance it had?

","['For SLC task, the ""ltuorp"" team  has the best performing  model (0.6323/0.6028/0.6649 for F1/P/R  respectively) and for FLC task the ""newspeak"" team  has the best performing  model (0.2488/0.2863/0.2201 for F1/P/R respectively).']",qasper,1541, The best performing model among the authors' submissions was the system ranked 3rd in FLC and 4th in SLC tasks.,qasper
en,148,f55efaaee938369fc4be8a430e531c164168be643b3cfe57,Answer:,1.0,,"Question: what was the baseline?

","['pivot-based translation relying on a helping language BIBREF10, nduction of phrase tables from monolingual data BIBREF14 , attentional RNN-based model (RNMT) BIBREF2, Transformer model BIBREF18, bi-directional model BIBREF11, multi-to-multi (M2M) model BIBREF8, back-translation BIBREF17'
 'M2M Transformer']",qasper,4542, The baseline was the M2M Transformer NMT model (b3).,qasper
en,148,6ceab4edd1d0e37d217958e7e962697124ccb6a4f449f4af,Answer:,1.0,,"Question: What was their highest recall score?

",['0.7033' '0.7033'],qasper,6810, Their highest recall score was 0.7033.,qasper
en,148,710f7452388fe5d22e2329697dbc4fa17d2c9a53daedafa6,Answer:,1.0,,"Question: What embedding techniques are explored in the paper?

","['Skip–gram, CBOW' 'integrated vector-res, vector-faith, Skip–gram, CBOW']",qasper,4259, Word embedding techniques such as word2vec and second-order co-occurrence vectors.,qasper
en,148,6eec5b0ef38f64f6a545677f730b4ea1c980db6d380de966,Answer:,1.0,,"Question: What models are used for painting embedding and what for language style transfer?

","['generating a poem from images we use an existing actor-critic architecture, various types of sequence to sequence models']",qasper,1653," A CNN-RNN model is used for painting embedding, and a sequence-to-sequence model with global attention is used for language style transfer.",qasper
en,148,d696cd0b146419d53d72071d8b8949fc562ea4addb87eb96,Answer:,1.0,,"Question: On top of BERT does the RNN layer work better or the transformer layer?

",['Transformer over BERT (ToBERT)' 'The transformer layer'],qasper,2655, The transformer layer works better on top of BERT.,qasper
en,148,b805e336d2e8cce895100cfde3a536e632ddd5296ddece21,Answer:,1.0,,"Question: What cyberbulling topics did they address?

","['personal attack, racism, and sexism'
 'racism, sexism, personal attack, not specifically about any single topic']",qasper,3244," They addressed personal attack, racism, and sexism.",qasper
en,148,ac6538e9c173ba7b453d6bf62480d56eb3761b5f6f73c328,Answer:,1.0,,"Question: How many different types of entities exist in the dataset?

","['OurNepali contains 3 different types of entities, ILPRL contains 4 different types of entities'
 'three']",qasper,2851, Three different types of entities exist in the dataset.,qasper
en,148,4f6f6dfa672ed697a94d1d1ee528e50645f01f568707b0b5,Answer:,1.0,,"Question: What are strong baselines model is compared to?

","['Baseline models are:\n- Chen et al., 2015a\n- Chen et al., 2015b\n- Liu et al., 2016\n- Cai and Zhao, 2016\n- Cai et al., 2017\n- Zhou et al., 2017\n- Ma et al., 2018\n- Wang et al., 2019']",qasper,3629, Strong baselines models are compared to in terms of performance on benchmark datasets.,qasper
en,148,4f1d5a7b6c42269c845959f8a8d7ef95cb7e0c122c9a721c,Answer:,1.0,,"Question: Which toolkits do they use?

","['BIBREF17, BIBREF18, TensiStrength BIBREF13, TwitterNLP BIBREF6, BIBREF19, CogComp-NLP BIBREF20, Stanford NLP NER BIBREF21'
 'BIBREF23, BIBREF17, BIBREF18, BIBREF19, BIBREF24, BIBREF25, BIBREF26']",qasper,1452," They use TensiStrength, TwitterNLP, CogComp-NLP, Stanford NLP, and commercial toolkits BIBREF17 and BIBREF18.",qasper
en,148,5f7af98db66df4388108e26cde4781423ca2580bb48de4fa,Answer:,1.0,,"Question: On what datasets are experiments performed?

",['SQuAD' 'SQuAD'],qasper,3757, The experiments are performed on the SQuAD dataset.,qasper
en,148,a80067307d72e349f14a1f6765d914acf0b43764afe77ab7,Answer:,1.0,,"Question: what are the existing approaches?

","['BOW-Tags, BOW-KL(Tags), BOW-All, GloVe']",qasper,4658," Existing approaches include using Flickr tags for modeling urban environments, identifying points-of-interest, and itineraries, as well as using bag-of-words representations for predicting environmental phenomena.",qasper
en,148,f3aba3579b9e3373ce708f10b33510d6a198c3bae58c5ad7,Answer:,1.0,,"Question: Do they use attention?

",['Yes' 'Yes'],qasper,1687, yes,qasper
en,148,e7efd3969adf95459805233e580d6e0c7539a4de09b4441e,Answer:,1.0,,"Question: What sentiment classification dataset is used?

",['the IMDb movie review dataset BIBREF17' 'IMDb movie review'],qasper,3432, The IMDb movie review dataset.,qasper
en,148,6a78dbe4f8e30d35c13ea1f80e52df286f9e1f664f9c3d98,Answer:,1.0,,"Question: Were any of these tasks evaluated in any previous work?

",['Yes' 'Yes'],qasper,1464, yes,qasper
en,148,188fe9331293312465b4564e11ab36dfbcb37191e62a969c,Answer:,1.0,,"Question: Is datasets for sentiment analysis balanced?

",['No'],qasper,1441, no,qasper
en,148,0e83a6f7ee840931e1851402cc87bd34f52fe8bfa4dc1cab,Answer:,1.0,,"Question: What is the invertibility condition?

","['The neural projector must be invertible.'
 'we constrain our neural projector with two requirements: (1) INLINEFORM0 and (2) INLINEFORM1 exists']",qasper,4323," The invertibility condition requires the neural projector to be invertible, allowing for tractable exact inference and marginal likelihood computation.",qasper
en,148,0ce1ee7ab0f1557704a9d7f937e6f5182c665687a3e2b0d9,Answer:,1.0,,"Question: what are the sizes of both datasets?

","['training set has 89,042 sentence pairs, and the test set has 100 pairs, training set contains 296,402, 2,000 for development and 359 for testing'
 'WikiSmall  89 142 sentence pair and  WikiLarge 298 761 sentence pairs. ']",qasper,2266," The sizes of the datasets are 89,042 sentence pairs in the training set and 100 pairs in the test set for WikiSmall, and 296,402 sentence pairs in the training set for WikiLarge.",qasper
en,148,d17f6335089f3dd922f3d5400e3fc2ad1ca15202f4ac6467,Answer:,1.0,,"Question: what pretrained word embeddings were used?

","['Pretrained word embeddings  were not used'
 'GloVe, Edinburgh embeddings BIBREF14, Emoji embeddings BIBREF16']",qasper,1771," GloVe, Edinburgh embeddings, and Emoji embeddings.",qasper
en,148,d3dac3676da5685f20bae39814f760368752f5bd8db93500,Answer:,1.0,,"Question: What were their results on the new dataset?

","['average recipe-level coherence scores of 1.78-1.82, human evaluators preferred personalized model outputs to baseline 63% of the time']",qasper,2666," Their results showed that personalized models outperformed baselines in generating plausible, coherent, and user-specific recipes.",qasper
en,148,4eb3ad14a5fbb16b03f54ef42febd2f167f8b2a9f5a26343,Answer:,1.0,,"Question: What is the combination of rewards for reinforcement learning?

","['irony accuracy, sentiment preservation'
 ' irony accuracy and sentiment preservation']",qasper,4592, The combination of rewards for reinforcement learning includes an irony reward and a sentiment reward.,qasper
en,148,3b83a9c5c4dc7fa170724ce8378a276b8cbef90a62b13603,Answer:,1.0,,"Question: What limitations do the authors demnostrate of their model?

","['Since we do not have an end-to-end dataset, the generated English poem may not work well with Shakespeare style transfer'
 'we do not have an end-to-end dataset, the generated English poem may not work well with Shakespeare style transfer as shown in Figure FIGREF12 for ""Starry Night"" with a low average content score']",qasper,1651, The authors demonstrate that the model's generated English poem may not work well with Shakespeare style transfer due to a lack of similar words in the training set.,qasper
en,148,88d89e5b02c860bd1fdac17796e2b6048a6d2b86950c4c12,Answer:,1.0,,"Question: Which existing benchmarks did they compare to?

","['Affective Text, Fairy Tales, ISEAR'
 ' Affective Text dataset, Fairy Tales dataset, ISEAR dataset']",qasper,3390," They compared to the Affective Text dataset, the Fairy Tales dataset, and the ISEAR dataset.",qasper
en,148,3278efeb1fb7f569dfd6ef8627cdefb5955b93b612fe2902,Answer:,1.0,,"Question: How is the dataset of hashtags sourced?

","['1,268 randomly selected tweets in the Stanford Sentiment Analysis Dataset BIBREF36, all 12,594 unique English hashtags and their associated tweets from the same Stanford dataset'
 'Stanford Sentiment Analysis Dataset BIBREF36']",qasper,3756, The dataset of hashtags is sourced from the Stanford Sentiment Analysis Dataset.,qasper
en,148,06feabc1e5ca23dbfd79cbb2ea42b436c85bf6ac6a8d4b14,Answer:,1.0,,"Question: what accents are present in the corpus?

",['Unanswerable' 'Unanswerable'],qasper,3794, unanswerable,qasper
en,148,26eccf323630722b689e91abd27fbbae0da4097e74865c33,Answer:,1.0,,"Question: What can word subspace represent?

","['Word vectors, usually in the context of others within the same class']",qasper,5151, A compact and meaningful representation of the context of the corresponding text.,qasper
en,148,3bb91d7f22ae15ff9fc6475233052ad0981ad7e812f7eaa7,Answer:,1.0,,"Question: Is SemCor3.0 reflective of English language data in general?

",['Yes' 'Unanswerable'],qasper,2000, unanswerable,qasper
en,148,981e544c9c90888f266707622e41e2c06b1b9b8ce6af525f,Answer:,1.0,,"Question: What dataset did they use?

","[' high-quality datasets  from SemEval-2016 “Sentiment Analysis in Twitter” task'
 ' SemEval-2016 “Sentiment Analysis in Twitter”']",qasper,2738," The SemEval-2016 ""Sentiment Analysis in Twitter"" dataset.",qasper
en,148,168484fbdc83fc2e0c374e1d92ed08edca0c33669cd88a33,Answer:,1.0,,"Question: Do they use large or small BERT?

",['small BERT' 'small BERT'],qasper,1999, They use small BERT.,qasper
en,148,a65a814bec0bd2085660d75fc5eeb39935a7cea44abab2b1,Answer:,1.0,,"Question: Are the automatically constructed datasets subject to quality control?

",['No' 'No'],qasper,6391, yes,qasper
en,148,f4aa62dcbb2bac20bc9ef1361ad811d6822f66df83f0930d,Answer:,1.0,,"Question: What was their performance on emotion detection?

","[""Answer with content missing: (Table 3) Best author's model B-M average micro f-score is 0.409, 0.459, 0.411 on Affective, Fairy Tales and ISEAR datasets respectively. ""]",qasper,3410," Their performance on emotion detection achieved competitive or state-of-the-art results for some emotion labels on existing, standard evaluation datasets.",qasper
en,148,c276162e5903240b254238163922fb0ef59df8b8c706790f,Answer:,1.0,,"Question: What is the tagging scheme employed?

","['A new tagging scheme that tags the words before and after the pun as well as the pun words.'
 'a new tagging scheme consisting of three tags, namely { INLINEFORM0 }']",qasper,2974," The tagging scheme employed is a three-tag scheme consisting of {INLINEFORM0, INLINEFORM1, INLINEFORM2}.",qasper
en,148,b69e327bf637183397c7d975df8e1c45fa1ad9866b71e6d1,Answer:,1.0,,"Question: Is Arabic one of the 11 languages in CoVost?

",['No' 'No'],qasper,2413, unanswerable,qasper
en,148,c509e3bda123ac08967781ad78a55a157b876e9d0aa97adc,Answer:,1.0,,"Question: What other sentence embeddings methods are evaluated?

","['GloVe, BERT, Universal Sentence Encoder, TF-IDF, InferSent'
 'Avg. GloVe embeddings, Avg. fast-text embeddings, Avg. BERT embeddings, BERT CLS-vector, InferSent - GloVe and Universal Sentence Encoder.']",qasper,3862," InferSent, Universal Sentence Encoder, and average GloVe embeddings.",qasper
en,148,76f663a13234c9da9f1d78c72b52d73ab37da0977e0001d8,Answer:,1.0,,"Question: What are method's improvements of F1 for NER task for English and Chinese datasets?

","['English datasets including CoNLL2003 and OntoNotes5.0, our proposed method outperforms BERT-MRCBIBREF38 by +0.29 and +0.96 respectively, Chinese datasets, achieving F1 improvements by +0.97 and +2.36 on MSRA and OntoNotes4.0, respectively'
 'For English datasets including CoNLL2003 and OntoNotes5.0, our proposed method outperforms BERT-MRCBIBREF38 by +0.29 and +0.96 respectively., huge performance boosts on Chinese datasets, achieving F1 improvements by +0.97 and +2.36 on MSRA and OntoNotes4.0, respectively']",qasper,3586," The method improves F1 scores for NER tasks by +0.29 on CoNLL03, +0.96 on OntoNotes5.0, +0.97 on MSRA, and +2.36 on OntoNotes4.0.",qasper
en,148,f028740d1aa46f5337578cc37bb55f6c8ac0864856b26096,Answer:,1.0,,"Question: What is te core component for KBQA?

","['answer questions by obtaining information from KB tuples '
 'hierarchical matching between questions and relations with residual learning']",qasper,4527, The core component for KBQA is the improved relation detection model.,qasper
en,148,78ec3790de7582388e6f9f2e428ddd2f6cccef851a8fcd57,Answer:,1.0,,"Question: What are the baseline models?

","['name-based Nearest-Neighbor model (NN), Encoder-Decoder baseline with ingredient attention (Enc-Dec)']",qasper,2655, The baseline model is a simple Encoder-Decoder baseline with ingredient attention.,qasper
en,148,c6464e3b2dbf1c8412496fdef56cafcccd0ccb9dd1937886,Answer:,1.0,,"Question: Which methods are considered to find examples of biases and unwarranted inferences??

","['spot patterns by just looking at a collection of images, tag all descriptions with part-of-speech information, I applied Louvain clustering'
 'Looking for adjectives marking the noun ""baby"" and also looking for most-common adjectives related to certain nouns using POS-tagging']",qasper,2204," The methods considered include manual inspection of images and descriptions, tagging part-of-speech information, and using coreference annotations to create a coreference graph.",qasper
en,148,aaaf5a6e22afc0f84ee63ab9e8dfe9484462ef105aa44ec6,Answer:,1.0,,"Question: What language do they explore?

","['English, French, German '
 'French, English, Spanish, Italian, Portuguese, Hebrew, Arabic']",qasper,2285," They explore French, Spanish, Italian, Portuguese, Hebrew, Arabic, and German.",qasper
en,148,08034d93200eb0b2207fc07921f81e95f4a801c0961f3724,Answer:,1.0,,"Question: Do they report results only on English data?

",['Yes' 'Unanswerable'],qasper,6169, yes,qasper
en,148,36dd6c4714fb80bd70d4dc3805324eb2055fe272b85fa5c0,Answer:,1.0,,"Question: What summarization algorithms did the authors experiment with?

","['LSA, TextRank, LexRank and ILP-based summary.' 'LSA, TextRank, LexRank']",qasper,3045, The authors experimented with ILP-based summarization and several algorithms from the Sumy package.,qasper
en,148,37555b3a43b9c65a02a522310fe737913a5863a33bf81c32,Answer:,1.0,,"Question: What was the previous state of the art for this task?

",['hLSTM' 'hLSTM'],qasper,3725, The previous state of the art for this task involved probabilistic graphical models that required specifying the number of latent states.,qasper
en,148,c6bf18dbbe6ad2c777f3b2db9f35a1b23c9e3ec2d138b186,Answer:,1.0,,"Question: Which component is the least impactful?

",['Based on table results provided changing directed to undirected edges had least impact - max abs difference of 0.33 points on all three datasets.'],qasper,4180," The component with the least impact is the use of undirected edges, as it performs worse on some datasets compared to directed edges.",qasper
en,148,d0c52dceef7d3b347e2f4543e601576d4d68324e7c543a6d,Answer:,1.0,,"Question: What is the corpus used for the task?

","['DTA18, DTA19'
 'Diachronic Usage Relatedness (DURel) gold standard data set']",qasper,1908, The corpus used for the task is DTA18 and DTA19.,qasper
en,148,5acdda9ea1342cee04400bab5f4e3d23f394c14fa42f784d,Answer:,1.0,,"Question: Which 7 Indian languages do they experiment with?

","['Hindi, English, Kannada, Telugu, Assamese, Bengali and Malayalam'
 'Kannada, Hindi, Telugu, Malayalam, Bengali,  English and Assamese (in table, missing in text)']",qasper,2453," The 7 Indian languages they experiment with are Kannada, Hindi, Telugu, Malayalam, Bengali, and English.",qasper
en,148,7fc2e4d78ed71fd9cb767560f9f8f69124754bf212e2e3dc,Answer:,1.0,,"Question: What is the model performance on target language reading comprehension?

","['Table TABREF6, Table TABREF8'
 'when testing on English, the F1 score of the model training on Chinese (Zh) is 53.8,  F1 score is only 44.1 for the model training on Zh-En']",qasper,2492, The model achieves competitive performance on target language reading comprehension.,qasper
en,148,c3dc6e575eeee19145547b339ae1c7af914dfde59a652000,Answer:,1.0,,"Question: How big is the difference in performance between proposed model and baselines?

",['Metric difference between Aloha and best baseline score:\nHits@1/20: +0.061 (0.3642 vs 0.3032)\nMRR: +0.0572(0.5114 vs 0.4542)\nF1: -0.0484 (0.3901 vs 0.4385)\nBLEU: +0.0474 (0.2867 vs 0.2393)'],qasper,5151, The proposed model outperforms the baselines.,qasper
en,148,a8f155f6d0b86040e21fdb913b07c5fa675b82dbacc0674e,Answer:,1.0,,"Question: How much improvement is gained from Adversarial Reward Augmented Maximum Likelihood (ARAML)?

","['ARAM has achieved improvement over all baseline methods using reverese perplexity and  slef-BLEU metric.  The maximum reverse perplexity improvement 936,16 is gained for EMNLP2017  WMT  dataset and  48,44 for COCO dataset.'
 'Compared to the baselines, ARAML does not do better in terms of perplexity on COCO and EMNLP 2017 WMT datasets, but it does by up to 0.27 Self-BLEU points on COCO and 0.35 Self-BLEU on EMNLP 2017 WMT. In terms of Grammaticality and Relevance, it scores better than the baselines on up to 75.5% and 73% of the cases respectively.']",qasper,3796," The article does not provide specific numerical data on the exact amount of improvement gained from ARAML. Therefore, the answer is ""unanswerable"".",qasper
en,148,f7c52845824592155b90b879209bfaf82e6a8598c9cb9db0,Answer:,1.0,,"Question: What evidence do the authors present that the model can capture some biases in data annotation and collection?

",['The authors showed few tweets where neither and implicit hatred content exist but the model was able to discriminate'],qasper,4119, The authors present evidence that the model can detect biases in dataset collection and annotation by identifying misclassifications stemming from biased data sources and annotation rules.,qasper
en,148,e48405471fa8e3af3ddf67e7e9deb109523dfab05dc9d659,Answer:,1.0,,"Question: Were other baselines tested to compare with the neural baseline?

","['SVM, No-Answer Baseline (NA) , Word Count Baseline, Human Performance'
 'No-Answer Baseline (NA), Word Count Baseline, Human Performance']",qasper,3855, yes,qasper
en,148,9c060535b14310dff1d863489d6ecd52f7ecffda0dcc9fcb,Answer:,1.0,,"Question: What is the size of the dataset?

","['Dataset contains 3606 total sentences and 79087 total entities.'
 'ILPRL contains 548 sentences, OurNepali contains 3606 sentences']",qasper,2843, The size of the dataset is not explicitly mentioned.,qasper
en,148,c624b6d8a5c2cbf6ad3c24de6e42d7b1b6504fe608ee3733,Answer:,1.0,,"Question: What are method improvements of F1 for paraphrase identification?

","['Using DSC loss improves the F1 score by +0.58 for MRPC and +0.73 for QQP'
 '+0.58']",qasper,3566," The method improvements of F1 for paraphrase identification include using the DSC loss, which boosts F1 scores by +0.58 on MRPC and +0.73 on QQP.",qasper
en,148,7fb2af0c4759875dc623bdfa5024e13f06a9288f1930470a,Answer:,1.0,,"Question: What datasets are used?

","['Answer with content missing: (Whole Method and Results sections) The primary dataset we use is the ERP data collected and computed by Frank et al. (2015), and we also use behavioral data (eye-tracking data and self-paced reading times) from Frank et al. (2013) which were collected on the same set of 205 sentences.\nSelect:\n- ERP data collected and computed by Frank et al. (2015)\n- behavioral data (eye-tracking data and self-paced reading times) from Frank et al. (2013)'
 'the ERP data: BIBREF0']",qasper,1971," The datasets used include ERP components, eye-tracking data, and self-paced reading time.",qasper
en,148,ec83bdfec205fe7374404faa05fe5420a2a7922e251c573d,Answer:,1.0,,"Question: What data was presented to the subjects to elicit event-related responses?

","['7 phonemic/syllabic ( /iy/, /piy/, /tiy/, /diy/, /uw/, /m/, /n/ ) as well as 4 words(pat, pot, knew and gnaw)'
 'KARA ONE BIBREF17 , composed of multimodal data for stimulus-based, imagined and articulated speech state corresponding to 7 phonemic/syllabic ( /iy/, /piy/, /tiy/, /diy/, /uw/, /m/, /n/ ) as well as 4 words(pat, pot, knew and gnaw)']",qasper,2379," The article does not specify the exact data presented to the subjects to elicit event-related responses. Therefore, the answer is ""unanswerable"".",qasper
en,148,57de270868df43af983000c70076588676aaf9bfb5fbfca5,Answer:,1.0,,"Question: Which baselines are used for evaluation?

","['Pointer-Gen, Pointer-Gen+Pos, Pointer-Gen+Same-FT, Pointer-Gen+Pos-FT, Pointer-Gen+RL-ROUGE, Pointer-Gen+RL-SEN']",qasper,4085," Pointer-Gen, Pointer-Gen+Pos, Pointer-Gen+Same-FT, Pointer-Gen+Pos-FT, Pointer-Gen+RL-ROUGE, Pointer-Gen+RL-SEN",qasper
en,148,bd9de91e4f20f4d0e8cbd1d442c97022e5410cc9a814aa0e,Answer:,1.0,,"Question: What learning models are used on the dataset?

","['Naïve Bayes (NB), Logistic Regression (LR), Support Vector Machine (SVM), Random Forests (RF), Gradient Boosted Trees (GBT),  Convolutional Neural Networks (CNN), Recurrent Neural Networks (RNN)'
 'Naïve Bayes (NB), Logistic Regression (LR), Support Vector Machine (SVM), Random Forests (RF), Gradient Boosted Trees (GBT), CNN, RNN']",qasper,2074, Traditional machine learning classifiers and neural network based models.,qasper
en,148,0d39f8e4a71796ad340444ae3e5fe23b51beb9f47247d8a1,Answer:,1.0,,"Question: What language model architectures are used?

","['uni-directional model to augment the decoder'
 'bi-directional language model to augment the sequence to sequence encoder ,  uni-directional model to augment the decoder']",qasper,1914, A bi-directional and a uni-directional language model architectures are used.,qasper
en,148,677dad703988e8f26b322211803fad38ffe9e58d1725f51a,Answer:,1.0,,"Question: How are weights dynamically adjusted?

","['One can think $(1-p_{i1})$ as a weight associated with each example, which changes as training proceeds. The intuition of changing $p_{i1}$ to $(1-p_{i1}) p_{i1}$ is to push down the weight of easy examples. For easy examples whose probability are approaching 0 or 1, $(1-p_{i1}) p_{i1}$ makes the model attach significantly less focus to them. Figure FIGREF23 gives gives an explanation from the perspective in derivative: the derivative of $\\frac{(1-p)p}{1+(1-p)p}$ with respect to $p$ approaches 0 immediately after $p$ approaches 0, which means the model attends less to examples once they are correctly classified.'
 'associates each training example with a weight in proportion to $(1-p)$, and this weight dynamically changes as training proceeds']",qasper,3640," Weights are dynamically adjusted by associating each training example with a weight proportional to $(1-p)$, which changes as training proceeds.",qasper
en,148,aad6558e94d7056e2b8acd03fbdac6448c16b0bf28d1f033,Answer:,1.0,,"Question: What does an individual model consist of?

",['Bayesian model of garg2012unsupervised as our base monolingual model'],qasper,3701, An individual model consists of a Bayesian model for each language.,qasper
en,148,4b9e15e7e39589f3a953e9e6637e00c28269be034f93c00b,Answer:,1.0,,"Question: How is non-standard pronunciation identified?

","['Unanswerable'
 'Original transcription was labeled with additional labels in [] brackets with nonstandard pronunciation.']",qasper,3018," Non-standard pronunciation is identified through annotations of disfluencies, mispronunciations, and other speech irregularities.",qasper
en,148,b96a5e2e8d4b32aff5401e97c66942bf33f6c3c62a43609d,Answer:,1.0,,"Question: which languages are explored?

","['Bulgarian, Croatian, Czech, Danish, English, French, German, Indonesian, Italian, Norwegian, Persian, Polish, Portuguese, Slovenian, Spanish and Swedish'
 'Bulgarian, Croatian, Czech, Danish, English, French, German, Indonesian, Italian, Norwegian, Persian, Polish, Portuguese, Slovenian, Spanish , Swedish']",qasper,2697," The article explores 16 languages including Bulgarian, Croatian, Czech, Danish, English, French, German, Indonesian, Italian, Norwegian, Persian, Polish, Portuguese, Slovenian, Spanish, and Swedish.",qasper
en,148,914ecea04fa73d3a61afe04a4dabd1dc5b80a0aa66784a9b,Answer:,1.0,,"Question: How effective is their NCEL approach overall?

",['NCEL consistently outperforms various baselines with a favorable generalization ability'],qasper,4113, NCEL consistently outperforms various baselines with a favorable generalization ability.,qasper
en,148,757c3e92861be1ad45a06d157bb10fe162bd2163bc3baa6c,Answer:,1.0,,"Question: Is the data de-identified?

",['Yes' 'Yes'],qasper,4592, yes,qasper
en,148,1fc62062641bf85a160d7465aefb91870235e6c815b392cf,Answer:,1.0,,"Question: What was the baseline used?

",['error detection system by Rei2016' 'error detection system by Rei2016'],qasper,2132, The baseline used was the error detection system trained using only the available training set.,qasper
en,148,e7860b94e9aedb1f9b1e5a8839cb1424486c3f2dd69ee124,Answer:,1.0,,"Question: where did they obtain the annotated clinical notes from?

","['clinical notes from the CE task in 2010 i2b2/VA'
 'clinical notes from the CE task in 2010 i2b2/VA ']",qasper,3432, The annotated clinical notes were obtained from the 2010 i2b2/VA CE task.,qasper
en,148,ea4db579b5224fe0fa413ee436a5f4f56777dfa3e25d99d7,Answer:,1.0,,"Question: Why masking words in the decoder is helpful?

","[""ecause this process is similar to the cloze task in BERT's pre-train process, therefore by using the ability of the contextual language model the decoder can generate more fluent and natural sequences.""]",qasper,3919," Masking words in the decoder is helpful because it allows the model to focus on one word at a time, leveraging BERT's contextualized representations for more accurate and natural summary generation.",qasper
en,148,f3b5a2a6642523c5347d7612ee64a3378c6592ea58a0857e,Answer:,1.0,,"Question: Which dataset do they use?

","['Unanswerable' ' Paraphrase Database (PPDB) ,  book corpus'
 'Unanswerable']",qasper,1902, The article does not specify a particular dataset used.,qasper
en,148,10f50fd914b227d12f503b3ef4ac5fe772e70f44557c17b5,Answer:,1.0,,"Question: What features are used?

",['Unanswerable'],qasper,2108, TF-IDF features are used.,qasper
en,148,a49d38fea6e6ffd631d227f17753ce20624d17bd8a04ee03,Answer:,1.0,,"Question: How is the dataset annotated?

","['no evidence of depression, depressed mood, disturbed sleep, fatigue or loss of energy'
 'The annotations are based on evidence of depression and further annotated by the depressive symptom if there is evidence of depression']",qasper,1947," The dataset is annotated with 9,473 annotations for 9,300 tweets, where each tweet is labeled as no evidence of depression or evidence of depression, and if evidence is present, it is further annotated with one or more depressive symptoms.",qasper
en,148,591249c5522d87dcf4eeb6e1fc35bbf56a2290d23c83544d,Answer:,1.0,,"Question: Which eight NER tasks did they evaluate on?

","['BC5CDR-disease, NCBI-disease, BC5CDR-chem, BC4CHEMD, BC2GM, JNLPBA, LINNAEUS, Species-800'
 'BC5CDR-disease, NCBI-disease, BC5CDR-chem, BC4CHEMD, BC2GM, JNLPBA, LINNAEUS, Species-800']",qasper,2800, The eight NER tasks used in the evaluation are not explicitly named in the article.,qasper
en,148,c09598fc924dab440fb92fcd82dff116759ed11f5947b3c0,Answer:,1.0,,"Question: How was the training data translated?

","['using the machine translation platform Apertium '
 'machine translation platform Apertium BIBREF5']",qasper,2423, The training data was translated into Spanish using the machine translation platform Apertium.,qasper
en,148,679cbfcf05ceb304bfbc0f4ea24597aeff90611a76a374a2,Answer:,1.0,,"Question: What model did they use for their system?

",['AllWords model by counting the frequencies of all the remaining words and training a multinomial Naive Bayes classifier'],qasper,4177, They used a multinomial Naive Bayes classifier.,qasper
en,148,2561836b391d69be52ba4d97583238407f2fa80afef9a15b,Answer:,1.0,,"Question: What baselines do they compare with?

","['They compare with the following models: by Pedersen (2017), by Pramanick and Das (2017), by Mikhalkova and Karyakin (2017),  by Vadehra (2017), Indurthi and Oota (2017), by Vechtomova (2017), by (Cai et al., 2018), and CRF.']",qasper,2991, They compare with baselines that do not employ joint learning.,qasper
en,148,85a7083bae278e83df0fea37003937a9294638f488a18a83,Answer:,1.0,,"Question: In what language are the tweets?

",['English' 'English ' 'English'],qasper,2240, The tweets are in English.,qasper
en,148,c8ddf1d2e1192893ee5bf9e0ffdeb6762a7a2f719d299c28,Answer:,1.0,,"Question: How many layers does the UTCNN model have?

",['eight layers'],qasper,4487, The UTCNN model has three convolutional layers.,qasper
en,148,3f3d64d45cd4761fa7a9da94fbc4c41b27f3a7b856117638,Answer:,1.0,,"Question: what dataset is used in this paper?

",[' the same datasets as BIBREF7' 'same datasets as BIBREF7'],qasper,4661," The dataset used in this paper includes 70 million Flickr photos with coordinates in Europe, along with structured environmental data such as numerical and categorical features.",qasper
en,148,806667777a33e5aede1bd3a62cbb5562f99b2223f68b98fe,Answer:,1.0,,"Question: What are the clinical datasets used in the paper?

","['MEDDOCAN, NUBes-PHI' 'MEDDOCAN, NUBes ']",qasper,4528, The clinical datasets used in the paper are NUBes-PHI and MEDDOCAN.,qasper
en,148,ed98266f89745750cb92ebc16c941888f1b0291d405d14e2,Answer:,1.0,,"Question: What traditional linguistics features did they use?

",['Unanswerable'],qasper,3543, Unigrams and pragmatic features.,qasper
en,148,ede810c7fa069014dc1b6fe66c54079ce1fe81903c684600,Answer:,1.0,,"Question: What metrics are used to establish that this makes chatbots more knowledgeable and better at learning and conversation? 

","['Coverage, Avg. MCC and avg. +ve F1 score'
 'strategy formulation ability, we introduce a measure called Coverage( INLINEFORM0 ), To evaluate the predictive performance, we use Avg. MCC and avg. +ve F1 score']",qasper,5869," The metrics used are Coverage, Avg. MCC, and avg. +ve F1 score.",qasper
en,148,be6e56c9310a931e883d529da75b125058563bcf4d8d16d0,Answer:,1.0,,"Question: Do they employ their indexing-based method to create a sample of a QA Wikipedia dataset?

",['Yes' 'No'],qasper,1910, yes,qasper
en,148,78224546bfb859e5412a0d5ef1b030ea0b3844c9987c79ff,Answer:,1.0,,"Question: What experiments are conducted?

","['Irony Classifier, Sentiment Classifier for Irony, Sentiment Classifier for Non-irony, transformation from ironic sentences to non-ironic sentences']",qasper,4600, Experiments on both non-ironic to ironic and ironic to non-ironic sentence transformations are conducted.,qasper
en,148,34e4bb298d4e2c19c2fce8670a00196cddd9f361eeb09a9a,Answer:,1.0,,"Question: How does Gaussian-masked directional multi-head attention works?

","['pays attentions to adjacent characters and casts a localness relationship between the characters as a fixed Gaussian weight assuming the weight relies on the distance between characters'
 'Gaussian-masked directional attention can be described as a function to map queries and key-value pairs to the representation of input, Gaussian-masked directional attention expects to pay attention to the adjacent characters of each positions and cast the localness relationship between characters as a fix Gaussian weight for attention, Gaussian weight only relys on the distance between characters']",qasper,3612," Gaussian-masked directional multi-head attention works by applying a Gaussian weight matrix to the self-attention scores, emphasizing local relationships between characters and capturing directional information.",qasper
en,148,b80ef6cf65d0728f2a3a6c812d50121f97dc555c71d8871d,Answer:,1.0,,"Question: What types of social media did they consider?

",['Facebook status update messages' 'Facebook status update messages'],qasper,4005, Facebook.,qasper
en,148,c6aff9577f2b48117cc4b4d11e8acfc1ffb55ec48717b69b,Answer:,1.0,,"Question: What are the network's baseline features?

",[' The features extracted from CNN.'],qasper,4855, The network's baseline features are the features extracted from the baseline CNN model used for sarcasm detection.,qasper
en,148,9c415874c0c9fba5d1111bf3d9cb379fcbeff17fcccb560a,Answer:,1.0,,"Question: Which hyperparameters were varied in the experiments on the four tasks?

","['number of clusters, seed value in clustering, selection of word vectors, window size and dimension of embedding'
 'different number of clusters, different embeddings']",qasper,2753, The number of clusters and the type of word vectors were varied.,qasper
en,148,3b3fcd0ee773501a21c5eb6159746fa29bdc3498329525e5,Answer:,1.0,,"Question: How large is the corpus?

","['8,275 sentences and 167,739 words in total'
 'The corpus comprises 8,275 sentences and 167,739 words in total.']",qasper,2669, The corpus consists of 53 documents.,qasper
en,148,ca91b274c44baec976e7acbd926d7d823fd5a81e34dfcce1,Answer:,1.0,,"Question: Is it possible to convert a cloze-style questions to a naturally-looking questions?

",['Unanswerable' 'Unanswerable'],qasper,2764, yes,qasper
en,148,eb64a6b64d9837a23cd1824be1986861b0b23d98ff1c52b1,Answer:,1.0,,"Question: What NLP tasks do they consider?

","['text classification for themes including sentiment, web-page, science, medical and healthcare']",qasper,3591, They consider text categorization and sentiment classification.,qasper
en,148,0012658ce252037bf12bb47de21ea785b1ee2731e5bd809f,Answer:,1.0,,"Question: How larger are the training sets of these versions of ELMo compared to the previous ones?

",['By 14 times.' 'up to 1.95 times larger'],qasper,3294," The training sets for these versions of ELMo are significantly larger, with some corpora containing up to 280 million tokens.",qasper
en,148,547c0b203cd3f5e26ebf4709ca03599db12e8d1bb08bc1ba,Answer:,1.0,,"Question: How many sentences does the dataset contain?

",['3606' '6946'],qasper,2835, The dataset contains 6946 sentences.,qasper
en,148,d999910bed46747299b4c315cc345dc978d979252f65d39e,Answer:,1.0,,"Question: Which models/frameworks do they compare to?

","['MLP' 'Eusboost, MWMOTE']",qasper,2474," They compare to MLP, Eusboost, and MWMOTE.",qasper
en,148,b3d9af44008c13b316e929ad00b8eeea477fdbf5aa50eab7,Answer:,1.0,,"Question: Does their NER model learn NER from both text and images?

",['Yes' 'Yes'],qasper,3784, yes,qasper
en,148,2f457d7ab54cb1afc5be7e5171425354617f49b8f75d90fa,Answer:,1.0,,"Question: Do they evaluate only on English datasets?

",['Yes' 'Unanswerable'],qasper,4320, unanswerable,qasper
en,148,160075b535e7b0c17c873ce4ffc5bfc9735ba43fcff32757,Answer:,1.0,,"Question: What was their highest MRR score?

",['0.5115' '0.6103'],qasper,6810, Their highest MRR score was 0.6103.,qasper
en,148,dd771b6e98a15ceb55e41e4c6e948e1ab1248d51111fb5c1,Answer:,1.0,,"Question: What datasets do they evaluate on?

",[' Wall Street Journal (WSJ) portion of the Penn Treebank' 'Unanswerable'],qasper,4327, They evaluate on the Wall Street Journal (WSJ) portion of the Penn Treebank.,qasper
en,148,f0f715a6867aa0e4b6ef1eab6827162fba00296faa55114e,Answer:,1.0,,"Question: How do the authors evidence the claim that many engineers find it a big overhead to choose from multiple frameworks, models and optimization techniques?

",['By conducting a survey among engineers' 'Unanswerable'],qasper,1692, The authors evidence this claim by noting that existing frameworks require a large overhead of mastering framework details.,qasper
en,148,9de7829de79f59d8deeb2d8ecc1652d081394c258cbce691,Answer:,1.0,,"Question: On which benchmarks they achieve the state of the art?

","['SimpleQuestions, WebQSP' 'WebQSP, SimpleQuestions']",qasper,4524, On the SimpleQuestions and WebQSP benchmarks.,qasper
