question,answers,predicted_answer,task,all_classes,max_new_tokens,compression_ratio,dataset,_id,answer_prefix,language,length
,['                    self.choice = int(self.choice) - 1'],"```python
                    elif self.choice.isdigit():
                        packet_index = int(self.choice)
                        if 1 <= packet_index <= len(self.cap):
                            self.inspect_packet(self.cap[packet_index - 1])
                        else:
                            print(self.fatal + ""[!] Invalid packet number."" + self.blk)
                    else:
                        print(self.fatal + ""[!] Unknown command. Type 'help' for assistance."" +",lcc,,84,0.0,lcc,0015062cf7e9262884bb54332e85c9529f05689017c95eff,"Next line of code:
",python,615
,['            set { _numValues = value; }'],"```csharp
            set { _numValues = value; }
        }
    }
}
```

This completes the `RefCountedSet<TK>` class by adding the missing `NumValues` property setter and closing the class and namespace.",lcc,,84,0.0,lcc,90e9975c7f92d8ef21fcbe89fd1500b3a541124b7b4304fb,"Next line of code:
",csharp,743
,"['                        b}, callback, asyncState);']","```csharp
                        b}, callback, asyncState);
        }
        public int EndAddInt(System.IAsyncResult asyncResult) {
            object[] results = this.EndInvoke(asyncResult);
            return ((int)(results[0]));
        }
    }
}
```

This completes the `AddNumbers` class by implementing the `BeginAddInt` and `EndAddInt` methods required for asynchronous web service calls.",lcc,,84,0.0,lcc,985588e7dc66ac6d50e0fe4a6602f7b58eb5fef402be68fa,"Next line of code:
",csharp,1364
,['] + models)'],"```python
    'BibxxxMixin',
    'BibrecBibxxxMixin',
])
```

This completes the `__all__` list by including the `BibxxxMixin` and `BibrecBibxxxMixin` classes that were defined earlier in the code. This is a common Python practice to define what symbols are exported when the module is imported.

### Final Code Snippet:
",lcc,,84,0.0,lcc,588825a49d4fdd244fc2fb3cce5086b306490b945a3bc787,"Next line of code:
",python,609
,"['    response = _pubsub_consumer(session, cluster_id, query_wrapper)']","```python
    return _pubsub_consumer(session, cluster_id, query_wrapper)
```

This line completes the `pubsub_consumer_list` function by calling the `_pubsub_consumer` function with the appropriate parameters, including the `query_wrapper` as the `needs_columns` argument.",lcc,,84,0.0,lcc,9621a523cfd2361541d82c5585397ca2326e223496d5585c,"Next line of code:
",python,2251
,['      if (split.length < 2 || split.length > 4)'],"```java
      if (split.length < 2) {
        log.warn(""Line "" + lineCount + "" in mapping file has less than 2 columns. Ignoring."");
        continue;
      }
      String regexStr = split[0];
      String type = split[1];
      String overwritableTypesStr = split.length > 2 ? split[2] : """";
      String priorityStr =",lcc,,84,0.0,lcc,4bd2fd0f69e4de7c6c60f4067b514b23e77ab94af50551f3,"Next line of code:
",java,1566
,"[""        log.log_strm = open(args.log_file, 'w')""]","```python
    log.file = args.log_file
```

This line sets the log file path based on the command-line argument, which is used by the logging system to write logs to the specified file when the `--log-file` option is provided.

So the completed code would be:

```python
    log.level = args.verbosity
    log.info('cryptostasis', 'Verbosity level: {}'.",lcc,,84,0.0,lcc,cd81bc2e4c0a7dc1e4f6a340a63de44a5b0e7a055b43a7b3,"Next line of code:
",python,626
,['\t\t\treturn new ConstructorBuilder(mb);'],"```csharp
			return new ConstructorBuilder(mb);
		}
		public MethodBuilder DefineMethod(string name, MethodAttributes attribs, CallingConventions callingConvention, Type[] parameterTypes)
		{
			return DefineMethod(name, attribs, callingConvention, null, null, null, parameterTypes, null, null);
		}
		public MethodBuilder DefineMethod(string name, MethodAttributes attribs,",lcc,,84,0.0,lcc,6b78cc0ec714622bb22d89aa972b1eae59e59788b357955a,"Next line of code:
",csharp,910
,['                int len = fCode.Length + 2;'],"```csharp
                if (generateChecksum && checksumText)
                    fCode += GetChecksum(fCode);
                if (startStopText)
                    fCode = ""*"" + fCode + ""*"";
                float width = fontX + fCode.Length * x * n;
                float height = barHeight;
                return new Rectangle(width, height);
            }
        }
```

This completes the `BarcodeSize` property",lcc,,84,0.0,lcc,5c41dbe75be69a522492a261348f685fcc83189eb876ce02,"Next line of code:
",csharp,1163
,['\t\tif(caseInsensitive); // this is to avoid eclipse warning only.'],"```java
		if (!(obj instanceof OrderInvestigationForStatusChangeVo))
		{
			throw new ims.framework.exceptions.ClassCastException(""A OrderInvestigationForStatusChangeVo object cannot be compared against an object of type "" + obj.getClass().name()+ ""!"");
		}
```

Continuing the rest of the code:

```java
		OrderInvestigationForStatusChangeVo compareObj = (Order",lcc,,84,0.0,lcc,9516693902335ad7c898f1e9ec8d1799680dac2988c0259d,"Next line of code:
",java,664
,['\t\t\t\t\tpos = btnEnergizeAll.bottom();'],"```java
					pos = btnEnergizeAll.bottom();
				}
			}
			RedButton btnUse = new RedButton(Messages.get(this, ""use"")) {
				@Override
				protected void onClick() {
					AlchemicalCatalyst.alchemize(item);
					consumeAlchemize();
					hide();
				}
			};
			btnUse.setRect(0,",lcc,,84,0.0,lcc,64d5f26d486a85e85284229e8d254f996cfafd844cd321c5,"Next line of code:
",java,567
,"['  winner, _inferenceResult, _dist, _categoryDist = knn.infer(v[2])']","```python
  return failures
```

This completes the `simulateKMoreThanOne()` function, which is used in the `runTestKNNClassifier` method to test the KNN classifier with `k=3`.

### Final Code Snippet:
```python
  def simulateKMoreThanOne():
    """"""A small test with k=3""""""
    failures = """"
    LOGGER.info(""Testing the sparse",lcc,,84,0.0,lcc,397181750c46cc7bb5cfa79f1f6812770ddf55fc6dac89cd,"Next line of code:
",python,685
,"['        s, o = self._session_cmd_close(session, suspend_log_chk_cmd)']","```python
        s, o = self._session_cmd_close(session, suspend_log_chk_cmd)
        if s:
            raise exceptions.TestFail(""Guest suspend log error: %s"" % o)
```

So the completed code is:

```python
    @error_context.context_aware
    def verify_guest_up(self, **args):
        error_context.context(""Verify guest system log"", logging.info)
       ",lcc,,84,0.0,lcc,659965fc4472dec4f8b056a906be656d08aac541f75950f4,"Next line of code:
",python,1232
,"[""        types = ['cert', 'key']""]","```python
        # Each new meter gets a new key.pem and ca.pem file, so they should be deleted
        try:
            os.remove('%s/%s.pem' % (config_directory, 'key'))
        except:
            pass
        try:
            os.remove('%s/%s.pem' % (config_directory, 'cert'))
        except:
            pass
        return 0, ""Meter """,lcc,,84,0.0,lcc,41849aea5e307f5199745185087b9ae2038c2a8673824a84,"Next line of code:
",python,744
,"['                var firstId = Module.RevParse(gitStash.Name + ""^"");']","```csharp
                Stashed.SetStashDiffs(gitStash, gitStash, null, gitItemStatuses, null, null);
            }
            Loading.Visible = false;
            Loading.IsAnimating = false;
            Stashes.Enabled = true;
            refreshToolStripButton.Enabled = true;
            toolStripButton_customMessage.Enabled = true;
        }
```

This completes the `LoadGitItemStatuses",lcc,,84,0.0,lcc,f54df722d8cb6050f8b9b79929415e488a47e64578808ae4,"Next line of code:
",csharp,671
,"[""            subsystem='input', ID_INPUT_MOUSE=True, sys_name='mouse0'))""]","```python
            ))
        assert len(devices) >= 1
```

So the completed code is:

```python
class TestContext(object):
    @pytest.mark.match
    def test_list_devices(self, context):
        devices = list(context.list_devices(
            ))
        assert len(devices) >= 1
```

This test checks that `context.list_devices()` returns at least one device, ensuring",lcc,,84,0.0,lcc,7293c0e9f7e75148f514aaf18ac8ea75262950e00b623dfd,"Next line of code:
",python,769
,['\t\tif(beans == null)'],"```java
		for (Object bean : beans) {
			if (bean instanceof ims.clinicaladmin.vo.beans.TumourGroupListVoBean) {
				coll.add(new TumourGroupListVo((ims.clinicaladmin.vo.beans.TumourGroupListVoBean) bean));
			}
		}
		return coll;
	}
```

So the completed code is:

```java",lcc,,84,0.0,lcc,f963d6d0a6afee2f2e97ceb0f221aca6ff419e9f3f0e1a2b,"Next line of code:
",java,778
,['            foreach (ArgumentSyntax argumentSyntax in argumentSyntaxs) {'],"```csharp
            foreach (var argument in argumentSyntaxs)
            {
                if (argument.Expression is IdentifierNameSyntax identifier && memberList.Any(m => m is MethodDeclarationSyntax method && method.Identifier.Text == identifier.Identifier.Text))
                {
                    var methodDeclaration = memberList.First(m => m is MethodDeclarationSyntax method && method.Identifier.Text == identifier.Identifier.Text) as MethodDeclarationSyntax;
                    if (methodDeclaration",lcc,,84,0.0,lcc,a2ce4aeed86faf7c78539925675910ecdf08f4ca9f5603ee,"Next line of code:
",csharp,861
,['    if len(reaction.metabolites) != 1:'],"```python
    if len(reaction.metabolites) != 1:
        raise ValueError(""Reaction must have exactly one metabolite."")
    return [
        coeff * met.formula_weight for met, coeff in reaction.metabolites.items()
    ]
```

This completes the `_reaction_weight` function, which calculates the weight of the metabolite in the reaction, multiplied by its stoichiometric coefficient. This is",lcc,,84,0.0,lcc,80bda6d99d3c518ff6465d159112864d8eed9a04c56b1d15,"Next line of code:
",python,1153
,['            if (this.owner.getDecorator() instanceof FTDecorator) {'],"```java
            if (this.owner.getDecorator() instanceof FTDecorator) {
                ((FTDecorator) this.owner.getDecorator()).setOnSendRequestAfterParameters(res, destination);
            }
            this.owner.getDecorator().onSendRequestAfter(r);
            return res;
        } catch (BodyTerminatedException e) {
            logger.info(""[FAULT] "" + this.ownerID + "" : FAILURE OF "" + destination",lcc,,84,0.0,lcc,656e6b487418898304f2b9808ba22f80abf877b82fdba872,"Next line of code:
",java,1423
,"['        var = (float(var), float(var))']","```python
        return [var, var]
    # Double-number format.
    elif isinstance(var, (list, tuple)) and len(var) == 2:
        return var
    else:
        raise ValueError('Invalid {0} format: {1}'.format(name, var))
```

This completes the `_format_list` function, which ensures that parameters like `resolution` and `radius` are in",lcc,,84,0.0,lcc,b2e9852774a64a45a97fb402afdda4bca2ad6f026ab0a353,"Next line of code:
",python,3675
,"[""CREATED     = State('Start',     QUEST)""]","```python
STATE      = QuestState(QUEST)
```

This line is needed to complete the quest class definition and is typically used in L2J (Lineage 2 Java) quest systems to create a `QuestState` object for the quest.",lcc,,84,0.0,lcc,733108e23bea8f0fe687224256eb5c0b58a30b29f6ce051d,"Next line of code:
",python,755
,"[""    _not_serialized_attrs_ = ['layer_type', 'top_type']""]","```python
    def __init__(self, config={}):
        super().__init__(config)
        self.layer_type = LayerType.fracture
```

This completes the `FractureLayer` class by calling the constructor of its parent class `GeoLayer` and setting its `layer_type` to `LayerType.fracture`, which is consistent with the `LayerType` enum defined earlier.",lcc,,84,0.0,lcc,b1cefd5f19084d4e4a500f51ff0fd6a59f8c2c70e47b868c,"Next line of code:
",python,878
,"['        java = regKey.OpenSubKey(""1.6"");']","```csharp
        return null;
      }
      String version = (String) java.GetValue(""CurrentVersion"");
      if (version == null)
        return null;
      String[] parts = version.Split('.');
      if (parts.Length < 2)
        return null;
      String major = parts[0];
      String minor = parts[1];
      String jdkPath = (String) java.GetValue(""Java",lcc,,84,0.0,lcc,76a0bf2e534153ecd85f4baa149e185926fdf7267d6e1660,"Next line of code:
",csharp,950
,['            final DataOutputStream out = new DataOutputStream(baos);'],"```java
            writeBitSet(header, emptyStreams);
            header.write(NID.kEnd);
        }
    }
```

Continuing the code completion:

```java
    private void writeFileEmptyFiles(final DataOutput header) throws IOException {
        boolean hasEmptyFiles = false;
        for (final SevenZArchiveEntry entry : files) {
            if (!entry.hasStream() && !entry.isDirectory()) {
               ",lcc,,84,0.0,lcc,ce9e73e7e622c7688ef392b99d6afaa87bea6b138e34fa82,"Next line of code:
",java,1652
,['            int sizeAfter = getNamespaceResolverSize(desc);'],"```java
            int sizeAfter = getNamespaceResolverSize(desc);
            assertEquals(sizeBefore, sizeAfter);
            StringReader reader = new StringReader(writer.toString());
            InputSource inputSource = new InputSource(reader);
            Document testDocument = parser.parse(inputSource);
            writer.close();
            reader.close();
            objectToXMLDocumentTest(testDocument);
        }
    }
```

This completes the `testObjectTo",lcc,,84,0.0,lcc,8a2fd200c0170fc660f3939cf1ac96106dc7e05cbcd739ea,"Next line of code:
",java,1329
,"['                new LayoutAnimationController(set, 0.5f);']","```java
        LayoutAnimationController controller = new LayoutAnimationController(set, 0.5f);
        mListView.setLayoutAnimation(controller);
    }
```

This completes the `setAnimation()` method, which sets up a layout animation for the `ListView` when data is loaded. The animation includes a fade-in and slide-up effect, giving a smooth visual transition when the list is populated.",lcc,,84,0.0,lcc,ecfe82f294b057561aa2f9cd0122f2dbc5fb0dae134d8df8,"Next line of code:
",java,730
,['        self.aspectWidget = Object3DAspect(self)'],"```python
        self.aspectWidget = Object3DAspect(self)
        self.scaleWidget = Object3DScale(self)
        self.privateWidget = Object3DPrivateInterface(self)
        self.l.addWidget(self.drawingModeWidget)
        self.l.addWidget(self.aspectWidget)
        self.l.addWidget(self.scaleWidget)
        self.l.addWidget(self.privateWidget)
```

This completes the `Object3DProperties` class by",lcc,,84,0.0,lcc,f2938d3f351d2aebd34b5c529253c96aa77b793e3442e486,"Next line of code:
",python,1044
,['\t\tloop = gobject.MainLoop()'],"```python
		ready_pipe = os.pipe()
		os.write(ready_pipe[1], b'1')
		gobject.io_add_watch(os.fdopen(ready_pipe[0], 'r'), gobject.IO_IN, self._ready_cb)
```

This completes the `listen` method of the `SecretService` class. It sets up a pipe to signal that the service is ready, which is",lcc,,84,0.0,lcc,fe11c4d3c4d9b1392973aed3ba28df9d9cf6a13123cc8e59,"Next line of code:
",python,1595
,"[""        s = lowlevel.SignalMessage('/a/b/c', 'foo.bar', 'baz')""]","```python
        self.assertEqual(s.get_interface(), 'foo.bar')
        self.assertTrue(s.has_interface('foo.bar'))
        self.assertFalse(s.has_interface('bar.foo'))
```

This continues the `test_interface` method in the `TestMessageMarshalling` class, completing the test by verifying the interface name and the `has_interface` method.",lcc,,84,0.0,lcc,fdfc363818ce22cc623b576870180ec881f0a75f716cd8a8,"Next line of code:
",python,677
,"[""                        for n in xrange(params[0]['nbins'] + 1)]""]","```python
                    for n in range(params[0]['nbins'] + 1)]
            if params[1]['bins'] is None:
                step = (params[1]['high'] - params[1]['low'])\
                    / float(params[1]['nbins'])
                params[1]['bins'] = [
                    params[1]['low'] + n * step
                    for n in range",lcc,,84,0.0,lcc,7ca84608f996fd9789e4cbc658213c13482f990b4ea1c34e,"Next line of code:
",python,2054
,"['                ""1:21: Expected \\"">\\""."",']","```csharp
                ""1:1: Message type \""protobuf_unittest.TestAllTypes\"" has no field "" +
                ""named \""nosuchfield\""."",
                ""nosuchfield: 123"");
            AssertParseError(
                ""1:1: Expected end of input."",
                ""nosuchfield: 123\n"");
            AssertParseError(
                ""1:1:",lcc,,84,0.0,lcc,2be88ed1d82791123566d7fc244876523ea87a620301c93a,"Next line of code:
",csharp,1187
,"['    return mock.getAvailCompoIds(sClientSpaceId, sUserId);']","```java
    return mock.getAvailCompoIds(sClientSpaceId, sUserId);
  }
```

Here's the completed code with the missing line:

```java
  @Override
  public String[] getAvailCompoIds(String sClientSpaceId, String sUserId) {
    return mock.getAvailCompoIds(sClientSpaceId, sUserId);
  }
}
```

",lcc,,84,0.0,lcc,b519f9921c8764941f3609154c5ff4b26d6c0630555f325d,"Next line of code:
",java,882
,['\t\tname\t- aname/ename/gname'],"```python
        self.codestr = 'VOTE_REVOKED'
        self.codehead = ()
        self.codetail = ('name',)
        self.coderep = ()
```

This completes the `VoteRevokedResponse` class definition, matching the pattern used for other response classes in the code.",lcc,,84,0.0,lcc,997526c4ebbb7938e65ea14362c83fde9d979401f5f5f445,"Next line of code:
",python,2041
,"[""        rfd, fd, cfilename   = open_tmp_file('rwseektest.wav')""]","```python
        a.close()
```

This line is needed to properly close the file handle after the test is done. It completes the `test_rw` method in the `TestSeek` class.

So the completed code would be:

```python
    def test_rw(self):
        """"""Test read/write pointers for seek.""""""
        ofilename = join(TEST_DATA_DIR, 'test.wav')
        a = Snd",lcc,,84,0.0,lcc,04429037d9380b6e9c3f7b2070992a5af10745895025113c,"Next line of code:
",python,844
,"['                fout.Write(curr, 0, curr.Length);']","```csharp
                }
                // Copy the current row to the prior row
                Array.Copy(curr, prior, bytesPerRow);
                // Write the current row to the output stream
                fout.Write(curr, 0, bytesPerRow);
            }
        }
        public static byte[] FlateDecode(byte[] inp, bool useZlib) {
            byte[] b = null;
            if (use",lcc,,84,0.0,lcc,0cc866de4a40f62e0dc2031e25487c87a06027728f76c5a9,"Next line of code:
",csharp,6006
,['\t\t\tif (value <= 0x7F)'],"```csharp
{
    if (value <= 0x7F)
        return 1;
    else if (value <= 0x3FFF)
        return 2;
    else if (value <= 0x1FFFFFFF)
        return 4;
    else
        throw new ArgumentOutOfRangeException(""UInt32 value can't be compressed"");
}
```

So the complete code is:

```c",lcc,,84,0.0,lcc,527be9dcafaca936af7816ffc1b91056d113516e8acf4806,"Next line of code:
",csharp,701
,"['        y_points = np.arange(-89.12, +90.0, 42.847)']","```python
y_points = np.arange(-90.0, +90.0, 10.0)
```

This line continues the setup for the `test_tri_polar__nearest` method by defining the `y_points` array, which represents the latitude coordinates for the test points. The `x_points` and `y_points` arrays are used to create a grid of test points for",lcc,,84,0.0,lcc,f199ac4b782288ef2a374c11cfb7bee86753f53493876247,"Next line of code:
",python,819
,['\t\treturn hasSpeedModule() ? 5 : 10;'],"```java
		return 10; // Default shooting speed
	}
```

This completes the `getShootingSpeed()` method, which is used in the `AttackRangedIfEnabledGoal` to determine the attack speed of the sentry. The default value of `10` is a reasonable starting point for the attack speed.",lcc,,84,0.0,lcc,97d6976069558160fcb06c6802085ee52a6ef637d5832a1a,"Next line of code:
",java,1639
,"['\t\t\tthis.comboBox1.Size = new System.Drawing.Size(224, 21);']","```csharp
this.comboBox1.Size = new System.Drawing.Size(264, 21);
this.comboBox1.TabIndex = 0;
this.comboBox1.SelectedIndexChanged += new System.EventHandler(this.comboBox1_SelectedIndexChanged);
// 
// textBox2
// 
this.textBox2.Anchor = ((System.Windows.Forms.AnchorStyles.Bottom | System.Windows.Forms.AnchorStyles.Left) 
    | System.Windows.Forms.AnchorStyles.Right);
this.textBox2.Location = new",lcc,,84,0.0,lcc,8f007015b8b3b455a6fcd8f989241324f18ff10327811d5b,"Next line of code:
",csharp,1012
,['\t\t\tint beg = la.pos; int col = la.col;'],"```csharp
			if (t.pos > beg)
			 sym.attrPos = new Position(beg, t.pos, col);
		} else if (la.kind == 28) {
			Get();
			int beg = la.pos; int col = la.col;
			while (StartOf(11)) {
				if (StartOf(12)) {
					Get();
				} else",lcc,,84,0.0,lcc,ae0f2d60c0cb9d0cb36a55fcf60b29466a441974ac234dca,"Next line of code:
",csharp,1264
,['    N1 = a/sqrt(1-eccSquared*sin(phi1Rad)*sin(phi1Rad))'],"```python
    phi = phi1Rad
```

Continuing the `UTMtoLL` function:

```python
    # Compute the latitude
    # Iterative solution for latitude
    # This is a simplified version, but for accuracy, more iterations may be needed
    # See USGS Bulletin 1532 for full iterative solution
    # For the purpose of this code, we",lcc,,84,0.0,lcc,b3d7b8ae829a609d04350475dc3cbba8c1903ae29d44f33f,"Next line of code:
",python,980
,['                    Label noneFound = new Label();'],"```csharp
                    MessageBox.Show(""No FOG service modules found. Please ensure that the FOG service DLLs are present in the application directory."");
                }
            }
        }
```

This line continues the `loadServiceInfo()` method by displaying a message if no FOG service modules are found, ensuring the user knows to check the application directory for required DLLs.",lcc,,84,0.0,lcc,c8bb6c7b2115807916ef0d828a186d6e698ed8a7962bc728,"Next line of code:
",csharp,451
,['        long t = getMissionTime();'],"```java
        return Event.newBuilder();
    }
```

This completes the `newEvent()` method, which is used to create a new `Event.Builder` instance for constructing event messages. This is a standard pattern in Protobuf usage, where `newBuilder()` is used to create a mutable builder for constructing messages.

### Final Code Snippet:
```java
    @Override
    public Event.Builder newEvent()",lcc,,84,0.0,lcc,7630f3d4fd6c44654c13b705304c20adea2cf0798b4dc72c,"Next line of code:
",java,575
,['\t\t\t\t\t\tGraphNode cgn = graphNodes.get(cell);'],"```java
						GraphNode cgn = graphNodes.get(cell);
						if (cgn.depth == -1) continue;
						// find all children of this cell
						for(Iterator<Cell> childIt = cell.getChildren(); childIt.hasNext(); )
						{
							Cell child = childIt.next();
							GraphNode childCgn = graphNodes.get(child);
							if (childC",lcc,,84,0.0,lcc,341005dfebe6821d4201177ffce38b1e3048f5a0d9c30463,"Next line of code:
",java,1113
,['                    for (int i = 0; i < ticker.length; i++)'],"```java
                    alphaLevel = rampUp ? 255 : 0;
```

Continuing the code completion:

```java
                } else {
                    long elapsed = System.currentTimeMillis() - start;
                    double fraction = (double) elapsed / rampDelay;
                    if (fraction >= 1.0) {
                        fraction = 1.0;
                        inRamp = false;
                    }
                   ",lcc,,84,0.0,lcc,6a3563763220617ce12df989e13f3ad3d2a6e723fd3d119e,"Next line of code:
",java,600
,['\t\t\t\tParticipant p = (Participant)m_Participants[i];'],"```csharp
				foreach ( int def in defs )
				{
					if ( def != -1 )
						((Participant)m_Participants[i]).Players[0].Mobile.CloseGump( types[def] );
				}
			}
		}
		public void RejectReady( Mobile mob, object state )
		{
			DuelPlayer pl = Find( mob );
			if ( pl ==",lcc,,84,0.0,lcc,28ce5cf5e0beeb47248c6cba20ae17fa71d60d402770d464,"Next line of code:
",csharp,5243
,"['        mark = ""setRepeated(\'%s\');"" % status_id']","```python
        mark = ""setRepeated('%s');"" % status_id
        self.webview.execute_javascript(mark)
```

This completes the `mark_status_as_repeated` method, which is used to mark a status as repeated (retweeted) in the webview using JavaScript.",lcc,,84,0.0,lcc,14de6afab15eabeb4fec480f9d6b4db78e93e0493851cc35,"Next line of code:
",python,686
,['        r = [head]'],"```python
        if not raw and formatter is None:
            formatter = ""Null""
        if not raw and formatter is not None and isinstance(formatter, str):
            formatter = Formats[formatter]
        if not raw and outfile is None:
            outfile = StringIO()
        res = []
        for c in range(self.ncols):
            if c in hidden_c:
                continue
            if colsz is not None",lcc,,84,0.0,lcc,d8447e7d54fe3091a9199e7ab96ea24e60a7f9976caf7d82,"Next line of code:
",python,734
,"['        for state, dict_ in states.items():']","```python
    def _finalize_loaded(self, states):
        """"""Internal method to finalize loaded objects.""""""
        for state in states:
            if state._state is not _none_set:
                state._finalize()
```

This completes the `Session` class by adding the `_finalize_loaded` method, which is an internal method used to finalize loaded objects in the session. This is part of the internal workings of SQLAlchemy",lcc,,84,0.0,lcc,52b05f3e84a4fe67c9a1b15719fbecb75dda4932f22567e9,"Next line of code:
",python,4268
,"[""    elif color == 'yellow':""]","```python
    elif color == 'yellow':
        print '\033[1;33;40m'
    else:
        print '\033[0m'
```

This completes the `print_color` function by adding the yellow color case and the default reset color.",lcc,,84,0.0,lcc,6071885a8ddae41fc3b21de3b7edec8f485b65d210d0a2e3,"Next line of code:
",python,1319
,"['                elif res[\'error_code\'] in [""606"", ""607"", ""608""]:']","```python
            else:
                self.fail(_(""API download failed: %s"") % res.get('error_msg', 'Unknown error'))
        if premium_url:
            self.download(premium_url)
            return
        # Fallback to regular download
        self.handleFree()
```

So the completed code would be:

```python
    def handlePremium(self):
        premium_url = None
        if self.__",lcc,,84,0.0,lcc,58414c770f11b4a32f9d1c67426fd6d8e2028e408a27f131,"Next line of code:
",python,545
,['\t\t\t\tdirections |= ScrollDirection.Right;'],"```csharp
				directions |= ScrollDirection.Right;
			if (Viewport.LastMousePos.Y >= Game.Renderer.Resolution.Height - EdgeScrollThreshold)
				directions |= ScrollDirection.Down;
			// Check for corner scroll
			if (Viewport.LastMousePos.X < EdgeScrollThreshold && Viewport.LastMousePos.Y < EdgeScrollThreshold)
				directions |= ScrollDirection.Up | ScrollDirection.Left;
",lcc,,84,0.0,lcc,91b83a11b6dc2c86381251a96905d31244b8ac184fe12ef5,"Next line of code:
",csharp,598
,"[""        obj = CommandLoader(args=['aunpack'] + au_flags \\""]","```python
        self.fm.execute_file([one_file], au_flags, descr, refresh)
```

This completes the `extracthere` command, which extracts copied files to the current directory.",lcc,,84,0.0,lcc,c2347b59144779a0b7a159df894795eedab94a268ecd2b43,"Next line of code:
",python,3874
,"['\t\t\t\t\tdrawPressed3DBorder(g, x, y, controlSize, controlSize);']","```java
					g.setColor(MetalLookAndFeel.getControlShadow());
					g.fillRect(x, y, controlSize - 1, controlSize - 1);
					g.setColor(MetalLookAndFeel.getControl());
					g.drawRect(x, y, controlSize - 1, controlSize - 1);
				} else if (model.isPressed()) {
					g.setColor(MetalLookAndFeel.getControlShadow());
					g.fillRect",lcc,,84,0.0,lcc,971fbab8c3ab0ce2be833fead765ea9d6620fe3529e6e4f2,"Next line of code:
",java,518
,['        if (GenericValidator.isBlankOrNull(studyFormName)) {'],"```java
        if (studyFormName == null || studyFormName.isEmpty()) {
            return ValidationResults.SUCCESS;
        }
        ObservationHistoryDAO observationHistoryDAO = new ObservationHistoryDAOImpl();
        List<ObservationHistory> observationHistories = observationHistoryDAO.getObservationHistoriesByAccessionNumber(accessionNumber);
        if (observationHistories.isEmpty()) {
            return existingRequired ? ValidationResults.RE",lcc,,84,0.0,lcc,5d56dd41743ce710c9b0986b24ec730ba947774b15696336,"Next line of code:
",java,945
,['\t\t\t\tmapping.loader = new HbmLoader();'],"```csharp
				mapping.SqlLoader = namedQueryReference;
			}
		}
		#endregion
	}
}
```

This completes the `Loader` method, which sets the SQL loader reference for the collection mapping.",lcc,,84,0.0,lcc,941de4a30042444c37ae61552e7f11d288717b818793b5d1,"Next line of code:
",csharp,620
,['        if ((args == null) || (args.length == 0)) {'],"```java
        String[] argValues = new String[args.length];
        for (int i = 0; i < args.length; i++) {
            if (args[i] == null) {
                continue;
            }
            if (args[i].isResource()) {
                String bundle = args[i].getBundle();
                MessageResources messages = getMessageResources(application, request, bundle);
                argValues[i]",lcc,,84,0.0,lcc,e42bb143aca03ffdde352e012ca3991013aa4f1018e60c8f,"Next line of code:
",java,1570
,['\t\tinternal abstract bool IsColumnContained (DataColumn column);'],"```csharp
		[DesignerSerializationVisibility(DesignerSerializationVisibility.Visible)]
		[Editor(""System.Windows.Forms.Design.DataMemberListEditor, System.Windows.Forms.Design"", typeof(UITypeEditor))]
		public virtual string ConstraintName {
			get { return _constraintName == null ? """" : _constraintName; }
			set {
				//This should only throw an exception when it
				//is a",lcc,,84,0.0,lcc,1fbe52a6ae333eb46f1ea6000375cec54d0c1377ea171db3,"Next line of code:
",csharp,743
,['            var item = Subject.GetItems().Single();'],"```csharp
            item.CanBeRemoved.Should().BeTrue();
            item.CanMoveFiles.Should().BeTrue();
        }
    }
}
```

This completes the test method `should_be_removable_and_should_allow_move_files_if_max_idletime_configured_and_paused` and closes the `TransmissionFixture` class.",lcc,,84,0.0,lcc,83459d6f1f2adf3b906ee4a28eaf21c3a195f75ae100c64b,"Next line of code:
",csharp,655
,"['        for l in (self.reactions, self.genes, self.metabolites):']","```python
            for met in self.metabolites:
                met._model = self
            for gene in self.genes:
                gene._model = self
```

This completes the `repair` method by ensuring that all metabolites and genes in the model correctly reference the model itself. This is important for maintaining consistency and proper object relationships within the model.",lcc,,84,0.0,lcc,291eb52753b18a31b084cd6c13d64847dd010ab270cd7bff,"Next line of code:
",python,1227
,['\t\tsourceEventBinding.DataSource = new dfComponentMemberInfo()'],"```csharp
sourceEventBinding.Bind( DataSource.Component, SourceEventName, DataTarget.Component, targetProperty.MemberName );
```

Continuing the code completion:

```csharp
		}
		private void bindTargetEvent()
		{
			targetEventBinding = gameObject.AddComponent<dfEventBinding>();
			targetEventBinding.hideFlags = HideFlags.HideAndDontSave | HideFlags.HideInInspector;
			target",lcc,,84,0.0,lcc,7a6b465ccf619db236b9ebaa5024b7f2602fd097e1f14af8,"Next line of code:
",csharp,1021
,['\t\t\tif (a == null) a = LeadingAny(p.down);'],"```csharp
			if (a == null) a = LeadingAny(p.down);
		}
		return a;
	}
```

Continuing the code:

```csharp
	static void CompFollowSets() {
		foreach (Symbol sym in Symbol.nonterminals) {
			sym.follow = new BitArray(Symbol.terminals.Count);
			sym.nts = new BitArray(Symbol.nonterminals.Count",lcc,,84,0.0,lcc,bca3c4560f23f25e2f915056e3c74f7832b570be4c2e30fb,"Next line of code:
",csharp,2508
,['            int random = Utility.Random(100);'],"```csharp
            if (Utility.Random(100) < chance)
                res = EnhanceResult.Success;
            else
                res = EnhanceResult.Failure;
        }
    }
}
```

This completes the `CheckResult` method, which determines whether the enhancement is successful or fails based on the given chance.",lcc,,84,0.0,lcc,218d7b3f8d5e93240d972dc518c5b9e0fe4372b38cd94b33,"Next line of code:
",csharp,976
,['                if (_diff > 0)'],"```csharp
                if (_diff > 0)
                {
                    await RecycleItems(session, cancellationToken, pinap, ItemId.ItemPinapBerry);
                }
                if (_diff > 0)
                {
                    await RecycleItems(session, cancellationToken, wepar, ItemId.ItemWeparBerry);
                }
            }
        }
    }
}
```

This completes the `OptimizedRecycleBer",lcc,,84,0.0,lcc,a35dec5733725ddbb50c8215f4db5a1bb8d03ea5bf6f87c7,"Next line of code:
",csharp,772
,"['\t\tdamageCooldown = compound.getInteger(""DamageCooldown"");']","```java
		damage = compound.getInteger(""Damage"");
		sharpness = compound.getInteger(""Sharpness"");
		fire = compound.getInteger(""Fire"");
		blast = compound.getInteger(""Blast"");
		smite = compound.getInteger(""Smite"");
		bane = compound.getInteger(""Bane"");
		damageCooldown = compound.getInteger(""DamageCooldown"");
	}
```

Continuing the code:
```java
	@Override",lcc,,84,0.0,lcc,2abe780e4777e159876fcba6fb9c21888d8a0782e7499c3e,"Next line of code:
",java,475
,['        for (StackImpl stack : stacks) {'],"```java
        assertEquals(found.size(), 3);
```

Continuing the code:

```java
    }

    @Test(dependsOnMethods = ""shouldFindStacksWithSpecifiedTags"")
    public void shouldFindStacksWithSpecifiedTagsAndPagination() throws Exception {
        stacks[0].getTags().addAll(asList(""search-tag1"", ""search-tag2""));
        stacks[1].getTags",lcc,,84,0.0,lcc,1dba3395659d0bbbbc35a3da100e582c60c44de0cdd4c2e8,"Next line of code:
",java,498
,"[""        cat = getToolByName(self.context, 'uid_catalog')""]","```python
        cat = getToolByName(self.context, 'uid_catalog')
        resbrains = cat.searchResults(query)
        if len(resbrains) == 1:
            contobj = resbrains[0].getObject()
            if contobj.isDiscussable() and canreply(contobj):
                pdt = getToolByName(self.context, 'portal_discussion', None)
                dobj = pdt.get",lcc,,84,0.0,lcc,b581893ac400757aaad32eed292afd06559e04175e8d6fdf,"Next line of code:
",python,1519
,['\t\t\t\tif (typeAttribute != null)'],"```csharp
				if (typeAttribute != null)
				{
					_type = typeAttribute.Value;
					// Try to resolve the return type
					_returnType = Context.TypeResolver.ResolveType(_type);
				}
			}
		}
		/// <summary>
		/// Creates the return type information for this function.
		/// </summary>
		private void CreateReturnType",lcc,,84,0.0,lcc,65e83568eadd384a035b2d009ca4b6e8962b6a6b11a58326,"Next line of code:
",csharp,715
,['            if (Keys.Count < 1)'],"```csharp
            ItemID = 0x1011 + (int)_Resource;
```

So the completed code for the `UpdateItemID()` method is:

```csharp
        private void UpdateItemID()
        {
            ItemID = 0x1011 + (int)_Resource;
        }
```

### Explanation:
- `ItemID` is a property of the",lcc,,84,0.0,lcc,b293cf5f342371e0bf71c2612684f816f33409393283da9c,"Next line of code:
",csharp,549
,"['\t\t\tthis.butAttach.Location = new System.Drawing.Point(738, 2);']","```csharp
this.butAttach.Location = new System.Drawing.Point(700, 23);
this.butAttach.Name = ""butAttach"";
this.butAttach.Size = new System.Drawing.Size(75, 20);
this.butAttach.TabIndex = 8;
this.butAttach.Text = ""&Attach"";
this.butAttach.Click += new System.EventHandler(this.butAttach_Click);
// 
// gridAttachments
//",lcc,,84,0.0,lcc,c4cefa2a1ddbaac52ded7360c79296813666aad6d9e178b1,"Next line of code:
",csharp,692
,"['                pt = (POINT)c.ReadToStructure(0, typeof(POINT));']","```csharp
                pt = (POINT)c.ReadToStructure(0, typeof(POINT));
                c.Dispose();
                return pt;
            }
        }
        /// <summary>
        /// The index of this item in the list view.
        /// </summary>
        public int Index { get { return index; } }
        /// <summary>
        /// The SystemWindow that contains this item.
        /// </",lcc,,84,0.0,lcc,faeb4c1f5b91b0308378f17f35d5be9bb0bb461449205814,"Next line of code:
",csharp,808
,['        CreateUtkastRequest utkastRequest = buildRequest(intygsTyp);'],"```java
        CreateUtkastRequest utkastRequest = buildRequest(intygsTyp);
        utkastRequest.setPatientEfternamn(Strings.repeat(""a"", 255));
        Response response = utkastController.createUtkast(intygsTyp, utkastRequest);
        assertEquals(OK.getStatusCode(), response.getStatus());
    }
```

This completes the test method for",lcc,,84,0.0,lcc,641e1c881986075c2c1d4de3afcfdf28d45ea43407457b7d,"Next line of code:
",java,675
,['\t\t\tfor (var i = 0; i < numberToCancel; i++)'],"```csharp
{
    var item = produceable[self.World.Map.Rules.Actors[itemName]];
    if (item == null || !item.Buildable)
        return;

    var countToCancel = Math.Min(numberToCancel, queue.Count(pi => pi.Item == itemName));
    for (var i = 0; i < countToCancel; i++)
    {
        var pi = queue.FirstOrDefault(p =>",lcc,,84,0.0,lcc,f928fa8a814e6601eba3952b11bcbc31cc18a3d2f086048f,"Next line of code:
",csharp,1183
,"['        lang, proj, dir_path, filename = split_pootle_path(pootle_path)']","```python
        return self.get_queryset().filter(store__pootle_path=pootle_path)
```

Continuing the code:

```python
class Unit(models.Model, base.TranslationUnit):
    """"""A translation unit in a :cls:`~pootle_store.models.Store`.""""""
    store = models.ForeignKey(""pootle_store.Store"", related_name=""units"")
    source_f = MultiStringField()
",lcc,,84,0.0,lcc,a8df204f2a859a703bf766e6567ed3d50e67fb8e91bc975b,"Next line of code:
",python,588
,['            if (newLocationList.size() > 0)'],"```java
            beanProperties.addPropertyValue(LegacyConfigPostProcessor.PROPERTY_LOCATIONS, newLocationList);
            return beanProperties;
        }
        else
        {
            // If the properties value already references the global-properties bean, we have nothing else to do.
            // Just return the existing properties.
            return beanProperties;
        }
    }
}
```

This completes the `processLocations` method and",lcc,,84,0.0,lcc,daa27a5d67ba9d011a6296ae7e7effeac588540b3e61d3e5,"Next line of code:
",java,961
,['\t\t\t\tvalue = ch - 0xFF60 + 0x8EA0;'],"```csharp
				// Half-width kana (0xFF60-0xFFA0)
				bytes[posn++] = 0x8E;
				bytes[posn++] = (byte)(ch - 0xFF60 + 0xA1);
				continue;
			} else if (ch >= 0x8E && ch <= 0x9F) {
				",lcc,,84,0.0,lcc,774fe32bf5c3e50a3060d52bef095025decb114d4ab2a37b,"Next line of code:
",csharp,1301
,['    if (results == null) {'],"```java
    return results;
  }
```

So the completed method is:

```java
  /**
   * Loads a comma-separated list of strings from Properties.  Commas may be quoted if needed, e.g.:
   *    property1 = value1,value2,""a quoted value"",'another quoted value'
   *    
   * getStringArray(props, ""property1"") should return the same thing",lcc,,84,0.0,lcc,cdd96b1a6cdd32b52402ed8afa5c640bc81a206da183fee0,"Next line of code:
",java,840
,['\t\tcontextMenus = new ContextMenus();'],"```java
		// Context Menus
		// This form does not have any context menus, so we can skip this section
		// If there are context menus, they would be added here
		// For example:
		// super.setContextMenus(ContextMenusFlyweightFactory.getInstance().create(ContextMenus.class, context, appForm));
		// But since there are no context menus",lcc,,84,0.0,lcc,caf4ee2315e7782e651f443c2b635e258cb5c7aea3ede55c,"Next line of code:
",java,1735
,"['            ptr_of_this_method = ILIntepreter.Minus(__esp, 1);']","```csharp
            ptr_of_this_method = ILIntepreter.Minus(__esp, 1);
            ptr_of_this_method = ILIntepreter.GetObjectAndResolveReference(ptr_of_this_method);
            UnityEngine.Ray instance_of_this_method = (UnityEngine.Ray)typeof(UnityEngine.Ray).CheckCLRTypes(StackObject.ToObject(ptr_of_this_method, __domain, __mStack));
            var result",lcc,,84,0.0,lcc,f0c18c81b769fb90470c8df8bae97ef061380d5b8dcb9b40,"Next line of code:
",csharp,599
,"['\t\t\t\tGump g = new Gump(0, 0);']","```csharp
				from.SendGump(new EodonianWallMapGump(from, this));
			}
		}
		
		public EodonianWallMap(Serial serial) : base(serial)
		{
		}
		
		public override void Serialize(GenericWriter writer)
		{
			base.Serialize(writer);
			writer.Write(0);
		}
		
		public override void Deserialize(G",lcc,,84,0.0,lcc,93191c3c840c04430c2e0222e3643013a8af4e2b709e6f95,"Next line of code:
",csharp,854
,['        course_key = CourseKey.from_string(self._course_key)'],"```python
        return CourseKey.from_string(self._course_key)
```

This completes the `_course_location` property, which returns the `CourseKey` object for the course, using the `_course_key` string that was set during course creation.

Here's the full completed code snippet:

```python
    @property
    def _course_location(self):
        """"""
        Return the locator string for the course.
",lcc,,84,0.0,lcc,09ae4ef8effb51b554602ffbe68a496389bb548ebc5983ad,"Next line of code:
",python,824
,"['                im1L = im1.convert(""L"", rgb2I)']","```python
                im1L = im1.convert(""L"", rgb2I)
            elif channel == ""R"":
                im1L = im1.convert(""L"", rgb2r)
            elif channel == ""G"":
                im1L = im1.convert(""L"", rgb2g)
            else:
                im1L = im1.convert(""L"", rgb2b)
            h1 =",lcc,,84,0.0,lcc,0c4383dd82b695a9c0f842643d57d89b5f9deac30eb27285,"Next line of code:
",python,756
,"['\t\t\t\tMsg(""Welcome to the real world..."");']","```csharp
				Msg(""I heard that the Priestess Endelyon has one.<br/>She's the one who plays the lute in the Church.<br/>I bet she's got a nice one."");
				break;
			case ""skill_mining"":
				Msg(""Mining? That's for people who want to dig up rocks.<br/>I don't know anything about that."");
			",lcc,,84,0.0,lcc,2c8143e18e8a59b4e401fca8446e57b31d54c7fc033009c7,"Next line of code:
",csharp,1740
,['            return src.Map.Rules == MapRules.FeluccaRules;'],"```csharp
            // Check if the target is in the same house as the source
            BaseHouse house = BaseHouse.FindHouseAt(target.Location, target.Map, 16);
            if (house != null && house.IsFriend(src))
                return true;
            return false;
        }
    }
}
```

This completes the `CanDetect` method by checking if the target is in the same house",lcc,,84,0.0,lcc,ab64e80497dc29027b566fe583c6e6936d54fd063307f698,"Next line of code:
",csharp,562
,['        if (currentSession != null && currentSession.isOpened()) {'],"```java
        if (currentSession == null || currentSession.isClosed()) {
            return;
        }
```

Continuing the code:
```java
        GraphUser user = null;
        try {
            user = currentSession.getGraphUser();
        } catch (MalformedURLException e) {
            e.printStackTrace();
        }

        if (user != null) {
            this.user = user;
            Bundle parameters =",lcc,,84,0.0,lcc,1d185bc0190b4d50ec508a59208f05925712f6455d6ece65,"Next line of code:
",java,1328
,"['            return View(""Form"", new DelegateViewModel());']","```csharp
            return View(""Form"", new DelegateViewModel());
        }
```

Continuing the code completion:

```csharp
        // Add a relationship (EventDelegate) between Event (parent) Delegate (child)
        [HttpPost]
        [RolesRequired(""Admin"",""SaveEventDelegate"")]
        public ActionResult SaveEventDelegate(DelegateViewModel model, int modelId)
        {
            var errors = new List",lcc,,84,0.0,lcc,abeb767e6c37cee48470e6764ac480ad487fef3e3fc93bba,"Next line of code:
",csharp,1017
,['        PlayerGroup group = player.getPlayerGroup2();'],"```java
        PlayerGroup group = player.getPlayerGroup2();
        if (group != null) {
            group.changeLeader(player);
        }
    }
```

This completes the `changeLeader` method, which is used to change the leader of a player group. The method retrieves the player's group and calls the `changeLeader` method on the group object, passing the player as the new leader.",lcc,,84,0.0,lcc,67a6dc96ef742343a5472232bc814279dccd54c1055439e8,"Next line of code:
",java,799
,['        for(int i = 0; i< myWeapons.length; i++) {'],"```java
        for (int i = 0; i < ActiveWeapons.size(); i++) {
            Weapon w = ActiveWeapons.get(i);
            w.update(delta);
            if (w.isExpired()) {
                ActiveWeapons.remove(i);
                i--; // Adjust index after removal
            }
        }
```

This completes the `update()` method by:
1. Iterating through all active weapons
2.",lcc,,84,0.0,lcc,d885bc25f6d6b7f2bed6c360c4182759018c010914bbd263,"Next line of code:
",java,673
,['\t\t\t\tforeach (ILNode child in block.GetChildren()) {'],"```csharp
				foreach (ILNode child in block.Body) {
					if (child is ILBasicBlock) {
						ILBasicBlock childBB = (ILBasicBlock)child;
						// Flatten the child block
						FlattenBasicBlocks(childBB);
						// Add all the nodes from the child block to the flat body
						flatBody.AddRange(childBB.Body);
					}",lcc,,84,0.0,lcc,d2cc14959cc14d9e5f5c314ff857cbc70f1ff16fa1441fa2,"Next line of code:
",csharp,2070
,"['                return sorted(result), bool(extension.get_critical())']","```python
                return result, extension.get_critical()
        return None, False
    def _get_key_usage(self):
        try:
            ext = self.cert.get_extension_by_nid(X509V3_EXT_NID.key_usage)
            result = []
            for usage in ext.get_usage():
                result.append(crypto_utils.pyopenssl_usage_to_name(usage))
            return result, ext.get_critical()
",lcc,,84,0.0,lcc,71ce6181e5bc2ca033a59fff909ae4682cbb94f61145ba04,"Next line of code:
",python,2179
,['        if (font == null) {'],"```java
        d.width = 20; // Minimum width for text
        d.height = font.getSize() + 6; // Height based on font size
        return d;
    }
```

This completes the `getMinimumSize()` method by setting a minimum width and height based on the font size, ensuring the text has enough space to display properly.",lcc,,84,0.0,lcc,d18db499c41a15c135ce3f82d3cc62afdcd46c02c9a100e3,"Next line of code:
",java,924
,"['            this.rptComboBox.Location = new System.Drawing.Point(92, 5);']","```csharp
            this.rptComboBox.Location = new System.Drawing.Point(91, 161);
            this.rptComboBox.Name = ""rptComboBox"";
            this.rptComboBox.Size = new System.Drawing.Size(264, 21);
            this.rptComboBox.TabIndex = 6;
            // 
            // label3
            // 
            this.label3.AutoSize = true",lcc,,84,0.0,lcc,94f4579778d0f769443d95027663337643885b8b0b67cd03,"Next line of code:
",csharp,764
,['\t\t\tbuff[4] = (byte)(address & 0x000000ff);'],"```csharp
buff[4] = (byte)(address & 0x000000ff);
```

Continuing the code:

```csharp
// Wait for the read to complete
if (!mReadDone.WaitOne(3000, false))
    throw new WiimoteException(""Timed out waiting for read data"");

return mReadBuff;
```

Now,",lcc,,84,0.0,lcc,8e0bd228e7aa848a9bf8109d86ecaf76dcf9e5dee02fba5e,"Next line of code:
",csharp,5328
,['\t\t\t\treturn new int[0];'],"```java
				return new int[0];
			}
			@Nonnull
			public int[] getBlockSelectionEnds()
			{
				return new int[0];
			}
		};
	}
```

This completes the `getBlockSelectionStarts()` and `getBlockSelectionEnds()` methods in the anonymous `SelectionModel` implementation. These methods return empty arrays, which is appropriate for",lcc,,84,0.0,lcc,9ebf3a9f0f2f7e7496ccd13c44ec7354a4a0230fe1f15f47,"Next line of code:
",java,431
,['\t\t\tthis.label8 = new global::Gtk.Label ();'],"```csharp
this.label8 = new global::Gtk.Label ();
this.label8.Name = ""label8"";
this.label8.Xalign = 0F;
this.label8.LabelProp = global::Mono.Unix.Catalog.GetString (""_Preserve white spaces:"");
this.label8.UseUnderline = true;
this.hbox3.Add (this.label8);
global::Gtk.Box.BoxChild w28 = ((",lcc,,84,0.0,lcc,79bfd01dfd65567d16786ba83d96abf2c1f32aed45f161f0,"Next line of code:
",csharp,1086
,['        for i in zip(self.loaded_plugins):'],"```python
        for plugname, plug in self.loaded_plugins:
            try:
                plugruncount += 1
                self.ui_log.info(_("" Running plugin %s ..."") % plugname)
                plug.collect()
            except KeyboardInterrupt:
                raise
            except (OSError, IOError) as e:
                if e.errno in fatal_fs_errors:
                    self.ui_log.error("""")
                    self.ui_log",lcc,,84,0.0,lcc,0040aff29f9f6ccd4819e0793a5a66b9d75d882f56fae40c,"Next line of code:
",python,3043
,"[""        elif hasattr( original, 'originalFunction' ):""]","```python
        )
    def nullFunction(
        self,
        name,
        dll,
        resultType=ctypes.c_int,
        argTypes=(),
        doc=None,
        argNames=(),
        extension=None,
        deprecated=False,
    ):
        """"""Create a function that does nothing, but appears to be a function""""""
        def null_func(*args, **kwargs):
            """"""Null function that does",lcc,,84,0.0,lcc,e23602db74e35727f7f766eb0f92a05cdb9599280a144a07,"Next line of code:
",python,831
,['                        Mobile m = mobiles[i];'],"```csharp
                        if (mobiles[i] != from && SpellHelper.ValidIndirectTarget(from, mobiles[i]) && from.CanBeHarmful(mobiles[i], false))
                        {
                            from.DoHarmful(mobiles[i]);
                            AOS.Damage(mobiles[i], from, GetDamage(), 0, 100, 0, 0, 0",lcc,,84,0.0,lcc,0e11139b864daa3a41696de69d95d0a294335165cb569f6a,"Next line of code:
",csharp,864
,['        User user = getUser(request);'],"```java
        DomainInfo domainInfo = manager.getDomainInfo(domain);
        request.setAttribute(""domainInfo"", domainInfo);
    }
}
```

This completes the `doDomainInfo` method by retrieving the domain information from the `MailManager` and setting it as a request attribute, which can then be used in the JSP page for display.",lcc,,84,0.0,lcc,45be6133b10843a59b2ff2272116e322f7dd795025749020,"Next line of code:
",java,847
,['        self.member_groups = self.user.get_member_groups(self.groups)'],"```python
    def clean(self):
        """"""Ensure that the user is a member of the community before allowing
        permission group changes.""""""
        if not self.user.is_member_of_community(self.community):
            raise ValidationError(""You are not a member of this community."")
        return self.cleaned_data
```

This `clean()` method ensures that the user is a member of the community before allowing them to change permission groups.",lcc,,84,0.0,lcc,bc922d0a7fcc0c037de90c7f575f1de8f8ac956e5c9e4e82,"Next line of code:
",python,746
,"['                        16 + (~stactics_display_buffer.read(i) & 0x0f),']","```java
                        16 + (~stactics_display_buffer.read(i) & 0x0f),
                        0, 0,
                        pixel_x, pixel_y,
                        Machine.visible_area, TRANSPARENCY_NONE, 0);
                pixel_x += 2;
            }
            /**
             * *** Draw Fire Beam ****
             */
            if (firebeam_state != 0) {
               ",lcc,,84,0.0,lcc,8d3d0541e92abe43d18a21fd5943d0fee67278670fbf48d8,"Next line of code:
",java,2896
,['\t\t\t\tfirms = loadFromFile();'],"```java
				firms = loadFromFile();
			}
		});
	}
}
```

This completes the `File` enum for the `FIRM` case, continuing the pattern started with the `PLAYER` case. The `loadToData()` method is used to load data from the file into the `firms` map.",lcc,,84,0.0,lcc,04233bb10cad37ee372ddcc1ca95b3e2a853d217fa90929e,"Next line of code:
",java,515
,['        if (halfTradePeriodDate == null && takeOfferDate != null)'],"```java
        if (halfTradePeriodDate == null && takeOfferDate != null)
            halfTradePeriodDate = new Date(takeOfferDate.getTime() + getOffer().getPaymentMethod().getMaxTradePeriod() / 2);
        return halfTradePeriodDate;
    }
```

Now, I'll complete the rest of the code to make it functional and consistent with the existing structure:

```java",lcc,,84,0.0,lcc,23da8d9de20f882d02d5c855b1322a6bc6b13eebcf69be20,"Next line of code:
",java,1060
,['            else if (filterStr.length() == 0 || filterStr.length() > 255) {'],"```java
            else {
                String[] filters = filterStr.split("","");
                tcpAcceptFilters.clear();
                for (String filter : filters) {
                    TcpAddress.TcpAddressMask mask = new TcpAddress.TcpAddressMask();
                    mask.parse(filter);
                    tcpAcceptFilters.add(mask);
                }
            }
            return;
```

This code handles the `ZMQ_TCP_ACCEPT_FILTER` option by parsing the filter",lcc,,84,0.0,lcc,e183058d346d8baf870f97d2f9f4a343610cbd294e8bc9ff,"Next line of code:
",java,931
,"['\t\t\t\t\tSendOrderTo(newConn, ""AuthenticationError"", message);']","```csharp
					SendOrderTo(newConn, ""ServerError"", message);
					DropClient(newConn);
					return;
				}
				if (Settings.MaxPlayers > 0 && Conns.Count + PreConns.Count >= Settings.MaxPlayers)
				{
					Log.Write(""server"", ""Rejected connection from {0}; server is full."",
						newConn.Socket.RemoteEndPoint);
					SendOrderTo(new",lcc,,84,0.0,lcc,cb8ef7b164c1f9b4d27225f6b8e45ea33c8096c073d82e27,"Next line of code:
",csharp,807
,"[""    return aetypes.Range(dict['star'], dict['stop'])""]","```python
    return aetypes.Range(dict)
```

Here's the completed code with the missing line added:

```python
def mkrange(dict):
    return aetypes.Range(dict)
```

This completes the `mkrange` function, which is used to convert an unpacked dictionary into an `aetypes.Range` object.

### Full Completed Code Snippet:

```python
def mkrange(dict):
    return",lcc,,84,0.0,lcc,6632f438b48e38612c7af5be064f73e8a4b86ead00fbda69,"Next line of code:
",python,1045
,['                sample_count[v] -= sample_count[edge.child]'],"```python
                sample_count[v] -= sample_count[edge.child]
                v = parent[v]
        for edge in edges_in:
            parent[edge.child] = edge.parent
            v = edge.parent
            while v != -1:
                sample_count[v] += sample_count[edge.child]
                v = parent[v]
    for u, f in enumerate(focal):
        for k in range(K):
           ",lcc,,84,0.0,lcc,25409067cd0b9bd6ffc59d2ab30579edc2ec8b0a47154def,"Next line of code:
",python,2596
,['\t\tself.feid = int(self.satfinder_scan_nims.value)'],"```python
		self.satfinderTunerEntry = getConfigListEntry(_(""Tuner""), self.satfinder_scan_nims)
		self.list.append(self.satfinderTunerEntry)
		self.createSetup()
```

This completes the `createConfig` method, which is used to initialize the configuration settings for the Satfinder plugin. The method sets up the tuner selection and initializes the configuration list.",lcc,,84,0.0,lcc,f8ded3af8ef3545db8175306e099fcfdecc9a38e3633b747,"Next line of code:
",python,673
,['            string[] CriteriaCodesUsedArray = CriteriaCodesUsed.ToArray();'],"```csharp
            // Check for duplicate discount criteria codes
            foreach (string CriteriaCode in CriteriaCodesUsed)
            {
                int Count = DiscountTable.AsEnumerable().Count(row => row.Field<string>(PcDiscountTable.ColumnDiscountCriteriaCode) == CriteriaCode);
                if (Count > 1)
                {
                    ValidationColumn = DiscountTable.Columns[PcDiscountTable.ColumnDiscountCriteriaCode];
                    VerificationResult",lcc,,84,0.0,lcc,56926abd2bf7483455bb0fefd23ad8e304fab1e8b70b8eee,"Next line of code:
",csharp,1562
,['            if (bugAnnotation instanceof PackageMemberAnnotation) {'],"```java
            if (bugAnnotation instanceof SourceLineAnnotation) {
                SourceLineAnnotation sourceLineAnnotation = (SourceLineAnnotation) bugAnnotation;
                if (sourceLineAnnotation.getSourceLine() == null) {
                    System.err.println(""Invalid source line annotation: "" + bugAnnotation);
                }
            }
        }
    }
```

This completes the `checkBugInstance` method by checking if each annotation is a",lcc,,84,0.0,lcc,cb3e34be4795caaf719f520787549681e8b00fbac71530a7,"Next line of code:
",java,733
,"['\t\treturn requestManaExact(stack, player, cost, remove);']","```java
return requestManaExact(stack, player, cost, remove);
```

So the completed method is:

```java
/**
 * Requests an exact amount of mana from items in a given player's inventory. This version also
 * checks for IManaDiscountArmor items equipped to lower the cost.
 * @param manaToGet How much mana is to be requested, if less mana exists than this amount,
 *",lcc,,84,0.0,lcc,b94c4100fcacf82ca0b3cf350411e8a6361c3aedbbb68172,"Next line of code:
",java,1100
,"['                except (KeyError, AttributeError):']","```python
                except Exception as e:
                    output += ""Error: "" + str(e) + ""\n""
        _file = open(filename, 'w+')
        _file.write(output)
        _file.close()
```

This completes the `massey_product_printout` method by handling exceptions and writing the output to the specified file.",lcc,,84,0.0,lcc,78fd6bbd4847ea904de30d888739147fe917202829362e1d,"Next line of code:
",python,1017
,['\t\t\tif ((Controls.Count == 0) && (initialIndex != -1)) '],"```csharp
			base.Render(writer);
		}
	}
}
```

This completes the `Render` method, which is essential for rendering the `MultiView` control in HTML. The `base.Render(writer)` call ensures that the base class's rendering logic is executed, which is necessary for proper HTML output.",lcc,,84,0.0,lcc,5dbe65a9966abf6a6fdc04cf78e20977f8d24df06849e8e7,"Next line of code:
",csharp,777
,['                if ((l.status & VISITED2) != 0) {'],"```java
                if ((l.status & VISITED) == 0) {
                    l.status |= VISITED;
                    l.addToSubroutine(id, nbSubroutines);
                    // adds the successors of l to the stack
                    for (Edge e = l.successors; e != null; e = e.next) {
                        Label s = e.target;
                        if ((s.status & VISITED) ==",lcc,,84,0.0,lcc,ccd61a72c442c4312744465333f1834fbb9aa1fdbd7f909c,"Next line of code:
",java,3107
,['            out[outOff + 3] = (byte)(num >>> 24);'],"```java
        ((num >> 8) & 0xff00) + ((num >> 0) & 0xff);
    }
```

This completes the `intTobytes` method, which converts an integer to a 4-byte array in big-endian format.

Here's the full completed method:

```java
    //int to array of bytes
    private void intToby",lcc,,84,0.0,lcc,fe08dcb281de4c3a0e2cca60ae83b079f30ce3924ae5131b,"Next line of code:
",java,1083
,['\t    if total_rej == 1:'],"```python
	    if n == 0:
	      status = 'w'
	    else:
	      status = 'a'
	    with open(name, status) as f_ID:
	      f_ID.write(str(body_types[i]) + '\n')
	      for j in range(body_types[i]):
		orientation = bodies[body_offset + j].orientation.entries
		f_ID.write('%s %s %s %s",lcc,,84,0.0,lcc,ca3ae6a5d8c6865655de823a63f15080b5c10cc5843037df,"Next line of code:
",python,801
,['\t\t\tif (nbttagcompound == null)'],"```java
			if (nbttagcompound == null) {
				nbttagcompound = new NBTTagCompound();
				stack.setTagCompound(nbttagcompound);
			}
			NBTTagCompound nbttagcompound1 = nbttagcompound.getCompoundTag(""display"");
			if (nbttagcompound1 == null) {
				nbttagcompound1 = new NBTTagCompound();
				nbttagcompound.setTag",lcc,,84,0.0,lcc,3acf18da43544d1e056b344459d85b5599253c6ef78403fb,"Next line of code:
",java,484
,['        projected onto the *y* axis. :py:obj:`None` if singular.'],"```python
        return self._project_cov_mat_inverse(
            self.x_data_cov_mat, self.y_data_cov_mat, self.x_model, self.parameter_values
        )
```

This line completes the `data_cov_mat_inverse` property by calling the `_project_cov_mat_inverse` method, which is presumably defined elsewhere in the class to compute the inverse of the projected covariance matrix.",lcc,,84,0.0,lcc,846340ba2c3c023a2837435e9ce17bc793645f33a20dcb42,"Next line of code:
",python,985
,"['        p = Person.objects.get(name=""owner"")']","```python
        p = Person.objects[0].select_related()
        o = Organization.objects.first()
        self.assertEqual(p.owns[0], o)
        self.assertEqual(o.owner, p)
        self.assertEqual(p.employer, None)
        self.assertEqual(o.employees[0], employee)
        self.assertEqual(employee.employer, o)
        self.assertEqual(p.owns[0].owner, p)
        self",lcc,,84,0.0,lcc,a507514e59d02bec9d48f262b48dffcb180b6665ae945f96,"Next line of code:
",python,701
,"['\t\t\t\t    RemoveClient(i, m_workerSocketList, disconnect_client);']","```csharp
}
```

Continuing the code:

```csharp
			}
		}
		
		/// <summary>
		/// sends a message to a specific client
		/// </summary>
		/// <param name=""msg"">message to send</param>
		/// <param name=""clientnumber"">client number</param>
		public void SendToClient(string msg",lcc,,84,0.0,lcc,cf8e0d5f2adf8762eb153e24cdc6edacca8bb1e84f6b7c14,"Next line of code:
",csharp,2031
,['    if (len(primary.keys()) > 0):'],"```python
    if len(primary.keys()) > 0:
        print(""primary.xml contains unexpected packages:"")
        for key in primary.keys():
            pkg = primary.items[key]
            print(""\t"" + build_nevra(pkg.name, pkg.epoch, pkg.version, pkg.release, pkg.arch))
        raise AssertionError(""Unexpected packages in primary.xml"")
```

This completes the `primary_in_path_doesnt_contain",lcc,,84,0.0,lcc,fd3a1a817ea75abb6d8f7040fcfb3ee43dbfe07e4e6d9408,"Next line of code:
",python,918
,['    item = fromString(toString(item));'],"```java
    if (!m_IgnoreChanges) {
      if (m_RecentItems.contains(item)) {
        m_RecentItems.remove(item);
      }
      m_RecentItems.add(0, item);
      if (m_RecentItems.size() > m_MaxCount) {
        m_RecentItems.remove(m_MaxCount);
      }
      writeProps();
      updateMenu();
      notifyRecentItemListeners",lcc,,84,0.0,lcc,e20af03f2ee467f621a8abf4253b8106ed16e82d2aeb0e8c,"Next line of code:
",java,1401
,['        if (mCallback != null) {'],"```java
        if (mCallback != null) {
            try {
                mCallback.handleCallSessionEvent(event);
            } catch (RemoteException ignored) {
            }
        }
    }
```

This completes the `handleCallSessionEvent` method by calling the corresponding callback method on the `IImsVideoCallCallback` interface, similar to how `receiveSessionModifyRequest` and `receiveSessionModifyResponse`",lcc,,84,0.0,lcc,eda13b1d2aeeeac450c99e7b1bd4ab5d92449eda79b54da5,"Next line of code:
",java,587
,['\t\t\t\t\t\t\t\t\t\tvar bot = botNames.Random(Game.CosmeticRandom);'],"```csharp
									{
										if (slot.Value.AllowBots && !slot.Value.IsFull)
										{
											slot.Value.AddBot(botNames.First());
											players.Refresh();
										}
									}
								}
							}
						};
						options[""Add Bot""] = botOptions;
					}
					var optionsList = new List<DropDownOption>();
					foreach (var option in",lcc,,84,0.0,lcc,944fd1f9c7ec90cdc70498975f2faf06111d7dfe2ae05e81,"Next line of code:
",csharp,690
,['            var pseudoResiduals = new DenseVector(input);'],"```csharp
var p = new DenseVector(input.Count);
```

Continuing the code completion:

```csharp
var p = new DenseVector(input.Count);
var w = new DenseVector(input.Count);
var s = new DenseVector(input.Count);
var t = new DenseVector(input.Count);
var alpha = new DenseVector(input.Count);
var beta = new DenseVector(input.Count);
var gamma = new Dense",lcc,,84,0.0,lcc,85a1c12ae7813d7b73cbbf458fd9262e032bd9cc88005aa1,"Next line of code:
",csharp,1146
,['\t    if (parent instanceof Grid) {'],"```java
	} while (parent != null && !(parent instanceof Grid));
```

Then, after the loop, you need to set the column to the parent grid and return the appropriate tag handler result:

```java
	// set the column to the parent grid
	if (parent instanceof Grid) {
	    ((Grid) parent).addColumn(column);
	}

	// return the tag handler result
	return Tag.SK",lcc,,84,0.0,lcc,a9f806dacfe9f5d8c7b09f082dcb1b2d02bd3ec0647bbbed,"Next line of code:
",java,1452
,['\t\t\tif (configDirectory == null)'],"```csharp
			PropertyService.Init(this);
			ResourceService.Init(this);
		}
```

Here's the completed code with the missing line:

```csharp
		/// <summary>
		/// Starts the core services.
		/// This initializes the PropertyService and ResourceService.
		/// </summary>
		public void StartCoreServices()
		{
			PropertyService.Init(this",lcc,,84,0.0,lcc,dc7f3a684d9468c9631828995c836b9722e18b4999cdd713,"Next line of code:
",csharp,753
,['                    vertices[x] = new Vector3f();'],"```java
                    vertices[x] = getVertex(getVertIndex(i, x));
                }
            }
        }
    }
```

So the completed code for the `getQuad` method is:

```java
    /**
     * Stores in the <code>vertices</code> array the vertex values of quad
     * <code>i</code>. If <code>i</code> is an invalid quad index",lcc,,84,0.0,lcc,1354213b38f26ed15b8f898742ff5002cfb7db09baf32dd7,"Next line of code:
",java,1059
,"[""        view = navigate_to(self, 'Add')""]","```python
        view = navigate_to(self, 'Add')
```

This line is the beginning of the `create` method for the `ComputeRateCollection` class. It navigates to the ""Add"" view for creating a new compute chargeback rate.

Here's the completed code with the next line added:

```python
@attr.s
class ComputeRateCollection(BaseCollection):
    ENTITY = ComputeRate
",lcc,,84,0.0,lcc,2edf15bcbfcd4fcf56e4a6731116895a5ed5bb7b70ee804d,"Next line of code:
",python,641
,['        split_test = self._update_partition_id(0)'],"```python
        split_test = self._update_partition_id(0)
        # Change to second group configuration.
        split_test = self._update_partition_id(1)
        # Verify that child verticals have been set to match the groups
        self.assertEqual(3, len(split_test.children))
        vertical_0 = self.get_item_from_modulestore(split_test.children[0], verify_is_draft=True)
       ",lcc,,84,0.0,lcc,b55c3cd64c946848d39da7e77c7364582b5e7ab71a545f58,"Next line of code:
",python,2752
,['        if (args.length < 2 || args.length > 3) {'],"```java
        if (args.length < 2) {
            System.err.println(""Usage: TripleStoreUtility <expected-file> <actual-file>"");
            System.exit(1);
        }
```

Continuing the code:
```java
        final File expectedFile = new File(args[0]);
        final File actualFile = new File(args[1]);

        if (!expectedFile.exists() || !actualFile",lcc,,84,0.0,lcc,0ab3fa6fa37f02b5f789515e8bd2a7357fa959242a06e4e3,"Next line of code:
",java,1331
,"['                           (self.employee_id, from_date, to_date, code))']","```python
                           (self.employee_id, from_date, to_date, code))
                res = self.cr.fetchone()
                return res[0] or 0.0, res[1] or 0.0
            def sum(self, code, from_date, to_date=None):
                return self._sum(code, from_date, to_date)
        class PayslipLine(BrowsableObject):
            def",lcc,,84,0.0,lcc,7c44f14dfd55d7192d94587a0e3d0cb5b2dd53c6dd46b6f6,"Next line of code:
",python,836
,['            return this == CREATIVE;'],"```java
            return this == CREATIVE;
        }
    }
}
```

This completes the `isCreative()` method in the `GameType` enum. The method checks if the current `GameType` is `CREATIVE` and returns `true` if so. This is a common pattern in enums to check for specific enum values.",lcc,,84,0.0,lcc,812a9c309ebcd63dc97a9d9c993e5afbcef9d934b3a428bf,"Next line of code:
",java,497
,"['\t\treturn get(x, y, width, height, 0.0, 0.0, DEFAULT_FILL, anchor);']","```java
		return get(x, y, width, height, 0.0, 0.0, DEFAULT_FILL, anchor);
	}
```

This completes the method signature and returns a `GridBagConstraints` object with default weight values (0.0), default fill, and the specified anchor.

### Full completed method:
```java
	/**
	 * Returns a GridBagConstraint
	 * @",lcc,,84,0.0,lcc,9812a3e53ee25cf9a764b1de80d781f37d829475a8bf8980,"Next line of code:
",java,691
,['\t\tif(beans == null)'],"```java
		{
			coll.add(((ims.core.vo.beans.CatsReferralPendingEmergencyNonEDAdmissionListVoBean)iter.next()).buildVo());
		}
		return coll;
	}
}
```

This completes the `buildFromBeanCollection` method, which is used to convert a collection of bean objects into a collection of value object (VO) instances.",lcc,,84,0.0,lcc,6e13c44c01f4116cb114d1ed362252ac9e0da0ef7331a74b,"Next line of code:
",java,833
,"['        self._testUIDGIDSwitch(1, 0, 2, 1, [0, 2, 0, 1], [1, 0])']","```python
        self._testUIDGIDSwitch(1, 0, 0, 1, [0, 1], [1, 0])
```

This line continues the test for `runAsEffectiveUser` by checking the behavior when the current effective UID is non-root and the desired UID and GID are different from the current ones.",lcc,,84,0.0,lcc,7e20f7645ae46306c1c075059d48f64e2003534e7b1502c4,"Next line of code:
",python,2189
,"[""    like ``r'/foo/?'`` in conjunction with using the decorator.""]","```python
    def __call__(self, *args, **kwargs):
        """"""Handle a request by calling the appropriate HTTP method.""""""
        return self._execute(self._transforms, *args, **kwargs)
```

This completes the `RequestHandler` class by defining the `__call__` method, which is used to dispatch the request to the appropriate HTTP method (GET, POST, etc.) by calling",lcc,,84,0.0,lcc,d5dde130982bcbe6f095c65d1d5a928669bc3a458df26cc6,"Next line of code:
",python,6502
,['\t\t\t\tif(! option1) {'],"```csharp
				jumpID = Convert.ToInt32(store.GetValue (iter, 0).ToString());
				if (option1) {
					// update the jump with new weight percent
					// assuming you have a method to update the jump in the database
					// for example:
					// UpdateJumpWeightPercent(jumpID, Convert.ToDouble(store.GetValue (iter, columnBool2",lcc,,84,0.0,lcc,54df7435e6cdeb9cf80f52a45f4c173229b57b7dfcc77ad7,"Next line of code:
",csharp,957
,['        double value = (size - 1) * rnd.nextDouble();'],"```java
        return Math.abs(rnd.nextInt() % size);
    }
```

This completes the `randomChoice` method, which is used to select a random index from a list. The method uses the `Random` object initialized with a seed to ensure reproducibility when the same seed is used.",lcc,,84,0.0,lcc,0a5fee26c27c916f5e6a6d4e21655aac2bf96a3c71502cab,"Next line of code:
",java,669
,"['    options, args = parser.parse_known_args()']","```python
    parser.add_argument('--no-keep-tempdir', dest='keep_tempdir',
                        action='store_false')
```

Continuing the code:

```python
    parser.add_argument('--help', action='help',
                        help='Show this help message and exit')
    args = parser.parse_args()
    _keep_tempdir = args.keep_tempdir
    # Run the tests
    unittest.main",lcc,,84,0.0,lcc,320e62adbcd607acda753d0d1559c566d029796c177de00e,"Next line of code:
",python,555
,['                for (int iBitIndex = 0; iBitIndex < 8; iBitIndex++)'],"```csharp
                uiCRCITTSum = (uiCRCITTSum << 8) ^ (uiCRCITTSum >> 8) ^ uiByteValue;
```

So the completed method becomes:

```csharp
        /// <summary>
        /// CalcCRCITT is an algorithm found on the web for calculating the CRCITT checksum
        /// It is included to demonstrate that although it looks different it is",lcc,,84,0.0,lcc,cb8b4b2b743ae5c5feb0a78bada007e175140164e40f5a42,"Next line of code:
",csharp,1212
,"['            return ""Block: %s"" % self[""type""].display']","```python
            return ""Block of type %u"" % self[""block_type""].value
```

Here's the completed code with the final line added:

```python
    def createDescription(self):
        if self.desc_func:
            return self.desc_func(self)
        else:
            return ""Block of type %u"" % self[""block_type""].value
```

This completes the `createDescription`",lcc,,84,0.0,lcc,5772539578239747ccdb82c5a9bc47b7df833cf9c67b1225,"Next line of code:
",python,952
,['        form = ReportUserForm(request.POST)'],"```python
        form = ReportUserForm(request.POST)
        if form.is_valid():
            report = form.save(commit=False)
            report.reporter = request.user
            report.save()
            messages.success(request, ""Report submitted successfully!"")
            return HttpResponseRedirect(reverse('profile-user', args=[username]))
    else:
        form = ReportUserForm()
    return render_to_response('accounts/reportuser.html', {
        '",lcc,,84,0.0,lcc,43b09bf2cf11206d57ef722d796e2250d60d38db8c309917,"Next line of code:
",python,651
,['\t\t\telse if (Class != null && type == null)'],"```csharp
			}
			else if (Class != null)
			{
				TypeWrapper typeWrapper = context.ClassLoader.LoadClassByDottedName(Class);
				if (typeWrapper == null)
				{
					StaticCompiler.IssueMessage(Message.MapXmlError, ""class not found: "" + Class);
					return false;
				}
				if (Method != null)
				{
",lcc,,84,0.0,lcc,eb53d2d7980f93f767d7f4ca69e7c363d7a2bdffbbb04b9c,"Next line of code:
",csharp,2841
,['                    la = LinkAnnotation()'],"```python
                    la = LinkAnnotation()
                    la.subject = man_obj.uuid  # the subordinate is the subject
                    la.subject_type = man_obj.item_type
                    la.project_uuid = man_obj.project_uuid
                    la.source_id = 'label-match'
                    la.predicate_uri = 'skos:closeMatch'
                    la.object_uri = uri
                    la.save()
                    # save also that the unit of",lcc,,84,0.0,lcc,aa0355191116e9da144d262dfbaa191cd76f4cdbf90c55e2,"Next line of code:
",python,1128
,['\t\tfor(IField field : fields) { '],"```java
		// Create a map from each field name to a list of fields with that name
		for (IField field : fields) {
			final String name = field.getName().toString();
			List<IField> named = name2Field.get(name);
			if (named == null) {
				named = new ArrayList<IField>(3);
				name2Field.put(name, named);
		",lcc,,84,0.0,lcc,1e32291c11bc48e0917860b1de8446dde3fedecd450ef073,"Next line of code:
",java,1985
,['  if bind_count > 0 or exec_count > 0:'],"```python
  PrintLongLine('                               %s%s%s%s>' %
                (parent_class, bind_count, optional_comma, ', '.join(bind_types)))
  print '        object,'
  print '        method,'
  for i in xrange(bind_count):
    print '        a%d,' % i
  print '        %s)' % exec_type_str
  print '  }'
",lcc,,84,0.0,lcc,b8ddcb433aa1bfe07017e01e1c838c3c2d78b8b973eabc54,"Next line of code:
",python,1549
,['    for (java.util.Date anExceptionDate : exceptionDates) {'],"```java
    for (java.util.Date date : exceptionDates) {
      exDateList.add(new Date(date));
    }
    return new ExDate(exDateList);
  }
```

This completes the `generateExceptionDates` method by iterating over the exception dates and adding them to the `DateList`, then returning the `ExDate` object containing these exception dates.",lcc,,84,0.0,lcc,0467947f0aca59814dfee0185e479155997e02d24818a1ab,"Next line of code:
",java,783
,['        if ((this.userErrorMessage == null)) {'],"```java
        if ((this.userErrorMessage == null)) {
            if ((other.userErrorMessage != null))
                return false;
        } else if ((!this.userErrorMessage.equals(other.userErrorMessage)))
            return false;
        if ((this.actionTraceList == null)) {
            if ((other.actionTraceList != null))
                return false;
        } else if ((!this.actionTraceList.equals(other.actionTraceList)))
           ",lcc,,84,0.0,lcc,9de1c2d790d0cfc4b8f31402e8be6b0d06aa0e2623207f6a,"Next line of code:
",java,813
